line_id,seq,highway,lng,lat
30886633,0,motorway,123.5619611,41.8593631
30886633,1,motorway,123.5618356,41.8585646
30886635,0,motorway,123.5618356,41.8585646
30886635,1,motorway,123.5616825,41.85757
30886635,2,motorway,123.561565,41.8565701
30886635,3,motorway,123.5615553,41.8559747
30886635,4,motorway,123.5615792,41.8551771
30886635,5,motorway,123.5616331,41.8546311
30886635,6,motorway,123.5617804,41.8539314
30886635,7,motorway,123.5621188,41.8528833
30886635,8,motorway,123.563233,41.8502363
30886635,9,motorway,123.5648164,41.846604
30886712,0,trunk,123.4072353,41.8575881
30886712,1,trunk,123.4056951,41.8575341
30886712,2,trunk,123.4055606,41.8575284
30886712,3,trunk,123.4047255,41.8574844
30886712,4,trunk,123.4037735,41.8574344
30890807,0,trunk,123.4559225,41.7194056
30890807,1,trunk,123.4557237,41.7197039
30890807,2,trunk,123.4557113,41.7197167
30890807,3,trunk,123.4543093,41.7211648
30890807,4,trunk,123.4540735,41.7215245
30890807,5,trunk,123.4538369,41.7218303
30890807,6,trunk,123.452778,41.7233261
30890807,7,trunk,123.4525329,41.7236874
30890807,8,trunk,123.4524591,41.7237962
30890846,0,trunk,123.4360822,41.7489372
30890846,1,trunk,123.4358656,41.7491114
30890846,2,trunk,123.4355628,41.7493549
30890846,3,trunk,123.4350788,41.7497655
30890846,4,trunk,123.4334402,41.7510254
30890846,5,trunk,123.4330676,41.7513803
30900259,0,motorway,123.2857727,41.8411931
30900259,1,motorway,123.2869216,41.8423932
30900259,2,motorway,123.287644,41.8430497
32871625,0,trunk,123.5036463,41.6430541
32871625,1,trunk,123.5041178,41.6433508
32871625,2,trunk,123.504254,41.643439
32871625,3,trunk,123.505145,41.6439967
32871625,4,trunk,123.5069975,41.6451921
32871625,5,trunk,123.5085168,41.6461598
32871625,6,trunk,123.509411,41.6466806
32871625,7,trunk,123.5115076,41.6478563
32871625,8,trunk,123.5131321,41.6487073
32871625,9,trunk,123.5151009,41.6497139
32871625,10,trunk,123.5154825,41.6498895
32871625,11,trunk,123.5168452,41.6504874
32871625,12,trunk,123.5179399,41.6509326
32871625,13,trunk,123.5187024,41.6512271
32871625,14,trunk,123.5198381,41.6516776
32871625,15,trunk,123.5228544,41.6528928
32871625,16,trunk,123.5232663,41.6530529
32871627,0,trunk,123.5236587,41.6531881
32871627,1,trunk,123.5255697,41.6537327
32871627,2,trunk,123.5260485,41.6539406
32871704,0,primary,123.3647392,41.8175444
32871704,1,primary,123.3637562,41.8162146
32871717,0,trunk,123.3763678,41.7223893
32871717,1,trunk,123.3778699,41.7222348
32871717,2,trunk,123.3801025,41.7218933
32871717,3,trunk,123.3808486,41.7217889
32871717,4,trunk,123.3822091,41.7215984
32871717,5,trunk,123.3833856,41.7214529
32871717,6,trunk,123.3836223,41.7214243
32871834,0,primary,123.2843147,41.7568243
32871834,1,primary,123.2841598,41.7571679
32871834,2,primary,123.2838335,41.7575112
32871834,3,primary,123.2830288,41.7580155
32871834,4,primary,123.2816341,41.7586237
32871834,5,primary,123.2814088,41.7587518
32871834,6,primary,123.2812157,41.7589598
32871834,7,primary,123.2810333,41.759272
32871834,8,primary,123.2797559,41.7630793
32871834,9,primary,123.2789826,41.7650696
32871834,10,primary,123.2789003,41.7652553
32871834,11,primary,123.2783809,41.7667988
32871834,12,primary,123.2775728,41.768936
32871834,13,primary,123.2770811,41.7699001
32871834,14,primary,123.2764521,41.7710916
32871834,15,primary,123.2744887,41.7748362
32871834,16,primary,123.2743283,41.7752091
32871834,17,primary,123.2743707,41.7755804
32871834,18,primary,123.2745767,41.7797893
32871834,19,primary,123.2745686,41.7798939
32871840,0,primary,123.2400984,41.7626998
32871840,1,primary,123.2402782,41.7628414
32871840,2,primary,123.2403855,41.7629214
32871840,3,primary,123.2405411,41.7629614
32871840,4,primary,123.2510004,41.7628998
32871840,5,primary,123.256417,41.762929
32871840,6,primary,123.2630471,41.7629123
32871840,7,primary,123.2637524,41.762908
32871840,8,primary,123.2638587,41.7629073
32871840,9,primary,123.2645793,41.7629073
32871840,10,primary,123.2665504,41.7628593
32871840,11,primary,123.2670333,41.7628681
32871840,12,primary,123.2674915,41.7629136
32871840,13,primary,123.2683566,41.7630142
32871840,14,primary,123.2693768,41.7631725
32871840,15,primary,123.2715933,41.7635729
32871840,16,primary,123.2757892,41.764414
32871840,17,primary,123.2789826,41.7650696
32871851,0,primary,123.2442549,41.7412231
32871851,1,primary,123.2441849,41.7413199
32871851,2,primary,123.2418367,41.7445784
32871851,3,primary,123.2410311,41.7461225
32871851,4,primary,123.2407616,41.7466754
32871851,5,primary,123.2407438,41.746712
32871851,6,primary,123.2401138,41.7483999
32871851,7,primary,123.2395817,41.7507844
32871851,8,primary,123.2395811,41.7508521
32871851,9,primary,123.2395036,41.7598235
32871851,10,primary,123.2395061,41.7611759
32871851,11,primary,123.2395029,41.761462
32871851,12,primary,123.2395218,41.7620691
32871851,13,primary,123.2395701,41.7622052
32871851,14,primary,123.2396457,41.7623468
32871851,15,primary,123.2397721,41.7624673
32871851,16,primary,123.2398746,41.7625561
32871852,0,primary,123.2389632,41.7626216
32871852,1,primary,123.2390817,41.7625105
32871852,2,primary,123.2391946,41.7623852
32871852,3,primary,123.2392963,41.7622464
32871852,4,primary,123.2393663,41.7620851
32871852,5,primary,123.2393791,41.7614589
32871852,6,primary,123.2393841,41.761175
32871852,7,primary,123.2393782,41.7598233
32871852,8,primary,123.2394172,41.7508982
32871852,9,primary,123.2394174,41.7508422
32871852,10,primary,123.2399943,41.7483869
32871852,11,primary,123.2405869,41.7466799
32871852,12,primary,123.2408955,41.7460855
32871852,13,primary,123.2416841,41.7445246
32871852,14,primary,123.2440777,41.7412764
32871852,15,primary,123.244144,41.7411849
32871858,0,primary,123.2391693,41.7625252
32871858,1,primary,123.2394049,41.7624802
32871858,2,primary,123.2396477,41.7624908
32871858,3,primary,123.2398746,41.7625561
32871858,4,primary,123.2399956,41.7626201
32871858,5,primary,123.2400984,41.7626998
32871858,6,primary,123.2402129,41.7628466
32871858,7,primary,123.2402665,41.7630117
32871858,8,primary,123.2402547,41.7631813
32871858,9,primary,123.2401785,41.7633414
32871858,10,primary,123.2400441,41.7634785
32871858,11,primary,123.2399351,41.7635476
32871858,12,primary,123.2397109,41.7636294
32871858,13,primary,123.2394636,41.7636549
32871858,14,primary,123.239218,41.7636215
32871858,15,primary,123.2389987,41.7635326
32871858,16,primary,123.2388926,41.7634591
32871858,17,primary,123.2387576,41.7633026
32871858,18,primary,123.2386948,41.7631226
32871858,19,primary,123.2387105,41.7629369
32871858,20,primary,123.2388031,41.7627642
32871858,21,primary,123.2389632,41.7626216
32871858,22,primary,123.2391693,41.7625252
32872470,0,trunk,123.3020365,41.7784093
32872470,1,trunk,123.2997339,41.778786
32872470,2,trunk,123.2994285,41.7788167
32872470,3,trunk,123.2992772,41.7788319
32872470,4,trunk,123.2991158,41.7788481
32872644,0,primary,123.4325758,41.7519639
32872644,1,primary,123.431374,41.7535748
32872644,2,primary,123.4310094,41.7541127
32872644,3,primary,123.4293012,41.7565097
32872644,4,primary,123.4291584,41.7567067
32872644,5,primary,123.4290813,41.756811
32872644,6,primary,123.4289245,41.7571122
32872644,7,primary,123.4288736,41.7572728
32872644,8,primary,123.4288227,41.757446
32872644,9,primary,123.4287851,41.7576638
32872644,10,primary,123.4287663,41.7580992
32872644,11,primary,123.4287904,41.7585645
32872644,12,primary,123.4288253,41.7592598
32872644,13,primary,123.4289233,41.7612156
32872644,14,primary,123.429002,41.7628033
32872644,15,primary,123.4290733,41.764007
32872644,16,primary,123.4290886,41.7648883
32872645,0,trunk,123.4330676,41.7513803
32872645,1,trunk,123.432842,41.7516541
32872657,0,trunk,123.4412848,41.7447788
32872657,1,trunk,123.4411614,41.7448801
32872657,2,trunk,123.4387333,41.7468047
32872657,3,trunk,123.4371453,41.74809
32872657,4,trunk,123.4366696,41.748475
32872657,5,trunk,123.4360822,41.7489372
32872690,0,trunk,123.4221433,41.728891
32872690,1,trunk,123.4190907,41.7282204
32872690,2,trunk,123.4180481,41.7279898
32872690,3,trunk,123.4077354,41.7256993
32872690,4,trunk,123.4076535,41.7256811
32872690,5,trunk,123.4051063,41.7251153
32872749,0,trunk,123.516128,41.7473479
32872749,1,trunk,123.5169895,41.7478092
32872749,2,trunk,123.5192941,41.7492217
32872749,3,trunk,123.5193881,41.7492918
32872749,4,trunk,123.5249038,41.7534062
32872749,5,trunk,123.5250734,41.753533
32872749,6,trunk,123.5271887,41.7551148
32872749,7,trunk,123.5284206,41.7560599
32872749,8,trunk,123.5285415,41.75615
32872749,9,trunk,123.5286376,41.7562216
32872749,10,trunk,123.5315876,41.7584198
32872749,11,trunk,123.5345222,41.7606064
32872749,12,trunk,123.5345792,41.7606488
32872749,13,trunk,123.5361821,41.7618432
32872749,14,trunk,123.5380873,41.7632628
32872749,15,trunk,123.5382026,41.7633487
42607089,0,trunk,123.4614931,41.832664
42607089,1,trunk,123.4629082,41.8349196
42607089,2,trunk,123.4630285,41.8351196
42607089,3,trunk,123.4632014,41.835627
42607089,4,trunk,123.4633532,41.836685
42607089,5,trunk,123.4635198,41.8380295
42607089,6,trunk,123.4635927,41.8386903
42607089,7,trunk,123.464345,41.8412459
42607089,8,trunk,123.4647852,41.8426369
42607209,0,motorway,123.5476226,41.880441
42607209,1,motorway,123.5469464,41.880638
42607209,2,motorway,123.5463046,41.8807911
42609554,0,motorway,123.5486378,41.8800856
42609554,1,motorway,123.5476226,41.880441
42609591,0,motorway,123.5485875,41.8799251
42609591,1,motorway,123.5491128,41.8796958
42609591,2,motorway,123.5497997,41.8793772
42609591,3,motorway,123.5507366,41.878833
42609591,4,motorway,123.5514174,41.8783641
42609591,5,motorway,123.5524452,41.8774993
42609591,6,motorway,123.553653,41.8762919
42609591,7,motorway,123.5545333,41.8752929
42609591,8,motorway,123.5596805,41.8696111
42609591,9,motorway,123.5606485,41.8684578
42609591,10,motorway,123.5611377,41.8677749
42609591,11,motorway,123.5616197,41.8669624
42609591,12,motorway,123.5620201,41.8659974
42609591,13,motorway,123.5621736,41.8655526
42609591,14,motorway,123.5623181,41.8648718
42609591,15,motorway,123.5623973,41.864266
42609591,16,motorway,123.5624388,41.8630373
42609591,17,motorway,123.5623884,41.8621456
42609591,18,motorway,123.5622674,41.8612687
42644819,0,motorway,123.5334452,41.8827872
42644819,1,motorway,123.5305715,41.8832144
42644819,2,motorway,123.5287009,41.8835297
42644819,3,motorway,123.5272442,41.883862
42644819,4,motorway,123.5258562,41.8842449
42644819,5,motorway,123.524425,41.8847878
42644819,6,motorway,123.5228927,41.8854923
42644819,7,motorway,123.5216575,41.8862102
42644819,8,motorway,123.5202032,41.887209
42644819,9,motorway,123.5191097,41.8881279
42644819,10,motorway,123.5168295,41.8904134
42644819,11,motorway,123.51526,41.8918888
42644819,12,motorway,123.5140526,41.8929004
42644819,13,motorway,123.5129886,41.8936545
42644819,14,motorway,123.511464,41.8945951
42644819,15,motorway,123.5101532,41.8952843
42644819,16,motorway,123.5091568,41.8957397
42644819,17,motorway,123.5056418,41.897223
42644819,18,motorway,123.4963446,41.9009363
42644819,19,motorway,123.4941274,41.9018342
42644819,20,motorway,123.4930736,41.9022609
42644819,21,motorway,123.4909743,41.9031317
42644820,0,motorway,123.5433275,41.8813061
42644820,1,motorway,123.5420376,41.8814917
42644824,0,motorway,123.5475821,41.8802768
42644824,1,motorway,123.5485875,41.8799251
42644827,0,motorway,123.4073879,41.8924083
42644827,1,motorway,123.4087778,41.8929198
42644833,0,motorway,123.5417815,41.8813295
42644833,1,motorway,123.543246,41.8811178
42644834,0,motorway,123.543246,41.8811178
42644834,1,motorway,123.5453452,41.8808184
42644856,0,motorway,123.4836225,41.90604
42644856,1,motorway,123.4826728,41.9064503
42644857,0,motorway,123.4825684,41.9063565
42644857,1,motorway,123.4835906,41.9059413
42644899,0,motorway,123.490781,41.9030031
42644899,1,motorway,123.4929535,41.9021006
42644899,2,motorway,123.4962655,41.9007836
42644899,3,motorway,123.5022123,41.8984052
42644899,4,motorway,123.502591,41.8982491
42644899,5,motorway,123.5055329,41.8970388
42644899,6,motorway,123.5089511,41.8956349
42644899,7,motorway,123.5100205,41.8951528
42644899,8,motorway,123.511301,41.8944614
42644899,9,motorway,123.5128475,41.8935244
42644899,10,motorway,123.5138456,41.8928048
42644899,11,motorway,123.5151373,41.8917573
42644899,12,motorway,123.516262,41.8906822
42644899,13,motorway,123.5166429,41.890318
42644899,14,motorway,123.5188895,41.8880365
42644899,15,motorway,123.5200407,41.8871094
42644899,16,motorway,123.5215124,41.8860944
42644899,17,motorway,123.5228101,41.8853595
42644899,18,motorway,123.5243572,41.8846131
42644899,19,motorway,123.5258536,41.8840678
42644899,20,motorway,123.5271141,41.8837027
42644899,21,motorway,123.5285559,41.883389
42644899,22,motorway,123.5305226,41.8830431
42644899,23,motorway,123.5331396,41.8826543
42646941,0,motorway,123.2982455,41.9002271
42646941,1,motorway,123.3004989,41.898966
42646948,0,motorway,123.2983317,41.9002979
42646948,1,motorway,123.2965816,41.9013365
42646948,2,motorway,123.295208,41.9021912
42646948,3,motorway,123.2937382,41.903144
42646948,4,motorway,123.2923508,41.9040804
42646948,5,motorway,123.2911072,41.9049606
42646948,6,motorway,123.2829785,41.9107213
42646948,7,motorway,123.2811766,41.9119503
42646948,8,motorway,123.2795372,41.9129747
42646948,9,motorway,123.277271,41.9142104
42646948,10,motorway,123.2752214,41.9152146
42646948,11,motorway,123.2725868,41.9163769
42646948,12,motorway,123.2704352,41.9172108
42646948,13,motorway,123.2676056,41.9181992
42646948,14,motorway,123.2644484,41.9190418
42646948,15,motorway,123.2605391,41.9198575
42646948,16,motorway,123.2552297,41.920675
42646948,17,motorway,123.2490083,41.9216387
42646948,18,motorway,123.2451708,41.922365
42646948,19,motorway,123.2419857,41.9231058
42646948,20,motorway,123.2391579,41.9238468
42646948,21,motorway,123.2361943,41.9247791
42646948,22,motorway,123.2331948,41.9258198
42646948,23,motorway,123.2307494,41.9267971
42646948,24,motorway,123.2272403,41.9283739
42646948,25,motorway,123.2245527,41.9297313
42646948,26,motorway,123.2220075,41.931152
42646948,27,motorway,123.2204704,41.9319793
42646948,28,motorway,123.215092,41.9349618
42646948,29,motorway,123.2133488,41.9359363
42646948,30,motorway,123.2117331,41.9368126
42646948,31,motorway,123.2087649,41.9382803
42646948,32,motorway,123.2070124,41.9390628
42646948,33,motorway,123.2046185,41.940039
42646948,34,motorway,123.1969623,41.9428312
42646949,0,motorway,123.3004989,41.898966
42646949,1,motorway,123.3016129,41.8983764
42646949,2,motorway,123.3034574,41.8974524
42646949,3,motorway,123.3055658,41.8964511
42646950,0,motorway,123.3005936,41.8990476
42646950,1,motorway,123.2983317,41.9002979
42647054,0,motorway,123.3406977,41.87667
42647054,1,motorway,123.3382507,41.8789227
42647096,0,motorway,123.3406137,41.8766021
42647096,1,motorway,123.3428287,41.8745304
42647096,2,motorway,123.3434311,41.8738602
42647096,3,motorway,123.3439345,41.8731636
42647096,4,motorway,123.3441378,41.8727967
42647096,5,motorway,123.3442481,41.8724529
42647096,6,motorway,123.3442998,41.8721989
42647096,7,motorway,123.3443342,41.871909
42647096,8,motorway,123.3443312,41.8716859
42647106,0,motorway,123.3367252,41.880218
42647106,1,motorway,123.3355078,41.8811903
42647106,2,motorway,123.3338344,41.8824575
42647106,3,motorway,123.3314218,41.8841577
42647106,4,motorway,123.3292417,41.8855481
42647106,5,motorway,123.3274127,41.8866298
42647106,6,motorway,123.3253834,41.8877555
42647106,7,motorway,123.3231863,41.8888915
42647106,8,motorway,123.3213806,41.8897533
42647106,9,motorway,123.3195823,41.8905724
42647106,10,motorway,123.3175535,41.8914384
42647106,11,motorway,123.3110205,41.8941899
42648406,0,primary,123.5841287,41.952059
42648406,1,primary,123.5840284,41.9521287
42648406,2,primary,123.5837649,41.9521678
42648406,3,primary,123.5825682,41.9523227
42648406,4,primary,123.5805351,41.9527245
42648406,5,primary,123.5794338,41.9530155
42648406,6,primary,123.5785795,41.9532684
42648406,7,primary,123.5771732,41.953749
42648406,8,primary,123.5712137,41.955776
42648406,9,primary,123.5689256,41.9565953
42663880,0,primary,123.4622922,41.9529788
42663880,1,primary,123.4632308,41.9532792
42669103,0,primary,123.499617,41.9303472
42669103,1,primary,123.498097,41.9305336
42669103,2,primary,123.4969705,41.9306218
42669103,3,primary,123.4956294,41.9307419
42669103,4,primary,123.4921107,41.9307759
42669103,5,primary,123.490598,41.9307998
42669103,6,primary,123.4881113,41.9308866
42669103,7,primary,123.4862635,41.9309179
42669103,8,primary,123.4858897,41.9309243
42669103,9,primary,123.4834348,41.9309512
42669103,10,primary,123.4826843,41.9309462
42669103,11,primary,123.4825571,41.9309445
42669103,12,primary,123.4771619,41.930708
42669103,13,primary,123.4736606,41.9305328
42669103,14,primary,123.4688273,41.9302994
42669103,15,primary,123.4669636,41.9302094
42669103,16,primary,123.4662848,41.9301641
42669103,17,primary,123.4631789,41.9297096
42669103,18,primary,123.4601916,41.9292689
42669103,19,primary,123.4578986,41.9289231
42669103,20,primary,123.4545605,41.9284196
42669103,21,primary,123.4526141,41.9281368
42669103,22,primary,123.4523105,41.9280768
42669103,23,primary,123.4522157,41.9280629
42669103,24,primary,123.4464599,41.9272056
42669103,25,primary,123.4404697,41.9262675
42669103,26,primary,123.4403212,41.9262449
42669103,27,primary,123.4329381,41.9251051
42669103,28,primary,123.4325615,41.9250414
42669103,29,primary,123.4283139,41.9244349
42669103,30,primary,123.4243802,41.9238154
42669103,31,primary,123.4214053,41.9233753
42669103,32,primary,123.4205234,41.923226
42669103,33,primary,123.4202046,41.9231793
42669103,34,primary,123.4193235,41.9230386
42669103,35,primary,123.4144632,41.9222795
42669103,36,primary,123.413638,41.9220668
42669103,37,primary,123.4133393,41.9219782
42669103,38,primary,123.4129149,41.921844
42669103,39,primary,123.4122351,41.9215913
42669103,40,primary,123.4120346,41.9215034
42669103,41,primary,123.4119101,41.9214498
42669103,42,primary,123.4115287,41.921259
42669103,43,primary,123.4107395,41.9208445
42669103,44,primary,123.410376,41.9206329
42669103,45,primary,123.4094337,41.9201404
42669103,46,primary,123.4087935,41.9198432
42669103,47,primary,123.4083764,41.9196846
42669103,48,primary,123.4079269,41.9195488
42669103,49,primary,123.4074394,41.9194347
42669103,50,primary,123.4069477,41.9193567
42669103,51,primary,123.4063256,41.9193008
42669103,52,primary,123.4059653,41.9193127
42669103,53,primary,123.4058639,41.9193147
42669103,54,primary,123.405735,41.9193237
42669103,55,primary,123.4052848,41.9193587
42669103,56,primary,123.4027783,41.9194835
42669103,57,primary,123.3990226,41.9197098
42669103,58,primary,123.3971501,41.9198226
42669103,59,primary,123.3961957,41.9198751
42669103,60,primary,123.3958482,41.9198908
42669103,61,primary,123.3954526,41.9198787
42669103,62,primary,123.3949524,41.9198368
42669103,63,primary,123.3945481,41.9197649
42669103,64,primary,123.3938105,41.9195851
42669103,65,primary,123.3931248,41.9193747
42669103,66,primary,123.3929481,41.9193134
42669103,67,primary,123.392491,41.9192169
42669103,68,primary,123.392083,41.9191319
42669103,69,primary,123.3916696,41.9190774
42669103,70,primary,123.3912666,41.919054
42669103,71,primary,123.3907086,41.9190403
42669103,72,primary,123.3858043,41.9188195
42669103,73,primary,123.3806842,41.9185957
42669103,74,primary,123.3805843,41.9185936
42669103,75,primary,123.3753154,41.9183804
42669103,76,primary,123.3731333,41.9182647
42669103,77,primary,123.3666144,41.9179997
42669103,78,primary,123.3660052,41.9179504
42669103,79,primary,123.3654363,41.9178917
42669987,0,primary,123.3653837,41.9177613
42669987,1,primary,123.3655627,41.9177986
42669987,2,primary,123.3660212,41.9178511
42669987,3,primary,123.3666181,41.9178782
42669987,4,primary,123.3731371,41.9181638
42669987,5,primary,123.3753266,41.9182821
42669987,6,primary,123.3805923,41.9185138
42669987,7,primary,123.3806892,41.9185183
42669987,8,primary,123.3858172,41.9187234
42669987,9,primary,123.3907286,41.9189248
42669987,10,primary,123.391279,41.9189616
42669987,11,primary,123.3916728,41.9189819
42669987,12,primary,123.3920965,41.9190397
42669987,13,primary,123.3922361,41.9190608
42669987,14,primary,123.3925177,41.919121
42669987,15,primary,123.3930241,41.9192368
42669987,16,primary,123.3931892,41.9192936
42669987,17,primary,123.3937873,41.9194652
42669987,18,primary,123.3945949,41.9196688
42669987,19,primary,123.3949662,41.9197449
42669987,20,primary,123.3954561,41.9197856
42669987,21,primary,123.3958343,41.9197889
42669987,22,primary,123.3961741,41.9197844
42669987,23,primary,123.3971429,41.9197228
42669987,24,primary,123.4027756,41.9194106
42669987,25,primary,123.4059082,41.9192193
42669987,26,primary,123.4063591,41.9192147
42669987,27,primary,123.4069634,41.9192662
42669987,28,primary,123.4074631,41.9193541
42669987,29,primary,123.4079461,41.9194592
42669987,30,primary,123.4084153,41.9196018
42669987,31,primary,123.408859,41.9197617
42669987,32,primary,123.4095143,41.9200617
42669987,33,primary,123.4104411,41.9205644
42669987,34,primary,123.4108101,41.9207675
42669987,35,primary,123.4115889,41.9211881
42669987,36,primary,123.4119801,41.9213763
42669987,37,primary,123.4120954,41.9214317
42669987,38,primary,123.4122952,41.9215239
42669987,39,primary,123.4129513,41.9217724
42669987,40,primary,123.413364,41.9219141
42669987,41,primary,123.4136656,41.9219971
42669987,42,primary,123.4145047,41.9222128
42669987,43,primary,123.4179581,41.922744
42669987,44,primary,123.419339,41.9229319
42669987,45,primary,123.42024,41.9230836
42669987,46,primary,123.4205677,41.9231326
42669987,47,primary,123.4214147,41.923263
42669987,48,primary,123.4244129,41.9237298
42669987,49,primary,123.4283421,41.9243312
42669987,50,primary,123.4325907,41.9249379
42669987,51,primary,123.4329683,41.9250017
42669987,52,primary,123.4403558,41.9261417
42669987,53,primary,123.4405091,41.9261651
42669987,54,primary,123.4464868,41.927107
42669987,55,primary,123.4522342,41.9279776
42669987,56,primary,123.452329,41.9279914
42669987,57,primary,123.4526326,41.9280524
42669987,58,primary,123.4545891,41.928316
42669987,59,primary,123.4602196,41.9291652
42669987,60,primary,123.4632065,41.9296058
42669987,61,primary,123.466305,41.9300592
42669987,62,primary,123.4669744,41.9301039
42669987,63,primary,123.4688519,41.9302012
42669987,64,primary,123.4736731,41.930451
42669987,65,primary,123.47716,41.9306203
42669987,66,primary,123.4825473,41.9308647
42669987,67,primary,123.4826784,41.9308656
42669987,68,primary,123.4834411,41.9308729
42669987,69,primary,123.4858974,41.9308275
42669987,70,primary,123.4862609,41.930827
42669987,71,primary,123.4881175,41.9307987
42669987,72,primary,123.4913761,41.9306978
42669987,73,primary,123.4956154,41.9306318
42669987,74,primary,123.4969136,41.9305348
42669987,75,primary,123.4981475,41.930431
42669987,76,primary,123.4995681,41.9302667
42670738,0,trunk,123.3865262,41.9310192
42670738,1,trunk,123.3866359,41.9304877
42670738,2,trunk,123.3868229,41.93006
42670738,3,trunk,123.3870653,41.9295747
42670738,4,trunk,123.3874189,41.9290124
42670738,5,trunk,123.387774,41.9284468
42670738,6,trunk,123.3880036,41.9278736
42670738,7,trunk,123.3882375,41.9272976
42670738,8,trunk,123.3883533,41.9270323
42670738,9,trunk,123.3893527,41.9243736
42670738,10,trunk,123.3894472,41.9240674
42670738,11,trunk,123.3900222,41.9228477
42670738,12,trunk,123.3905561,41.9219695
42671107,0,trunk,123.3912072,41.9212211
42671107,1,trunk,123.3916948,41.9206668
42671107,2,trunk,123.3922684,41.9200636
42671107,3,trunk,123.3925469,41.9197629
42671107,4,trunk,123.3929481,41.9193134
42671107,5,trunk,123.3930241,41.9192368
42671107,6,trunk,123.3932858,41.9189812
42671107,7,trunk,123.3947823,41.9174403
42671107,8,trunk,123.395754,41.9164426
42671107,9,trunk,123.3966105,41.9155051
42671107,10,trunk,123.3971932,41.914787
42671107,11,trunk,123.3974431,41.9143992
42671107,12,trunk,123.3974974,41.9143218
42671107,13,trunk,123.3977222,41.9139929
42671107,14,trunk,123.3982692,41.9131871
42671107,15,trunk,123.4000323,41.9103888
42671107,16,trunk,123.4012516,41.9081557
42671107,17,trunk,123.4028838,41.9051661
42671107,18,trunk,123.4028938,41.905147
42671107,19,trunk,123.402926,41.9050933
42671107,20,trunk,123.4031038,41.9047717
42671178,0,trunk,123.3905561,41.9219695
42671178,1,trunk,123.3912072,41.9212211
42673218,0,trunk,123.209852,41.7880226
42673218,1,trunk,123.2126793,41.787663
42673218,2,trunk,123.2163958,41.787343
42673218,3,trunk,123.2200607,41.7870742
42673218,4,trunk,123.2207045,41.7870038
42673218,5,trunk,123.2212795,41.7869078
42673218,6,trunk,123.2265152,41.7856791
42673218,7,trunk,123.2277155,41.7854335
42673218,8,trunk,123.2291057,41.7851798
42673218,9,trunk,123.2298934,41.7850361
42673218,10,trunk,123.2328678,41.7844933
42673218,11,trunk,123.233758,41.7842935
42673218,12,trunk,123.2343564,41.7840993
42673218,13,trunk,123.2355851,41.7836645
42673218,14,trunk,123.2361577,41.7834894
42673218,15,trunk,123.2369853,41.7833095
42673218,16,trunk,123.2377478,41.7832207
42673218,17,trunk,123.2394069,41.7830751
42673218,18,trunk,123.2395955,41.7830585
42673218,19,trunk,123.2412698,41.7829173
42673218,20,trunk,123.2421362,41.7828245
42673218,21,trunk,123.2434038,41.7826293
42673218,22,trunk,123.2451385,41.7824116
42673218,23,trunk,123.245468,41.7823703
42673218,24,trunk,123.2471999,41.7822051
42673218,25,trunk,123.2493616,41.7820194
42673218,26,trunk,123.2502456,41.7819434
42673218,27,trunk,123.251066,41.7818729
42673218,28,trunk,123.2521757,41.7817775
42673218,29,trunk,123.2535305,41.781631
42673218,30,trunk,123.256368,41.7811972
42673218,31,trunk,123.2577135,41.7809975
42673218,32,trunk,123.2582573,41.7809168
42673218,33,trunk,123.2585756,41.7808806
42673218,34,trunk,123.2594694,41.7807788
42673218,35,trunk,123.2610922,41.7805938
42673218,36,trunk,123.2621548,41.7804512
42673218,37,trunk,123.2646128,41.7800177
42673218,38,trunk,123.2654135,41.7799265
42673218,39,trunk,123.266363,41.7798891
42673218,40,trunk,123.2676207,41.7798738
42673218,41,trunk,123.2678193,41.7798714
42673218,42,trunk,123.269469,41.7798514
42673261,0,motorway,123.2545898,41.7956379
42673261,1,motorway,123.2533159,41.7956087
42673343,0,motorway,123.2226357,41.7871894
42673343,1,motorway,123.2304548,41.7907668
42673343,2,motorway,123.2333082,41.7920517
42673343,3,motorway,123.2349905,41.792698
42673343,4,motorway,123.2369646,41.7933571
42673343,5,motorway,123.2391104,41.793965
42673343,6,motorway,123.2400435,41.7941864
42673345,0,motorway,123.2225161,41.7873346
42673345,1,motorway,123.2209367,41.7866114
42673352,0,motorway,123.2073046,41.7803658
42673352,1,motorway,123.200521,41.7772557
42673352,2,motorway,123.1981934,41.7762666
42673352,3,motorway,123.1956832,41.7752954
42673352,4,motorway,123.1930897,41.774306
42673352,5,motorway,123.1898787,41.7732715
42673352,6,motorway,123.1869381,41.7723444
42673352,7,motorway,123.1821748,41.7709027
42673353,0,motorway,123.2210564,41.7864662
42673353,1,motorway,123.2226357,41.7871894
42675365,0,motorway,123.2545915,41.7954884
42675365,1,motorway,123.2551589,41.795476
42675463,0,motorway,123.2533357,41.7954652
42675463,1,motorway,123.2545915,41.7954884
42675465,0,motorway,123.2533159,41.7956087
42675465,1,motorway,123.2501713,41.795579
42675465,2,motorway,123.2478045,41.7954635
42675465,3,motorway,123.24569,41.795309
42675465,4,motorway,123.2432711,41.7949934
42675465,5,motorway,123.2407506,41.7945237
42675465,6,motorway,123.2405003,41.794463
42675654,0,motorway,123.2664141,41.7915749
42675654,1,motorway,123.2663147,41.7911778
42675656,0,motorway,123.2663147,41.7911778
42675656,1,motorway,123.2661154,41.7904083
42675656,2,motorway,123.2660288,41.7897976
42675656,3,motorway,123.2659872,41.7891278
42675656,4,motorway,123.2659958,41.7885148
42675656,5,motorway,123.2660527,41.7879437
42675656,6,motorway,123.2661519,41.7874323
42675656,7,motorway,123.2663008,41.7869083
42675656,8,motorway,123.2663705,41.7866627
42675656,9,motorway,123.2666248,41.7860469
42675656,10,motorway,123.2670544,41.785127
42675656,11,motorway,123.2694032,41.7807694
42675656,12,motorway,123.271621,41.7764929
42675656,13,motorway,123.2751541,41.7699191
42675656,14,motorway,123.2757146,41.7687532
42675713,0,motorway,123.2674581,41.7949417
42675713,1,motorway,123.2672037,41.7941142
42675746,0,motorway,123.2672037,41.7941142
42675746,1,motorway,123.266669,41.7925281
42675873,0,motorway,123.269237,41.8007623
42675873,1,motorway,123.2691267,41.8003941
42675935,0,motorway,123.2696392,41.8003591
42675935,1,motorway,123.2697744,41.8007618
42675936,0,motorway,123.2773697,41.7652368
42675936,1,motorway,123.276649,41.7671366
42675936,2,motorway,123.2761396,41.768329
42675937,0,motorway,123.2699105,41.8028559
42675937,1,motorway,123.269739,41.8023113
42675939,0,motorway,123.269739,41.8023113
42675939,1,motorway,123.269237,41.8007623
42675940,0,motorway,123.2702411,41.8022342
42675940,1,motorway,123.2704338,41.8028245
42675941,0,motorway,123.2713643,41.8055518
42675941,1,motorway,123.2714278,41.8057803
42675941,2,motorway,123.2716655,41.8068591
42675941,3,motorway,123.271784,41.8077592
42675941,4,motorway,123.2718693,41.8092343
42675941,5,motorway,123.2719104,41.8132599
42675941,6,motorway,123.2720185,41.8186914
42675941,7,motorway,123.2721773,41.8204459
42675941,8,motorway,123.2725007,41.8219996
42675941,9,motorway,123.2729267,41.8233366
42675941,10,motorway,123.2733438,41.8243451
42675984,0,motorway,123.2761396,41.768329
42675984,1,motorway,123.2759272,41.7688042
42675991,0,motorway,123.2759272,41.7688042
42675991,1,motorway,123.2753849,41.7699318
42675991,2,motorway,123.2721076,41.7761268
42675991,3,motorway,123.270081,41.7800457
42675991,4,motorway,123.2690163,41.781918
42675991,5,motorway,123.2684119,41.783151
42675991,6,motorway,123.2670162,41.785845
42675991,7,motorway,123.2667809,41.7863695
42675991,8,motorway,123.2665743,41.7868813
42675991,9,motorway,123.2663881,41.7874292
42675991,10,motorway,123.2662774,41.7878963
42675991,11,motorway,123.2662369,41.7885088
42675998,0,motorway,123.2757146,41.7687532
42675998,1,motorway,123.2759197,41.7682728
42676009,0,motorway,123.2666962,41.7915026
42676009,1,motorway,123.2674948,41.7939357
42676011,0,motorway,123.2665959,41.7911474
42676011,1,motorway,123.2666962,41.7915026
42676018,0,motorway,123.2684254,41.7968014
42676018,1,motorway,123.2694615,41.7997666
42676018,2,motorway,123.2696392,41.8003591
42676022,0,motorway,123.2674948,41.7939357
42676022,1,motorway,123.2678059,41.794848
42676300,0,primary,123.1512928,41.7430588
42676300,1,primary,123.1515171,41.7432026
42676300,2,primary,123.1516598,41.743301
42676300,3,primary,123.1584262,41.7477341
42676300,4,primary,123.1635932,41.751187
42676300,5,primary,123.166812,41.7533384
42676300,6,primary,123.168357,41.7542412
42676300,7,primary,123.1699534,41.7550224
42676300,8,primary,123.1704481,41.75523
42676300,9,primary,123.1717387,41.7557715
42676300,10,primary,123.1740733,41.7564887
42676300,11,primary,123.1746312,41.7566359
42676300,12,primary,123.1769229,41.7571417
42676300,13,primary,123.1793433,41.7576476
42676300,14,primary,123.1805044,41.7578766
42676300,15,primary,123.181063,41.7579868
42676300,16,primary,123.1916256,41.7601217
42676300,17,primary,123.1949902,41.7607336
42676300,18,primary,123.196724,41.7610537
42676300,19,primary,123.1980078,41.7612373
42676300,20,primary,123.1987395,41.7613419
42676300,21,primary,123.1990071,41.7613802
42676300,22,primary,123.1996263,41.761453
42676300,23,primary,123.2014018,41.7616619
42676300,24,primary,123.2033244,41.7618476
42676300,25,primary,123.2059594,41.7620845
42676300,26,primary,123.2074653,41.7622116
42676300,27,primary,123.2134134,41.7627499
42676300,28,primary,123.2155541,41.7629066
42676300,29,primary,123.2176248,41.7629864
42676300,30,primary,123.219663,41.7630052
42676300,31,primary,123.219793,41.7630041
42676300,32,primary,123.2245904,41.762963
42676300,33,primary,123.2288359,41.7629399
42676300,34,primary,123.234206,41.7629491
42676300,35,primary,123.2380303,41.7629556
42676300,36,primary,123.2382928,41.7629456
42676300,37,primary,123.2384758,41.7629014
42676300,38,primary,123.2386954,41.7627946
42676300,39,primary,123.2389632,41.7626216
42676316,0,primary,123.2388926,41.7634591
42676316,1,primary,123.2386743,41.7633213
42676316,2,primary,123.2384704,41.7632333
42676316,3,primary,123.2382877,41.7632107
42676316,4,primary,123.2342059,41.7632316
42676316,5,primary,123.2287932,41.7632594
42676316,6,primary,123.2257835,41.7632753
42676316,7,primary,123.2245914,41.763278
42676316,8,primary,123.2197929,41.7632886
42676316,9,primary,123.2196619,41.7632889
42676316,10,primary,123.2179153,41.7632653
42676316,11,primary,123.2163896,41.7631985
42676316,12,primary,123.2150705,41.7631252
42676316,13,primary,123.2133973,41.7629766
42676316,14,primary,123.2066977,41.7623382
42676316,15,primary,123.2062924,41.7622996
42676316,16,primary,123.2059311,41.7622652
42676316,17,primary,123.2040022,41.7620918
42676316,18,primary,123.2032941,41.7620282
42676316,19,primary,123.2013671,41.7618421
42676316,20,primary,123.1996401,41.7616389
42676316,21,primary,123.1989651,41.7615595
42676316,22,primary,123.1980114,41.7614231
42676316,23,primary,123.1966717,41.7612315
42676316,24,primary,123.1949297,41.7609099
42676316,25,primary,123.1916214,41.7602945
42676316,26,primary,123.1810403,41.7581708
42676316,27,primary,123.1804794,41.7580598
42676316,28,primary,123.1792792,41.7578231
42676316,29,primary,123.1768554,41.7573166
42676316,30,primary,123.1750656,41.7569216
42676316,31,primary,123.1745558,41.7568091
42676316,32,primary,123.1739861,41.7566587
42676316,33,primary,123.1716321,41.7559356
42676316,34,primary,123.1698266,41.755178
42676316,35,primary,123.1680174,41.7543326
42676316,36,primary,123.1666552,41.753478
42676316,37,primary,123.1634411,41.7513298
42676316,38,primary,123.1582874,41.7478856
42676316,39,primary,123.1515317,41.7434245
42676316,40,primary,123.1513873,41.7433356
42676316,41,primary,123.1510231,41.7431114
42676453,0,trunk,123.2301635,41.735001
42676453,1,trunk,123.2307044,41.7357338
42676453,2,trunk,123.2313246,41.7365567
42676453,3,trunk,123.2325702,41.7374878
42676453,4,trunk,123.2334822,41.73784
42676453,5,trunk,123.23677,41.7386026
42676453,6,trunk,123.2381678,41.7388458
42676453,7,trunk,123.2383037,41.7388768
42676453,8,trunk,123.239653,41.7393611
42676453,9,trunk,123.239821,41.739414
42676453,10,trunk,123.2415524,41.7400616
42676453,11,trunk,123.244144,41.7411849
42676453,12,trunk,123.2442549,41.7412231
42676453,13,trunk,123.2465331,41.7422396
42676453,14,trunk,123.2497617,41.7437431
42676453,15,trunk,123.2528173,41.7451438
42676453,16,trunk,123.2535225,41.7454642
42676453,17,trunk,123.2550599,41.7465253
42676453,18,trunk,123.2573802,41.7481676
42676453,19,trunk,123.2596381,41.749733
42676453,20,trunk,123.2597969,41.7498427
42676453,21,trunk,123.2602183,41.7501165
42676453,22,trunk,123.2609585,41.7506616
42676453,23,trunk,123.2615524,41.7510553
42676453,24,trunk,123.2623113,41.7514837
42676453,25,trunk,123.2628391,41.7517548
42676453,26,trunk,123.2640593,41.7522662
42676453,27,trunk,123.2665676,41.7533026
42676453,28,trunk,123.2666603,41.753343
42676551,0,trunk,123.229831,41.7343984
42676551,1,trunk,123.2301635,41.735001
42677889,0,motorway,123.3046837,41.7098514
42677889,1,motorway,123.3076604,41.7039515
42677889,2,motorway,123.3087235,41.7018951
42677889,3,motorway,123.311179,41.6968728
42677889,4,motorway,123.313182,41.6925722
42677889,5,motorway,123.3140093,41.6903415
42677889,6,motorway,123.3142768,41.689302
42677889,7,motorway,123.3144186,41.6886321
42679064,0,motorway,123.6205344,41.581388
42679064,1,motorway,123.6164363,41.5830387
42679064,2,motorway,123.6125978,41.5847549
42679064,3,motorway,123.6088357,41.5865538
42679064,4,motorway,123.6057651,41.587854
42679064,5,motorway,123.6020766,41.5892406
42679064,6,motorway,123.5991162,41.5901434
42679064,7,motorway,123.5888744,41.5931404
42679064,8,motorway,123.5876178,41.5935112
42679064,9,motorway,123.5864626,41.593979
42679064,10,motorway,123.585198,41.5945868
42679064,11,motorway,123.5836737,41.5956704
42679064,12,motorway,123.5795725,41.5994379
42679064,13,motorway,123.5773589,41.6014918
42679064,14,motorway,123.5758918,41.6026595
42679064,15,motorway,123.5747628,41.6033483
42679064,16,motorway,123.5735191,41.6039548
42679064,17,motorway,123.5719368,41.6044794
42679064,18,motorway,123.570424,41.6048526
42679064,19,motorway,123.5649013,41.6059267
42679064,20,motorway,123.562901,41.6063157
42679064,21,motorway,123.5602107,41.6069526
42679064,22,motorway,123.5594201,41.6072134
42679064,23,motorway,123.5587154,41.6074823
42679064,24,motorway,123.5573941,41.6080831
42679064,25,motorway,123.5560965,41.608909
42679064,26,motorway,123.5551505,41.6096488
42679064,27,motorway,123.5542589,41.6105533
42679064,28,motorway,123.5505384,41.6151086
42679064,29,motorway,123.5454875,41.6214703
42679064,30,motorway,123.5442586,41.6231383
42679064,31,motorway,123.5434083,41.6244401
42679064,32,motorway,123.5425672,41.6259723
42679064,33,motorway,123.5419926,41.6272695
42679064,34,motorway,123.5414894,41.628704
42679064,35,motorway,123.5411636,41.6298698
42679064,36,motorway,123.5392259,41.6376691
42679064,37,motorway,123.538831,41.63928
42682388,0,primary,123.3169311,41.6602214
42682388,1,primary,123.3193721,41.6605806
42682388,2,primary,123.3199731,41.660669
42682388,3,primary,123.3201738,41.6607045
42682388,4,primary,123.3202892,41.6607205
42682388,5,primary,123.3204131,41.6607385
42682388,6,primary,123.3211771,41.6608489
42682388,7,primary,123.3219071,41.6609584
42682388,8,primary,123.3242031,41.6613027
42682388,9,primary,123.3252569,41.6614607
42682388,10,primary,123.3266243,41.6616657
42682388,11,primary,123.3279868,41.66187
42682388,12,primary,123.3312208,41.6623514
42682388,13,primary,123.3319418,41.6624587
42682388,14,primary,123.3326087,41.662558
42682388,15,primary,123.3333404,41.6626655
42682389,0,primary,123.3944579,41.745819
42682389,1,primary,123.3951991,41.743921
42682389,2,primary,123.3952198,41.7438697
42682389,3,primary,123.3967354,41.7401128
42682389,4,primary,123.3977452,41.7375858
42682389,5,primary,123.3986169,41.7353926
42682389,6,primary,123.3986739,41.7352492
42682389,7,primary,123.3992253,41.7338673
42682392,0,primary,123.4037804,41.7142269
42682392,1,primary,123.4022134,41.7113064
42682403,0,primary,123.4017092,41.710106
42682403,1,primary,123.4019323,41.7105033
42682405,0,primary,123.4017392,41.7104888
42682405,1,primary,123.4015279,41.7101188
42682407,0,primary,123.4019323,41.7105033
42682407,1,primary,123.4023787,41.7113234
42682410,0,primary,123.4022134,41.7113064
42682410,1,primary,123.4017392,41.7104888
42682413,0,primary,123.4023787,41.7113234
42682413,1,primary,123.4039299,41.7141723
42682429,0,primary,123.4015279,41.7101188
42682429,1,primary,123.4006717,41.708592
42682429,2,primary,123.4003505,41.70804
42682429,3,primary,123.4003061,41.7079594
42682429,4,primary,123.3980641,41.7038411
42683238,0,trunk,123.3702,41.7528598
42683238,1,trunk,123.3704033,41.7526183
42683238,2,trunk,123.3706442,41.7523487
42683238,3,trunk,123.3710391,41.7520188
42683238,4,trunk,123.3716166,41.7517081
42683238,5,trunk,123.3721773,41.7514143
42683238,6,trunk,123.372718,41.7511375
42683238,7,trunk,123.3727964,41.7510869
42683238,8,trunk,123.3729745,41.7509863
42683238,9,trunk,123.3733028,41.7507786
44813226,0,trunk,123.2991158,41.7788481
44813226,1,trunk,123.2980291,41.7789348
44813226,2,trunk,123.2965145,41.7790249
44813226,3,trunk,123.2940651,41.7791561
44813226,4,trunk,123.2910232,41.779319
44813226,5,trunk,123.2904579,41.7793492
44813226,6,trunk,123.2903951,41.7793526
44813226,7,trunk,123.2901451,41.7793586
44813226,8,trunk,123.2850983,41.7796562
44813226,9,trunk,123.2835197,41.7796975
44813226,10,trunk,123.2787701,41.7798219
44813226,11,trunk,123.2787524,41.7798222
52493240,0,trunk,123.3196457,41.7697247
52493240,1,trunk,123.3191755,41.7691699
52493240,2,trunk,123.3188769,41.7688885
52493240,3,trunk,123.318541,41.7685969
52493240,4,trunk,123.31819,41.7683512
52493240,5,trunk,123.3180547,41.768269
52493240,6,trunk,123.3176048,41.7680018
52493240,7,trunk,123.3172995,41.7678527
52493240,8,trunk,123.3168808,41.7676895
52493240,9,trunk,123.316148,41.767405
52493240,10,trunk,123.3140899,41.7666061
52493240,11,trunk,123.3138981,41.7665372
52493240,12,trunk,123.3133558,41.7663218
52493240,13,trunk,123.3129068,41.7660924
52493240,14,trunk,123.312434,41.7658105
52493240,15,trunk,123.3114272,41.7650847
52493240,16,trunk,123.3099499,41.7640685
52493240,17,trunk,123.3080579,41.762767
52493240,18,trunk,123.3075155,41.7624137
52493240,19,trunk,123.3066003,41.7619478
52493240,20,trunk,123.3060107,41.7617112
52493240,21,trunk,123.3053557,41.7614954
52493240,22,trunk,123.3048388,41.7613664
52493240,23,trunk,123.3035135,41.7610897
52493240,24,trunk,123.3009658,41.7605859
52493240,25,trunk,123.3003646,41.7604717
52493240,26,trunk,123.298512,41.7600951
52493240,27,trunk,123.2972822,41.759885
52493240,28,trunk,123.2966151,41.7597748
52493240,29,trunk,123.2951015,41.7595866
52493240,30,trunk,123.2915328,41.7592177
52493240,31,trunk,123.2907182,41.7591129
52493240,32,trunk,123.2900657,41.7590101
52493240,33,trunk,123.2895753,41.7589107
52493240,34,trunk,123.2888653,41.7587189
52493240,35,trunk,123.2883094,41.7585292
52493240,36,trunk,123.2878907,41.7583444
52493240,37,trunk,123.2863121,41.7576161
52493240,38,trunk,123.285881,41.7574521
52493240,39,trunk,123.2854236,41.7573053
52493240,40,trunk,123.285098,41.757234
52493240,41,trunk,123.2830595,41.7568485
52493240,42,trunk,123.2819298,41.7566412
52493240,43,trunk,123.2796448,41.7561908
52493240,44,trunk,123.2780893,41.7558342
52493240,45,trunk,123.2768183,41.7555467
52493240,46,trunk,123.2765527,41.7554971
52493240,47,trunk,123.2761921,41.7554627
52493240,48,trunk,123.2758232,41.7554627
52493240,49,trunk,123.2735549,41.7555753
52493240,50,trunk,123.2730098,41.7555941
52493240,51,trunk,123.2726031,41.7555847
52493240,52,trunk,123.2724396,41.7555753
52493240,53,trunk,123.2721084,41.7555315
52493240,54,trunk,123.2718547,41.7554862
52493240,55,trunk,123.2716514,41.7554346
53555709,0,primary,123.423063,41.8146924
53555709,1,primary,123.4231128,41.8139741
53555709,2,primary,123.4233851,41.8127095
53555709,3,primary,123.4233912,41.8124831
53555709,4,primary,123.4235649,41.8116688
53555709,5,primary,123.4236145,41.8114434
53555709,6,primary,123.4241548,41.80904
53555709,7,primary,123.4242358,41.8087366
53555709,8,primary,123.4243154,41.8084647
53555709,9,primary,123.4243735,41.8082527
53555709,10,primary,123.4244911,41.8079289
53555709,11,primary,123.4246891,41.8075408
53555709,12,primary,123.4259569,41.8056822
53555709,13,primary,123.4260224,41.805569
53555709,14,primary,123.4262361,41.8051995
53555709,15,primary,123.4262667,41.8051021
53555873,0,primary,123.4230971,41.8298731
53555873,1,primary,123.4231463,41.8295161
53555873,2,primary,123.4231729,41.8292645
53556253,0,trunk,123.4035824,41.7941454
53556253,1,trunk,123.4037362,41.7939894
53556253,2,trunk,123.4039316,41.7938753
53556253,3,trunk,123.4041932,41.7937974
53556253,4,trunk,123.404474,41.7937811
53556253,5,trunk,123.4047486,41.7938278
53556253,6,trunk,123.4049921,41.7939333
53556253,7,trunk,123.4051824,41.7940881
53556253,8,trunk,123.4052889,41.7942472
53556253,9,trunk,123.405338,41.7944212
53556253,10,trunk,123.4053265,41.7945988
53556253,11,trunk,123.4052448,41.7947846
53556253,12,trunk,123.4050972,41.7949462
53556253,13,trunk,123.4048952,41.7950708
53556253,14,trunk,123.4047613,41.7951216
53556253,15,trunk,123.4045918,41.79516
53556253,16,trunk,123.4044157,41.795174
53556253,17,trunk,123.4042393,41.7951629
53556253,18,trunk,123.4040688,41.7951272
53556253,19,trunk,123.403925,41.7950749
53556253,20,trunk,123.4037953,41.7950052
53556253,21,trunk,123.4036834,41.7949199
53556253,22,trunk,123.4035926,41.7948217
53556253,23,trunk,123.4035047,41.7946646
53556253,24,trunk,123.4034705,41.7944963
53556253,25,trunk,123.4034919,41.7943268
53556253,26,trunk,123.4035824,41.7941454
53556632,0,trunk,123.4890779,41.7600891
53556632,1,trunk,123.4887182,41.7607636
53556632,2,trunk,123.4885911,41.7610032
53556632,3,trunk,123.488529,41.7611063
53556632,4,trunk,123.4883448,41.7614117
53556632,5,trunk,123.488056,41.7618097
53556632,6,trunk,123.487638,41.7622768
53556632,7,trunk,123.4874178,41.7625373
53556632,8,trunk,123.4871339,41.7628294
53556632,9,trunk,123.485974,41.7638173
53556632,10,trunk,123.4842192,41.7653089
53556632,11,trunk,123.4816575,41.7675051
53556632,12,trunk,123.4810379,41.7680393
53556632,13,trunk,123.4789137,41.769777
53556632,14,trunk,123.4776024,41.7708497
53556632,15,trunk,123.474543,41.7735087
53556632,16,trunk,123.4737385,41.7742051
53556632,17,trunk,123.4730612,41.7747588
53556632,18,trunk,123.4720534,41.7756749
53556632,19,trunk,123.471214,41.7764408
53556632,20,trunk,123.4677256,41.7793528
53556632,21,trunk,123.467642,41.7794591
53556632,22,trunk,123.4675767,41.7795768
53556632,23,trunk,123.4675576,41.7796702
53556632,24,trunk,123.4675713,41.7797757
53556632,25,trunk,123.4676257,41.7798711
53556632,26,trunk,123.4678462,41.7801025
53556632,27,trunk,123.4703503,41.7817466
53556632,28,trunk,123.4709546,41.7821668
53556632,29,trunk,123.4712949,41.7824387
53556632,30,trunk,123.4713855,41.7825522
53556633,0,trunk,123.4925301,41.7513453
53556633,1,trunk,123.4906342,41.7567612
53556734,0,trunk,123.4905012,41.7567173
53556734,1,trunk,123.4923906,41.7513333
53557487,0,trunk,123.4939588,41.7469684
53557487,1,trunk,123.49468,41.7450931
53557487,2,trunk,123.4951113,41.7439911
53557487,3,trunk,123.4951495,41.7438707
53557487,4,trunk,123.4958553,41.7416428
53557487,5,trunk,123.4966046,41.7392955
53557503,0,trunk,123.525258,41.7911517
53557503,1,trunk,123.5240346,41.7905129
53557503,2,trunk,123.5233535,41.7901573
53557503,3,trunk,123.5220672,41.7894449
53557503,4,trunk,123.5208561,41.7886685
53557503,5,trunk,123.520684,41.7885473
53557503,6,trunk,123.5190191,41.7871415
53557503,7,trunk,123.5179513,41.7861915
53557503,8,trunk,123.5166381,41.784594
53557503,9,trunk,123.5156287,41.7834135
53557503,10,trunk,123.5124959,41.7793253
53557503,11,trunk,123.5114313,41.7779536
53557503,12,trunk,123.5097076,41.7757446
53557570,0,trunk,123.4888269,41.7597399
53557570,1,trunk,123.4881145,41.7595201
53557570,2,trunk,123.4875787,41.7593954
53557570,3,trunk,123.4873963,41.759353
53557570,4,trunk,123.4868171,41.7592429
53557570,5,trunk,123.4857983,41.7590551
53557570,6,trunk,123.4833676,41.7586767
53557570,7,trunk,123.4823316,41.7585778
53557570,8,trunk,123.4814585,41.758513
53557570,9,trunk,123.4809528,41.7584755
53557570,10,trunk,123.4789275,41.7583907
53557570,11,trunk,123.4701348,41.7583071
53557570,12,trunk,123.4693004,41.7582991
53557570,13,trunk,123.4679515,41.7582847
53557570,14,trunk,123.4665452,41.7582641
53557572,0,trunk,123.4894188,41.7599189
53557572,1,trunk,123.4888269,41.7597399
53557575,0,trunk,123.4888617,41.7595963
53557575,1,trunk,123.4895078,41.7597877
53557576,0,trunk,123.4154603,41.8591992
53557576,1,trunk,123.421265,41.8600642
53557576,2,trunk,123.4220732,41.8601911
53563807,0,primary,123.3135509,41.6879798
53563807,1,primary,123.31519,41.6882872
53563822,0,primary,123.3132748,41.6939113
53563822,1,primary,123.3135565,41.6932949
53563822,2,primary,123.3138164,41.6927208
53563822,3,primary,123.3140105,41.6923292
53563822,4,primary,123.3141733,41.6920509
53563822,5,primary,123.314297,41.6918736
53563822,6,primary,123.3161023,41.6897047
53563822,7,primary,123.3161764,41.6895984
53563822,8,primary,123.3162364,41.6894788
53563822,9,primary,123.3162786,41.6893633
53563822,10,primary,123.3162967,41.6892462
53563822,11,primary,123.3163009,41.6891199
53563822,12,primary,123.3162911,41.6889938
53563822,13,primary,123.3161489,41.6887743
53563822,14,primary,123.3160668,41.6886863
53563822,15,primary,123.3159533,41.6885931
53563822,16,primary,123.3158334,41.6885162
53563822,17,primary,123.3157122,41.6884535
53563822,18,primary,123.3155666,41.688401
53563822,19,primary,123.31519,41.6882872
53563842,0,primary,123.3032308,41.7141843
53563842,1,primary,123.3046868,41.7110988
53563847,0,primary,123.298252,41.7261287
53563847,1,primary,123.2978069,41.7267239
53563847,2,primary,123.2959865,41.7294089
53563847,3,primary,123.2944446,41.7319281
53563847,4,primary,123.2939615,41.7328961
53563847,5,primary,123.2938542,41.7332083
53563847,6,primary,123.2937577,41.7342572
53563847,7,primary,123.2936075,41.7348977
53563847,8,primary,123.2934465,41.735282
53563847,9,primary,123.2933178,41.7355061
53563851,0,primary,123.2933178,41.7355061
53563851,1,primary,123.2930925,41.7358904
53563854,0,primary,123.2930925,41.7358904
53563854,1,primary,123.2905902,41.7399441
53563854,2,primary,123.2904281,41.7402121
53563854,3,primary,123.2894956,41.7417168
53563854,4,primary,123.2882521,41.743711
53563854,5,primary,123.2845094,41.7497715
53563854,6,primary,123.2843163,41.7501237
53563854,7,primary,123.2837448,41.7513398
53563854,8,primary,123.2836939,41.751448
53563854,9,primary,123.2836618,41.7515164
53563854,10,primary,123.282943,41.7532853
53563854,11,primary,123.2829323,41.7535654
53563854,12,primary,123.2830181,41.7538536
53563854,13,primary,123.2832112,41.7542458
53563854,14,primary,123.2840852,41.7554686
53563854,15,primary,123.284207,41.7556961
53563854,16,primary,123.2843017,41.7559553
53563854,17,primary,123.2843708,41.7563472
53563854,18,primary,123.2843791,41.7566843
53563854,19,primary,123.2843147,41.7568243
53564097,0,motorway,123.3325912,41.7083594
53564097,1,motorway,123.3440732,41.7114871
53564097,2,motorway,123.3474434,41.7123989
53564097,3,motorway,123.3493507,41.7129401
53564097,4,motorway,123.3507511,41.7132949
53564097,5,motorway,123.3518667,41.7135232
53564097,6,motorway,123.3533405,41.7137474
53564097,7,motorway,123.3546266,41.713866
53564097,8,motorway,123.3559997,41.7139062
53564097,9,motorway,123.3574937,41.7138636
53564097,10,motorway,123.3590976,41.713737
53564097,11,motorway,123.3609533,41.7134275
53564097,12,motorway,123.3619371,41.7131993
53564586,0,motorway,123.2849608,41.8406428
53564586,1,motorway,123.2836841,41.839083
53564586,2,motorway,123.2756636,41.8285505
53564587,0,motorway,123.2855021,41.8412649
53564587,1,motorway,123.2849608,41.8406428
53564589,0,motorway,123.2852127,41.8405551
53564589,1,motorway,123.2857727,41.8411931
53564685,0,trunk,123.3312517,41.8281416
53564685,1,trunk,123.3311009,41.8278295
53564685,2,trunk,123.3310554,41.8277323
53564685,3,trunk,123.3309405,41.827488
53564693,0,trunk,123.3313502,41.8280823
53564693,1,trunk,123.3317943,41.8290585
53564693,2,trunk,123.3320678,41.8294383
53564693,3,trunk,123.3322762,41.8297242
53564693,4,trunk,123.3327005,41.8301565
53564693,5,trunk,123.3332737,41.8306099
53564693,6,trunk,123.3335829,41.8308026
53564693,7,trunk,123.3387317,41.8336643
53564693,8,trunk,123.3393745,41.8340793
53564693,9,trunk,123.3399543,41.8345147
53564693,10,trunk,123.3403192,41.834823
53564693,11,trunk,123.3406901,41.8351611
53564693,12,trunk,123.3410989,41.8355732
53564694,0,trunk,123.3409874,41.8356403
53564694,1,trunk,123.3405684,41.8352314
53564694,2,trunk,123.3401974,41.834897
53564694,3,trunk,123.3398323,41.8345806
53564694,4,trunk,123.3392699,41.8341532
53564694,5,trunk,123.3386402,41.8337376
53564694,6,trunk,123.3338002,41.8310766
53564694,7,trunk,123.3334732,41.8308955
53564694,8,trunk,123.3331656,41.830694
53564694,9,trunk,123.3325669,41.83022
53564694,10,trunk,123.3321542,41.8297766
53564694,11,trunk,123.3318149,41.8293426
53564694,12,trunk,123.3315021,41.8287878
53564694,13,trunk,123.3312517,41.8281416
53564729,0,trunk,123.3206714,41.7745835
53564729,1,trunk,123.3206334,41.7746671
53564729,2,trunk,123.320607,41.7747331
53564729,3,trunk,123.3205842,41.7747962
53564729,4,trunk,123.320559,41.7748757
53564729,5,trunk,123.3205405,41.7749726
53564729,6,trunk,123.320529,41.7750452
53564729,7,trunk,123.32052,41.7751427
53564729,8,trunk,123.3205157,41.7752402
53564729,9,trunk,123.3205137,41.7753603
53564729,10,trunk,123.3205241,41.7792516
53566726,0,motorway,123.4701146,41.9111302
53566726,1,motorway,123.4697102,41.9111714
53566726,2,motorway,123.4688616,41.9112639
53566726,3,motorway,123.4682001,41.9113058
53566726,4,motorway,123.4673547,41.9113342
53566726,5,motorway,123.4660375,41.9112838
53566726,6,motorway,123.46488,41.9111242
53567757,0,primary,123.3359332,41.7760535
53567757,1,primary,123.3369759,41.7784334
53567757,2,primary,123.3384681,41.7818105
53567757,3,primary,123.3390742,41.7831659
53567757,4,primary,123.3402403,41.78476
53567757,5,primary,123.3421502,41.7872559
53567757,6,primary,123.3431339,41.7885372
53567757,7,primary,123.3443608,41.7901355
53567757,8,primary,123.3456495,41.7918397
53567757,9,primary,123.3472365,41.7939678
53567757,10,primary,123.348757,41.7959772
53567757,11,primary,123.3500989,41.7977506
53567804,0,trunk,123.4029275,41.8290257
53567804,1,trunk,123.4061227,41.8291418
53567804,2,trunk,123.4142681,41.8295382
53567804,3,trunk,123.4170791,41.8296741
53567804,4,trunk,123.4186858,41.829776
53567811,0,trunk,123.4186824,41.8298537
53567811,1,trunk,123.4061335,41.8292218
53567811,2,trunk,123.4029299,41.8291006
53567881,0,primary,123.4137653,41.7707343
53567881,1,primary,123.4138886,41.7706842
53567881,2,primary,123.4171566,41.7693703
53567881,3,primary,123.4177056,41.7692441
53567881,4,primary,123.4180919,41.7691868
53567881,5,primary,123.4214988,41.769018
53567881,6,primary,123.4216221,41.7690169
53567881,7,primary,123.4240236,41.7690138
53567881,8,primary,123.4249952,41.7690109
53567881,9,primary,123.4261975,41.7689868
53567895,0,trunk,123.4186858,41.829776
53567895,1,trunk,123.4190374,41.8298035
53567895,2,trunk,123.4191966,41.829814
53567897,0,trunk,123.4191966,41.829814
53567897,1,trunk,123.4231089,41.8299472
53567933,0,trunk,123.4269963,41.8302497
53567933,1,trunk,123.4268699,41.8302446
53567933,2,trunk,123.4267122,41.8302347
53567933,3,trunk,123.4231413,41.8300262
53568465,0,trunk,123.4129461,41.8425578
53568465,1,trunk,123.4129273,41.8427914
53568465,2,trunk,123.4127174,41.8463029
53568465,3,trunk,123.4127149,41.8463433
53568465,4,trunk,123.4126059,41.8481681
53568465,5,trunk,123.4125672,41.8488146
53568465,6,trunk,123.4124276,41.850493
53568465,7,trunk,123.4124213,41.8505813
53568465,8,trunk,123.412256,41.8529066
53568465,9,trunk,123.4120876,41.8542085
53568465,10,trunk,123.4120788,41.8543291
53568465,11,trunk,123.4119833,41.8556445
53568756,0,motorway,123.4552184,41.7191409
53568756,1,motorway,123.4554328,41.7188084
53568756,2,motorway,123.4561402,41.7179414
53568756,3,motorway,123.4570384,41.7165996
53568776,0,trunk,123.4411186,41.7446815
53568776,1,trunk,123.4422333,41.7437832
53568776,2,trunk,123.4422645,41.7437588
53568979,0,primary,123.3212503,41.8026634
53568979,1,primary,123.3218179,41.8026859
53568979,2,primary,123.3224354,41.8027014
53568979,3,primary,123.3236063,41.802703
53569003,0,trunk,123.4822647,41.8066013
53569003,1,trunk,123.4828373,41.8051944
53569042,0,primary,123.4296549,41.769142
53569042,1,primary,123.4296141,41.7691801
53569042,2,primary,123.4295612,41.7692182
53569042,3,primary,123.429504,41.769249
53569042,4,primary,123.4294469,41.7692707
53569042,5,primary,123.4293178,41.7692983
53569042,6,primary,123.4291835,41.7692989
53569042,7,primary,123.4290539,41.7692727
53569042,8,primary,123.4289448,41.769225
53569042,9,primary,123.4288555,41.7691582
53569042,10,primary,123.4287919,41.7690767
53569042,11,primary,123.4287575,41.7689831
53569042,12,primary,123.4287571,41.768886
53569042,13,primary,123.4287906,41.7687922
53569218,0,primary,123.4287919,41.7690767
53569218,1,primary,123.4265495,41.7691607
53569222,0,primary,123.4329445,41.7689721
53569222,1,primary,123.4320691,41.768999
53569222,2,primary,123.4317168,41.7690065
53569227,0,primary,123.4296638,41.7687399
53569227,1,primary,123.4297389,41.7687618
53569227,2,primary,123.4298263,41.7687676
53569227,3,primary,123.4317824,41.7687127
53569227,4,primary,123.431796,41.7687128
53569233,0,primary,123.4240236,41.7690138
53569233,1,primary,123.4246482,41.7689441
53569233,2,primary,123.4249807,41.7689341
53569233,3,primary,123.4259168,41.7689041
53569233,4,primary,123.4263379,41.7688877
53569316,0,primary,123.4291037,41.7657571
53569316,1,primary,123.4292646,41.7683971
53569316,2,primary,123.4294851,41.771499
53569316,3,primary,123.4295258,41.7726188
53569335,0,primary,123.4295258,41.7726188
53569335,1,primary,123.4296004,41.7742006
53569335,2,primary,123.4296965,41.775902
53569335,3,primary,123.4297015,41.7760218
53569335,4,primary,123.4298983,41.780072
53569351,0,primary,123.4294172,41.7726242
53569351,1,primary,123.4291684,41.7683919
53569351,2,primary,123.4290008,41.7657659
53569499,0,motorway,123.4856739,41.7197333
53569499,1,motorway,123.4867184,41.720243
53569499,2,motorway,123.4989343,41.7262161
53569499,3,motorway,123.506437,41.7298874
53569499,4,motorway,123.5081214,41.7307058
53569499,5,motorway,123.5095556,41.731326
53569499,6,motorway,123.5107714,41.7317773
53569499,7,motorway,123.5118534,41.7321256
53569499,8,motorway,123.5130602,41.7324716
53569499,9,motorway,123.5142167,41.7327537
53569504,0,motorway,123.4650847,41.7120494
53569504,1,motorway,123.4575409,41.7097203
53569504,2,motorway,123.4548155,41.708913
53570029,0,motorway,123.5621108,41.8586795
53570029,1,motorway,123.5622135,41.8593667
53570038,0,motorway,123.5622135,41.8593667
53570038,1,motorway,123.562437,41.8607203
53570458,0,motorway,123.5625088,41.8612844
53570458,1,motorway,123.5626263,41.8621336
53570458,2,motorway,123.5626714,41.863
53570458,3,motorway,123.5626196,41.8642976
53570458,4,motorway,123.5623385,41.8657867
53570458,5,motorway,123.5621639,41.8662499
53570458,6,motorway,123.5619284,41.8668164
53570458,7,motorway,123.561679,41.8673064
53570458,8,motorway,123.561292,41.8679041
53570458,9,motorway,123.5608395,41.8685657
53570458,10,motorway,123.5599044,41.869689
53570458,11,motorway,123.554764,41.8753538
53570458,12,motorway,123.5538346,41.8763774
53570458,13,motorway,123.5530976,41.8771584
53570458,14,motorway,123.5524314,41.8778023
53570458,15,motorway,123.5518873,41.8782698
53570458,16,motorway,123.551563,41.8785009
53570458,17,motorway,123.5508512,41.879007
53570458,18,motorway,123.549903,41.8795306
53570458,19,motorway,123.5492273,41.8798459
53570458,20,motorway,123.5486378,41.8800856
53571957,0,primary,123.4662457,41.7551318
53571957,1,primary,123.4663263,41.7566517
53571957,2,primary,123.4663223,41.7575634
53571957,3,primary,123.4663269,41.7579077
53571957,4,primary,123.4663506,41.7584943
53571962,0,primary,123.4658135,41.7468524
53571962,1,primary,123.4661616,41.7536319
53571962,2,primary,123.4662457,41.7551318
53572053,0,primary,123.3918449,41.7528712
53572053,1,primary,123.3917749,41.7530381
53572053,2,primary,123.3916297,41.7533842
53572053,3,primary,123.3915869,41.7534864
53572053,4,primary,123.3915144,41.7536261
53572053,5,primary,123.3914012,41.7538387
53572053,6,primary,123.3912748,41.7540629
53572053,7,primary,123.3909746,41.7545869
53572053,8,primary,123.3901347,41.7560529
53572053,9,primary,123.3895516,41.7570814
53572053,10,primary,123.3888997,41.7583489
53572056,0,primary,123.3887097,41.7583207
53572056,1,primary,123.3894151,41.7569999
53572056,2,primary,123.3900515,41.7558451
53572056,3,primary,123.3908215,41.7545396
53572056,4,primary,123.3909495,41.7543225
53572056,5,primary,123.3911364,41.7539928
53572056,6,primary,123.3913681,41.7535717
53572056,7,primary,123.3914263,41.7534528
53572056,8,primary,123.3914774,41.7533385
53572056,9,primary,123.3915753,41.7531193
53572056,10,primary,123.391626,41.7530042
53572056,11,primary,123.3917031,41.7528294
53572064,0,primary,123.3888997,41.7583489
53572064,1,primary,123.3885191,41.7590101
53572064,2,primary,123.3881469,41.7596567
53572064,3,primary,123.388105,41.7597294
53572064,4,primary,123.3880883,41.7597584
53572064,5,primary,123.387757,41.7603925
53572064,6,primary,123.3872269,41.7613357
53572064,7,primary,123.3866725,41.7623004
53572064,8,primary,123.3854646,41.7655176
53572064,9,primary,123.3854373,41.7656022
53572064,10,primary,123.3845595,41.7676007
53572064,11,primary,123.3845045,41.7679084
53572064,12,primary,123.3845876,41.7681966
53572064,13,primary,123.3847452,41.7684365
53572064,14,primary,123.3866251,41.7709805
53572064,15,primary,123.3875189,41.7721185
53572064,16,primary,123.3879052,41.7726104
53572064,17,primary,123.3891801,41.7742387
53572064,18,primary,123.3893026,41.774386
53572064,19,primary,123.3905863,41.7760691
53572146,0,primary,123.3999526,41.7320372
53572146,1,primary,123.4002009,41.7314123
53572146,2,primary,123.4015914,41.7279131
53572146,3,primary,123.4016569,41.7277516
53572146,4,primary,123.4028932,41.724701
53572146,5,primary,123.4030061,41.7244337
53572146,6,primary,123.4036595,41.7226974
53572146,7,primary,123.4049793,41.7193377
53572146,8,primary,123.4051178,41.7189267
53572146,9,primary,123.4051992,41.7186054
53572146,10,primary,123.405258,41.7180163
53572146,11,primary,123.4052411,41.7175639
53572146,12,primary,123.4051823,41.7170992
53572146,13,primary,123.4051059,41.7167775
53572146,14,primary,123.4050256,41.7165015
53572146,15,primary,123.4049246,41.7162761
53572146,16,primary,123.404778,41.7159647
53572146,17,primary,123.4045078,41.7154731
53572146,18,primary,123.4037804,41.7142269
53572776,0,motorway,123.2759197,41.7682728
53572776,1,motorway,123.2764434,41.767064
53572776,2,motorway,123.2771435,41.7651796
53574490,0,primary,123.4424446,41.8027705
53574490,1,primary,123.4423703,41.8025994
53574490,2,primary,123.4422887,41.8023181
53574490,3,primary,123.44223,41.8021151
53574490,4,primary,123.4421874,41.8018295
53574490,5,primary,123.4421732,41.8015469
53574490,6,primary,123.4421604,41.7989829
53574490,7,primary,123.4422231,41.7951202
53574490,8,primary,123.4422978,41.7930315
53574490,9,primary,123.4423423,41.7907435
53574490,10,primary,123.4423044,41.7906039
53576317,0,primary,123.4265251,41.8007264
53576317,1,primary,123.4264743,41.8004146
53576317,2,primary,123.4264126,41.8000356
53576317,3,primary,123.426192,41.799435
53576317,4,primary,123.4252177,41.7972376
53576317,5,primary,123.4253033,41.7963845
53576317,6,primary,123.4253765,41.7958704
53578401,0,primary,123.5280677,41.8549822
53578401,1,primary,123.5291486,41.8559031
53578401,2,primary,123.5297494,41.8565104
53578401,3,primary,123.5299962,41.856902
53578401,4,primary,123.5304576,41.8584522
53578401,5,primary,123.5307794,41.8590675
53578401,6,primary,123.5316914,41.8602661
53578401,7,primary,123.531839,41.8605958
53578401,8,primary,123.5318728,41.8608152
53578401,9,primary,123.5318782,41.8614264
53578401,10,primary,123.5316485,41.8629988
53578401,11,primary,123.5316529,41.8633441
53578401,12,primary,123.5317119,41.8635718
53578401,13,primary,123.532142,41.8649804
53578401,14,primary,123.5325497,41.866083
53578401,15,primary,123.5327964,41.8664106
53578401,16,primary,123.533408,41.866842
53578401,17,primary,123.5335039,41.8668789
53578401,18,primary,123.5337406,41.8669699
53578401,19,primary,123.5342556,41.8671217
53578401,20,primary,123.5347062,41.8671296
53578401,21,primary,123.5355537,41.8670577
53578401,22,primary,123.5360044,41.8671057
53578401,23,primary,123.5363584,41.8672255
53578401,24,primary,123.5378819,41.8677768
53578401,25,primary,123.5390733,41.8682419
53578401,26,primary,123.5393791,41.8684137
53578401,27,primary,123.5395668,41.8686454
53578401,28,primary,123.5397009,41.868901
53578401,29,primary,123.5397285,41.8691893
53578401,30,primary,123.5396926,41.869698
53578401,31,primary,123.5397033,41.8699576
53578401,32,primary,123.5398024,41.8702935
53578401,33,primary,123.5399955,41.8705651
53578401,34,primary,123.5413019,41.8719994
53578401,35,primary,123.5423935,41.8728123
53578401,36,primary,123.5425679,41.8729301
53578401,37,primary,123.5427663,41.87301
53578401,38,primary,123.5429367,41.873027
53578401,39,primary,123.5431052,41.8730105
53578401,40,primary,123.5437506,41.87285
53578401,41,primary,123.5443332,41.8727179
53578401,42,primary,123.5445445,41.8726982
53578401,43,primary,123.545047,41.8727451
53578401,44,primary,123.5466894,41.8729946
53578410,0,primary,123.5560742,41.8729019
53578410,1,primary,123.5573901,41.8731815
53578501,0,primary,123.5573901,41.8731815
53578501,1,primary,123.5577442,41.8732132
53578501,2,primary,123.5583246,41.8732162
53578501,3,primary,123.5588815,41.8732212
53578501,4,primary,123.5594147,41.8732814
53578501,5,primary,123.5601797,41.8735487
53578501,6,primary,123.5613491,41.874076
53578501,7,primary,123.5618197,41.8743964
53578501,8,primary,123.5630893,41.8756678
53578501,9,primary,123.5645952,41.8768625
53578501,10,primary,123.5667195,41.8783564
53578501,11,primary,123.5669726,41.878453
53578501,12,primary,123.5672667,41.8784442
53578501,13,primary,123.5691872,41.8782765
53578501,14,primary,123.5697384,41.8782704
53578501,15,primary,123.5702246,41.8783995
53578501,16,primary,123.5706034,41.87862
53578501,17,primary,123.5708823,41.8791312
53578501,18,primary,123.57232,41.882582
53578501,19,primary,123.5727062,41.8829255
53578501,20,primary,123.5734143,41.8833249
53578501,21,primary,123.5740795,41.8838201
53578501,22,primary,123.5745194,41.8844032
53578501,23,primary,123.5761833,41.8877501
53578501,24,primary,123.5763919,41.8880398
53578501,25,primary,123.576717,41.8882511
53578501,26,primary,123.5788538,41.8891796
53578501,27,primary,123.5817613,41.8904335
53578501,28,primary,123.5831561,41.8909846
53578501,29,primary,123.5833707,41.8910166
53578501,30,primary,123.5837,41.8909
53578501,31,primary,123.5843223,41.8907402
53578501,32,primary,123.5846656,41.8906923
53578501,33,primary,123.5850336,41.890769
53578501,34,primary,123.5855808,41.8909687
53578501,35,primary,123.5869326,41.8918392
53578501,36,primary,123.5874047,41.8922465
53578501,37,primary,123.5886171,41.8936202
53578501,38,primary,123.5889604,41.8938997
53578501,39,primary,123.5893681,41.8941153
53578501,40,primary,123.5902693,41.8945147
53578501,41,primary,123.5906309,41.8945498
53578501,42,primary,123.5909279,41.8945106
53578501,43,primary,123.5911672,41.8944278
53578501,44,primary,123.5914917,41.8942025
53578501,45,primary,123.5923924,41.8932494
53578501,46,primary,123.5925513,41.8931602
53578501,47,primary,123.592855,41.893149
53578501,48,primary,123.5931768,41.8932528
53578501,49,primary,123.593445,41.8934046
53578501,50,primary,123.5943034,41.8938997
53578501,51,primary,123.5946896,41.8940275
53578501,52,primary,123.5951155,41.8941265
53578501,53,primary,123.5976508,41.8945706
53578501,54,primary,123.5981303,41.8945897
53578501,55,primary,123.598538,41.8945817
53578501,56,primary,123.5990637,41.8945338
53578501,57,primary,123.599657,41.8944987
53578501,58,primary,123.6000111,41.8945945
53578501,59,primary,123.6002471,41.8947862
53578501,60,primary,123.6003406,41.8950435
53578501,61,primary,123.6004703,41.8957118
53578501,62,primary,123.6006226,41.8958324
53578501,63,primary,123.6008125,41.8958595
53578501,64,primary,123.6019176,41.8956759
53578501,65,primary,123.6023714,41.8956407
53578501,66,primary,123.6028864,41.8956727
53578501,67,primary,123.6038198,41.8956886
53578501,68,primary,123.6042383,41.8956327
53578501,69,primary,123.6046922,41.8954664
53578501,70,primary,123.6051063,41.8951557
53578501,71,primary,123.6070567,41.8932161
53578501,72,primary,123.6073603,41.8930931
53578501,73,primary,123.6077895,41.8930771
53578501,74,primary,123.6088409,41.8931969
53578501,75,primary,123.6092025,41.8932001
53578501,76,primary,123.6097175,41.8931362
53578501,77,primary,123.6101895,41.8929765
53578501,78,primary,123.6123353,41.8921539
53578501,79,primary,123.612625,41.8920421
53578501,80,primary,123.6131399,41.8919462
53578501,81,primary,123.6137654,41.8918632
53578501,82,primary,123.6143094,41.8917466
53578501,83,primary,123.614878,41.8916827
53578501,84,primary,123.6151173,41.8915437
53578501,85,primary,123.6154606,41.8913041
53578501,86,primary,123.6158007,41.8910996
53578501,87,primary,123.6162728,41.8909399
53578501,88,primary,123.6167985,41.8909239
53578501,89,primary,123.6173135,41.8909798
53578501,90,primary,123.6178853,41.8912322
53578501,91,primary,123.6192693,41.8921826
53578501,92,primary,123.6202349,41.8926139
53578501,93,primary,123.6214902,41.8931091
53578501,94,primary,123.6228742,41.8939396
53578501,95,primary,123.624902,41.8947782
53578501,96,primary,123.6268653,41.8955848
53578501,97,primary,123.6273159,41.8956727
53578501,98,primary,123.6277773,41.8956966
53578501,99,primary,123.6282815,41.8957525
53578501,100,primary,123.6287214,41.8959202
53578501,101,primary,123.6302556,41.8967987
53578501,102,primary,123.6309069,41.8970814
53578501,103,primary,123.6315399,41.8972092
53578501,104,primary,123.6323907,41.8972779
53578501,105,primary,123.6328703,41.8972731
53578501,106,primary,123.6332168,41.8971421
53578501,107,primary,123.6333795,41.8969827
53578501,108,primary,123.633487,41.8968554
53578501,109,primary,123.6336535,41.896762
53578501,110,primary,123.6340322,41.8966949
53578501,111,primary,123.6345755,41.8966389
53578501,112,primary,123.6348813,41.8965816
53578501,113,primary,123.6354907,41.8964251
53578501,114,primary,123.6357597,41.8963991
53578501,115,primary,123.6360759,41.8964237
53578501,116,primary,123.6363412,41.8965247
53578501,117,primary,123.6367956,41.8967366
53578501,118,primary,123.6370319,41.8968376
53578501,119,primary,123.6381844,41.8977003
53578501,120,primary,123.6384043,41.8977813
53578501,121,primary,123.6386447,41.8978163
53578501,122,primary,123.6388924,41.897815
53578501,123,primary,123.6390231,41.8978027
53578501,124,primary,123.6400812,41.8973822
53578501,125,primary,123.6413827,41.896702
53578501,126,primary,123.6418751,41.8962955
53578501,127,primary,123.6420723,41.8962051
53578501,128,primary,123.6422842,41.8961769
53578501,129,primary,123.6425816,41.8962448
53578501,130,primary,123.642826,41.896357
53578501,131,primary,123.6430136,41.8965592
53578501,132,primary,123.6430915,41.8967138
53578501,133,primary,123.6430928,41.8969536
53578501,134,primary,123.6430196,41.8976232
53578501,135,primary,123.6430207,41.8978847
53578501,136,primary,123.6430877,41.8981447
53578501,137,primary,123.643298,41.8985172
53579286,0,trunk,123.5624229,41.8187696
53579286,1,trunk,123.5629787,41.818622
53579286,2,trunk,123.5634433,41.8184464
53579286,3,trunk,123.5639787,41.8181939
53579286,4,trunk,123.5647389,41.8177688
53579286,5,trunk,123.5650312,41.8175408
53579286,6,trunk,123.5657226,41.8169377
53579286,7,trunk,123.5661442,41.8165876
53579467,0,trunk,123.5912627,41.8279678
53579467,1,trunk,123.590185,41.8275684
53579467,2,trunk,123.5882431,41.8271047
53579467,3,trunk,123.5859226,41.8264913
53579467,4,trunk,123.5856962,41.8264315
53579467,5,trunk,123.5853999,41.8263532
53579467,6,trunk,123.5846918,41.8260654
53579467,7,trunk,123.5826758,41.8251214
53579467,8,trunk,123.5809773,41.8242647
53579467,9,trunk,123.5788125,41.8231731
53579467,10,trunk,123.5782036,41.8228114
53579467,11,trunk,123.5774527,41.8222528
53579467,12,trunk,123.5767176,41.8216572
53581241,0,primary,123.4427243,41.8027469
53581241,1,primary,123.4441944,41.8050733
53581241,2,primary,123.4446477,41.8057616
53581241,3,primary,123.4446677,41.8057917
53581241,4,primary,123.4461655,41.8080456
53581241,5,primary,123.4462329,41.8081683
53581241,6,primary,123.4462391,41.8083006
53581243,0,trunk,123.4577207,41.8286268
53581243,1,trunk,123.459601,41.8304123
53581251,0,trunk,123.459601,41.8304123
53581251,1,trunk,123.4598795,41.8306944
53581251,2,trunk,123.4604692,41.8312921
53581251,3,trunk,123.4607641,41.8315909
53581251,4,trunk,123.4613181,41.8322963
53581264,0,trunk,123.4595688,41.8305642
53581264,1,trunk,123.4575625,41.8286375
53581296,0,trunk,123.4575625,41.8286375
53581296,1,trunk,123.4572631,41.8283826
53581296,2,trunk,123.4566649,41.8279036
53581296,3,trunk,123.4563649,41.8276218
53581296,4,trunk,123.4540971,41.8259993
53581296,5,trunk,123.4522778,41.8247866
53581296,6,trunk,123.4515758,41.8243843
53581296,7,trunk,123.4499848,41.8236095
53583433,0,trunk,123.3209045,41.8021966
53583433,1,trunk,123.3208953,41.8033653
53583434,0,trunk,123.3208953,41.8033653
53583434,1,trunk,123.3209175,41.8038247
53583434,2,trunk,123.3210056,41.8044684
53583434,3,trunk,123.3210589,41.8048416
53583434,4,trunk,123.3212274,41.805207
53583434,5,trunk,123.3214457,41.8057068
53583527,0,trunk,123.3710135,41.7612621
53583527,1,trunk,123.3689168,41.7617476
53583527,2,trunk,123.3682072,41.7618466
53583527,3,trunk,123.3679465,41.7618679
53583527,4,trunk,123.3675779,41.7618757
53583527,5,trunk,123.3670893,41.7618502
53583527,6,trunk,123.3664535,41.7617548
53583527,7,trunk,123.3657769,41.7616138
53583527,8,trunk,123.3647283,41.7615428
53583527,9,trunk,123.3624122,41.7618554
53583527,10,trunk,123.3600663,41.7622449
53583527,11,trunk,123.354945,41.7630398
53583527,12,trunk,123.3495241,41.7640477
53583527,13,trunk,123.3486544,41.7642549
53583527,14,trunk,123.3466784,41.7648011
53583527,15,trunk,123.3445648,41.7655566
53583527,16,trunk,123.3295679,41.7709582
53583527,17,trunk,123.3293273,41.771044
53583527,18,trunk,123.3234138,41.773193
53583527,19,trunk,123.3224091,41.7735594
53583527,20,trunk,123.3215414,41.7738743
53583527,21,trunk,123.3214163,41.7739301
53583527,22,trunk,123.321306,41.7739859
53583527,23,trunk,123.3211957,41.774049
53583527,24,trunk,123.3210878,41.7741207
53583527,25,trunk,123.3210106,41.7741761
53583527,26,trunk,123.3209489,41.7742237
53583527,27,trunk,123.320877,41.7742948
53583527,28,trunk,123.3208169,41.7743607
53583527,29,trunk,123.3207642,41.7744249
53583527,30,trunk,123.3207201,41.7744928
53583527,31,trunk,123.3206714,41.7745835
53583533,0,trunk,123.3708464,41.7611897
53583533,1,trunk,123.3835805,41.7581738
53583540,0,trunk,123.38525,41.7582016
53583540,1,trunk,123.3857363,41.7583913
53583540,2,trunk,123.385831,41.7584282
53583546,0,trunk,123.385677,41.7585477
53583546,1,trunk,123.3850976,41.7583525
53583546,2,trunk,123.3848167,41.7582841
53583546,3,trunk,123.3846585,41.7582582
53583546,4,trunk,123.3844846,41.7582406
53583546,5,trunk,123.3843015,41.7582311
53583546,6,trunk,123.3841529,41.7582307
53583546,7,trunk,123.3840003,41.7582382
53583546,8,trunk,123.3838434,41.758255
53583546,9,trunk,123.3837224,41.7582682
53583546,10,trunk,123.383584,41.7582931
53613510,0,trunk,123.3410989,41.8355732
53613510,1,trunk,123.3414598,41.8359787
53613510,2,trunk,123.3415841,41.8361265
53613510,3,trunk,123.3416194,41.8361665
53613510,4,trunk,123.34199,41.8367483
53613510,5,trunk,123.3421096,41.83693
53613510,6,trunk,123.342724,41.8378408
53624762,0,trunk,123.4037362,41.7939894
53624762,1,trunk,123.4037713,41.7937874
53624762,2,trunk,123.4030092,41.7927845
53624762,3,trunk,123.4017496,41.7911119
53624762,4,trunk,123.401689,41.7910265
53624762,5,trunk,123.4011017,41.7902746
53624762,6,trunk,123.4004221,41.7893803
53624762,7,trunk,123.3998113,41.7885764
53624762,8,trunk,123.3991668,41.7877282
53624762,9,trunk,123.3990962,41.7876353
53625028,0,primary,123.4133304,41.8362449
53625028,1,primary,123.4135396,41.8362609
53625028,2,primary,123.4172237,41.8364402
53625028,3,primary,123.417446,41.8364485
53625028,4,primary,123.4177543,41.83646
53651661,0,primary,123.3982075,41.7037664
53651661,1,primary,123.4003563,41.7076608
53651661,2,primary,123.4004832,41.7079118
53651661,3,primary,123.4005318,41.7079934
53651661,4,primary,123.400798,41.7084614
53651661,5,primary,123.4017092,41.710106
53651663,0,primary,123.396525,41.7007653
53651663,1,primary,123.3982075,41.7037664
53651671,0,primary,123.3980641,41.7038411
53651671,1,primary,123.3963329,41.7008818
53652050,0,trunk,123.4895078,41.7597877
53652050,1,trunk,123.4905755,41.7601183
53652050,2,trunk,123.4909422,41.7602319
53652050,3,trunk,123.4919444,41.7605376
53652050,4,trunk,123.4920712,41.7605839
53652050,5,trunk,123.4939241,41.7612608
53652050,6,trunk,123.4948983,41.7616931
53652050,7,trunk,123.4956193,41.7620131
53652050,8,trunk,123.4974326,41.7629578
53652050,9,trunk,123.4985322,41.7636016
53652050,10,trunk,123.4996049,41.7643127
53652050,11,trunk,123.5012485,41.7655615
53652050,12,trunk,123.5016907,41.76595
53652050,13,trunk,123.5032436,41.7674156
53652050,14,trunk,123.504648,41.7688584
53652050,15,trunk,123.5052754,41.7696358
53652050,16,trunk,123.5072932,41.772391
53652050,17,trunk,123.5089983,41.7744687
53652050,18,trunk,123.509552,41.7751965
53652191,0,trunk,123.4154509,41.8592661
53652191,1,trunk,123.4152283,41.8592182
53652191,2,trunk,123.4144987,41.8590584
53652191,3,trunk,123.4139838,41.8588746
53652191,4,trunk,123.4133659,41.8585248
53652191,5,trunk,123.4129109,41.8582673
53652191,6,trunk,123.4123753,41.858043
53652191,7,trunk,123.4120847,41.8579556
53652191,8,trunk,123.4111621,41.8577878
53652191,9,trunk,123.4075152,41.8576023
53652191,10,trunk,123.4072353,41.8575881
53652197,0,trunk,123.4047338,41.8573794
53652197,1,trunk,123.4057698,41.8574001
53652197,2,trunk,123.4083206,41.8575048
53652197,3,trunk,123.4097673,41.8575641
53652197,4,trunk,123.4104459,41.8576012
53652397,0,trunk,123.5384091,41.7976617
53652397,1,trunk,123.5396169,41.7983462
53652397,2,trunk,123.5399985,41.7986418
53652397,3,trunk,123.5402995,41.7989834
53652397,4,trunk,123.5405491,41.7993189
53652397,5,trunk,123.5407516,41.7996764
53652397,6,trunk,123.5408706,41.799939
53652397,7,trunk,123.5409585,41.8003073
53652397,8,trunk,123.5410151,41.8007619
53652397,9,trunk,123.540988,41.801181
53652397,10,trunk,123.5409001,41.8015851
53652397,11,trunk,123.540692,41.8020832
53652397,12,trunk,123.5404526,41.8024702
53652397,13,trunk,123.540099,41.8028988
53652397,14,trunk,123.5395901,41.8033732
53652397,15,trunk,123.5364341,41.8062375
53652397,16,trunk,123.5355218,41.8070536
53652397,17,trunk,123.5350797,41.8074849
53652397,18,trunk,123.5347327,41.8079246
53652397,19,trunk,123.5344349,41.8083775
53652397,20,trunk,123.5337354,41.8097019
53652423,0,trunk,123.5326545,41.8112473
53652423,1,trunk,123.532734,41.8110789
53652423,2,trunk,123.5330033,41.8106812
53652423,3,trunk,123.533246,41.8102479
53652423,4,trunk,123.5335832,41.8096456
53652625,0,trunk,123.531231,41.8156486
53652625,1,trunk,123.5312002,41.8157816
53652625,2,trunk,123.5311378,41.8159445
53652625,3,trunk,123.5308474,41.8172981
53652625,4,trunk,123.5308468,41.8175803
53652625,5,trunk,123.5304918,41.8190416
53654747,0,trunk,123.473038,41.8469346
53654747,1,trunk,123.4688217,41.8481354
53655608,0,trunk,123.4117876,41.8578374
53655608,1,trunk,123.4116985,41.858719
53655608,2,trunk,123.4116437,41.8595457
53655608,3,trunk,123.4115364,41.8607514
53655628,0,trunk,123.4119833,41.8556445
53655628,1,trunk,123.4119487,41.8561123
53655628,2,trunk,123.4118291,41.8571427
53655628,3,trunk,123.4117876,41.8578374
53655647,0,trunk,123.411801,41.8556142
53655647,1,trunk,123.411907,41.854274
53655647,2,trunk,123.4120696,41.8528982
53655647,3,trunk,123.4122357,41.850562
53655647,4,trunk,123.4122423,41.8504698
53655647,5,trunk,123.4123807,41.8488064
53655647,6,trunk,123.4124491,41.8476931
53655647,7,trunk,123.412558,41.8459206
53655647,8,trunk,123.4126476,41.8444616
53655647,9,trunk,123.4127646,41.8425561
53655650,0,trunk,123.4115364,41.8607514
53655650,1,trunk,123.41146,41.8615265
53655650,2,trunk,123.4114574,41.8615531
53655650,3,trunk,123.4112589,41.8643066
53655650,4,trunk,123.4110152,41.8671639
53655650,5,trunk,123.4107564,41.8702328
53655650,6,trunk,123.4105494,41.8725749
53655650,7,trunk,123.4104735,41.8734341
53655650,8,trunk,123.4098844,41.8801012
53655650,9,trunk,123.409342,41.8850051
53655650,10,trunk,123.4093371,41.8850732
53655650,11,trunk,123.4091493,41.8876595
53655650,12,trunk,123.4091274,41.8879716
53655652,0,trunk,123.4113791,41.8607181
53655652,1,trunk,123.4115287,41.8590076
53655652,2,trunk,123.411602,41.8581935
53655652,3,trunk,123.411801,41.8556142
53656503,0,trunk,123.3889459,41.7596657
53656503,1,trunk,123.3875191,41.7592076
53656547,0,trunk,123.385831,41.7584282
53656547,1,trunk,123.3875905,41.7590863
53656549,0,trunk,123.3890257,41.7595337
53656549,1,trunk,123.3898828,41.7597705
53656549,2,trunk,123.3911231,41.7600751
53656549,3,trunk,123.3912073,41.7600862
53656651,0,trunk,123.466099,41.7581318
53656651,1,trunk,123.4665197,41.7581367
53656652,0,trunk,123.4665197,41.7581367
53656652,1,trunk,123.4684597,41.758168
53656652,2,trunk,123.4691157,41.7581786
53656652,3,trunk,123.470391,41.758198
53656652,4,trunk,123.4789585,41.7582714
53656652,5,trunk,123.4808698,41.7583457
53656652,6,trunk,123.4823828,41.7584502
53656652,7,trunk,123.4835925,41.7585802
53656652,8,trunk,123.4850112,41.7588052
53656652,9,trunk,123.4857614,41.7589241
53656652,10,trunk,123.4862654,41.7590103
53656652,11,trunk,123.4873584,41.7592045
53656652,12,trunk,123.4879514,41.7593472
53656652,13,trunk,123.4879884,41.7593561
53656652,14,trunk,123.4888617,41.7595963
53656653,0,trunk,123.4665452,41.7582641
53656653,1,trunk,123.4660936,41.7582527
53656654,0,trunk,123.4660936,41.7582527
53656654,1,trunk,123.4647073,41.7582398
53656654,2,trunk,123.4624023,41.7582183
53656654,3,trunk,123.4591274,41.7581967
53656654,4,trunk,123.4580304,41.7581904
53656654,5,trunk,123.4569985,41.7581353
53656654,6,trunk,123.4559177,41.7580438
53656654,7,trunk,123.4543416,41.757884
53656654,8,trunk,123.4539939,41.7578572
53656654,9,trunk,123.4539286,41.7578489
53673491,0,trunk,123.3945566,41.7226327
53673491,1,trunk,123.3946882,41.7226582
53673491,2,trunk,123.3957989,41.7229097
53673491,3,trunk,123.3979363,41.7233937
53673491,4,trunk,123.4016066,41.7242247
53722688,0,primary,123.521127,41.8485197
53722688,1,primary,123.520882,41.8480181
53722688,2,primary,123.5188255,41.8440352
53722688,3,primary,123.5182322,41.842889
53722688,4,primary,123.5171627,41.8408202
53722688,5,primary,123.5171182,41.8407365
53722688,6,primary,123.5170541,41.8406127
53722688,7,primary,123.5170013,41.8405107
53722688,8,primary,123.5168729,41.8402626
53722688,9,primary,123.5159621,41.8384403
53722688,10,primary,123.5154054,41.8373264
53722688,11,primary,123.514329,41.835104
54386511,0,motorway,123.5608253,41.9018187
54386511,1,motorway,123.5614632,41.9029335
54386511,2,motorway,123.5619487,41.9036953
54386511,3,motorway,123.5625015,41.9044671
54386511,4,motorway,123.5630809,41.905241
54386511,5,motorway,123.5636463,41.9059133
54386511,6,motorway,123.5642243,41.9065228
54386511,7,motorway,123.5664704,41.9086106
54386511,8,motorway,123.5730225,41.9144923
54386511,9,motorway,123.5737601,41.9152294
54386511,10,motorway,123.5745639,41.9161468
54386511,11,motorway,123.5752227,41.9170536
54386511,12,motorway,123.5759801,41.9182398
54386511,13,motorway,123.5797995,41.9250558
54386584,0,motorway,123.5606902,41.9015942
54386584,1,motorway,123.5608253,41.9018187
54386623,0,motorway,123.5606003,41.9018911
54386623,1,motorway,123.5604682,41.9016559
54386752,0,motorway,123.5599083,41.9002975
54386752,1,motorway,123.5606902,41.9015942
54386758,0,motorway,123.559683,41.8999381
54386758,1,motorway,123.5599083,41.9002975
54386785,0,motorway,123.5596675,41.9003419
54386785,1,motorway,123.5594684,41.9000099
54386793,0,motorway,123.5604682,41.9016559
54386793,1,motorway,123.5596675,41.9003419
54422429,0,primary,123.5234938,41.8533166
54422429,1,primary,123.523472,41.8532729
54422429,2,primary,123.5231346,41.8525982
54422429,3,primary,123.5224686,41.8512662
54422429,4,primary,123.5211587,41.8485845
54422429,5,primary,123.521127,41.8485197
54422668,0,motorway,123.5594684,41.9000099
54422668,1,motorway,123.5557217,41.893778
54422668,2,motorway,123.5545589,41.8918133
54422668,3,motorway,123.553941,41.8908743
54422668,4,motorway,123.5531529,41.8897651
54422668,5,motorway,123.5523638,41.8888706
54422668,6,motorway,123.5517861,41.8882827
54422874,0,motorway,123.536884,41.876444
54422874,1,motorway,123.5379508,41.8777881
54422874,2,motorway,123.5391679,41.8789238
54422874,3,motorway,123.539924,41.8794767
54422874,4,motorway,123.5414043,41.8804948
54422874,5,motorway,123.5430325,41.881587
54422874,6,motorway,123.5444902,41.8826265
54422874,7,motorway,123.5486251,41.8854722
54422874,8,motorway,123.549387,41.8860129
54422874,9,motorway,123.5502358,41.8866614
54422874,10,motorway,123.5509052,41.8872352
54422874,11,motorway,123.552031,41.8881923
59914415,0,trunk,123.527317,41.811797
59914415,1,trunk,123.5312089,41.8132164
59914415,2,trunk,123.5356096,41.8148863
59914417,0,trunk,123.5355632,41.8149531
59914417,1,trunk,123.5328077,41.8139282
59914417,2,trunk,123.5272713,41.8118629
63425969,0,trunk,123.488195,41.8114709
63425969,1,trunk,123.4886268,41.8116536
63425976,0,motorway,123.2919829,41.7349958
63425976,1,motorway,123.2956658,41.7290175
63425976,2,motorway,123.2959422,41.7285654
63425976,3,motorway,123.2964197,41.7277797
63425976,4,motorway,123.2969521,41.7268443
63425976,5,motorway,123.2971713,41.7264279
63425976,6,motorway,123.2974287,41.7259164
63425976,7,motorway,123.2975591,41.7256428
63425976,8,motorway,123.2982587,41.7242458
63425976,9,motorway,123.2998594,41.7203437
63425976,10,motorway,123.3005506,41.7187091
63425976,11,motorway,123.3024723,41.7144268
63425980,0,motorway,123.287644,41.8430497
63425980,1,motorway,123.2882491,41.8435352
63425982,0,motorway,123.3024723,41.7144268
63425982,1,motorway,123.3042998,41.7106684
63425986,0,motorway,123.2875249,41.8432079
63425986,1,motorway,123.2867148,41.8424628
63425986,2,motorway,123.2855021,41.8412649
63425989,0,trunk,123.4885781,41.81171
63425989,1,trunk,123.4880819,41.8115054
63425999,0,motorway,123.2921446,41.7351284
63425999,1,motorway,123.2919366,41.7354527
63426003,0,motorway,123.291757,41.7353526
63426003,1,motorway,123.2919829,41.7349958
63426005,0,motorway,123.3026947,41.7144971
63426005,1,motorway,123.3013463,41.7174084
63426005,2,motorway,123.3012994,41.7175259
63426005,3,motorway,123.3012449,41.7176545
63426005,4,motorway,123.301195,41.7177842
63426005,5,motorway,123.3011496,41.7179092
63426005,6,motorway,123.3002071,41.7201058
63426005,7,motorway,123.2993771,41.7220531
63426005,8,motorway,123.2992646,41.7224071
63426018,0,trunk,123.4747869,41.8052591
63426018,1,trunk,123.4744624,41.8051953
63426018,2,trunk,123.4741687,41.8051843
63426018,3,trunk,123.4737918,41.8052089
63426018,4,trunk,123.473351,41.8053025
63426018,5,trunk,123.4731059,41.805387
63426018,6,trunk,123.4729102,41.8055021
63426018,7,trunk,123.4725014,41.805844
63426018,8,trunk,123.4722331,41.8062196
63426018,9,trunk,123.4719255,41.8066928
63426018,10,trunk,123.4715525,41.807122
63426018,11,trunk,123.4711533,41.8073854
63426018,12,trunk,123.4704924,41.8075415
63426018,13,trunk,123.469995,41.807561
63426018,14,trunk,123.4643541,41.8071269
63426018,15,trunk,123.463307,41.8070684
63426018,16,trunk,123.4622862,41.8071366
63426018,17,trunk,123.4594919,41.807561
63426018,18,trunk,123.457954,41.8077513
63426018,19,trunk,123.4556767,41.8079561
63426018,20,trunk,123.4547695,41.8080187
63426018,21,trunk,123.4525814,41.8080683
63426018,22,trunk,123.4466067,41.8082342
63426018,23,trunk,123.4455073,41.8082537
63426018,24,trunk,123.4444127,41.8082587
63426018,25,trunk,123.4424206,41.8083177
63426018,26,trunk,123.4399922,41.8083625
63426018,27,trunk,123.4388446,41.8083625
63426018,28,trunk,123.4379408,41.8082338
63426018,29,trunk,123.4360113,41.8078402
63426018,30,trunk,123.4349755,41.8076737
63426018,31,trunk,123.4342139,41.8076888
63426018,32,trunk,123.433371,41.8079083
63426018,33,trunk,123.4322946,41.8083928
63426018,34,trunk,123.4314111,41.8086199
63426018,35,trunk,123.4305276,41.8086653
63426018,36,trunk,123.4296949,41.8085896
63426018,37,trunk,123.4283138,41.8085593
63426018,38,trunk,123.4266585,41.8086728
63426018,39,trunk,123.4250641,41.8088394
63426018,40,trunk,123.423551,41.8089983
63426018,41,trunk,123.4216686,41.8092015
63426018,42,trunk,123.4214077,41.8092265
63426018,43,trunk,123.419315,41.8094275
63426018,44,trunk,123.4180843,41.8095416
63426018,45,trunk,123.4173871,41.8095938
63426018,46,trunk,123.416697,41.8096142
63426018,47,trunk,123.4153345,41.809586
63426018,48,trunk,123.4142022,41.8095394
63426018,49,trunk,123.4126979,41.8094562
63426018,50,trunk,123.4105234,41.809229
63426018,51,trunk,123.4087514,41.8090563
63426018,52,trunk,123.4075391,41.8089188
63426018,53,trunk,123.4069082,41.8088339
63426018,54,trunk,123.4058041,41.8086116
63426018,55,trunk,123.4046935,41.808346
63426018,56,trunk,123.4042659,41.8082348
63426018,57,trunk,123.4038648,41.8080821
63426018,58,trunk,123.4033783,41.8078489
63426018,59,trunk,123.4031182,41.8076991
63426018,60,trunk,123.4028551,41.807492
63426018,61,trunk,123.4026246,41.8072562
63426018,62,trunk,123.4020955,41.8066327
63426018,63,trunk,123.4013683,41.8057381
63426018,64,trunk,123.4007298,41.804903
63426022,0,motorway,123.2881617,41.8437127
63426022,1,motorway,123.2875249,41.8432079
63426028,0,motorway,123.2697744,41.8007618
63426028,1,motorway,123.2702411,41.8022342
63426031,0,trunk,123.3875191,41.7592076
63426031,1,trunk,123.387399,41.7591696
63426031,2,trunk,123.3868736,41.7590031
63426031,3,trunk,123.3868063,41.7589815
63426031,4,trunk,123.385677,41.7585477
63426039,0,motorway,123.2774577,41.7643942
63426039,1,motorway,123.2787809,41.7602652
63426039,2,motorway,123.2798951,41.7570528
63426039,3,motorway,123.2802014,41.7561695
63426039,4,motorway,123.2804735,41.7554284
63426039,5,motorway,123.2809934,41.7541637
63426039,6,motorway,123.2815069,41.7528185
63426039,7,motorway,123.2819317,41.7517326
63426039,8,motorway,123.2827502,41.7499799
63426039,9,motorway,123.28304,41.749501
63426039,10,motorway,123.2836092,41.7483927
63426039,11,motorway,123.2842219,41.7474766
63426039,12,motorway,123.2881517,41.7411464
63426045,0,motorway,123.3044671,41.7107269
63426045,1,motorway,123.3026947,41.7144971
63426066,0,motorway,123.2776581,41.76443
63426066,1,motorway,123.2773697,41.7652368
63426074,0,motorway,123.2771435,41.7651796
63426074,1,motorway,123.2774577,41.7643942
63426083,0,motorway,123.2919366,41.7354527
63426083,1,motorway,123.289489,41.7393842
63426083,2,motorway,123.2884855,41.7410015
63426086,0,trunk,123.3875905,41.7590863
63426086,1,trunk,123.3890257,41.7595337
63436760,0,primary,123.4365009,41.807775
63436760,1,primary,123.4366605,41.8077976
63436760,2,primary,123.4368911,41.8078521
63436760,3,primary,123.4379611,41.808037
63436760,4,primary,123.4388243,41.8081581
63436760,5,primary,123.4399617,41.8081733
63436760,6,primary,123.4426266,41.808118
63436760,7,primary,123.4436444,41.8080965
63436760,8,primary,123.4457913,41.8080607
63436760,9,primary,123.4461655,41.8080456
63436760,10,primary,123.4479548,41.8079895
63436760,11,primary,123.4506319,41.8079182
63436760,12,primary,123.4544882,41.8078569
63436760,13,primary,123.4552059,41.8078204
63436760,14,primary,123.4557169,41.8077892
63436760,15,primary,123.4580948,41.8075493
63436760,16,primary,123.4583368,41.8075249
63436781,0,primary,123.4584022,41.807806
63436781,1,primary,123.4581423,41.8078277
63436781,2,primary,123.4552774,41.8080704
63436781,3,primary,123.454782,41.8081077
63436781,4,primary,123.4506748,41.8082239
63436781,5,primary,123.4462391,41.8083006
67151514,0,primary,123.4298983,41.780072
67151514,1,primary,123.429948,41.7813634
67151522,0,primary,123.4297861,41.7813273
67151522,1,primary,123.4296942,41.7800216
67151523,0,primary,123.4296942,41.7800216
67151523,1,primary,123.4296916,41.7799571
67151523,2,primary,123.4295358,41.7760584
67151523,3,primary,123.4295583,41.776021
67151523,4,primary,123.429544,41.775907
67151523,5,primary,123.4295331,41.7758201
67151523,6,primary,123.4294736,41.7742081
67151523,7,primary,123.4294172,41.7726242
67477212,0,motorway,123.2691267,41.8003941
67477212,1,motorway,123.2689082,41.7997316
67477234,0,motorway,123.3093045,41.7013369
67477234,1,motorway,123.3078774,41.7040441
67477234,2,motorway,123.3065086,41.7066604
67477234,3,motorway,123.3054106,41.7086992
67477234,4,motorway,123.3044671,41.7107269
67500020,0,trunk,123.4048952,41.7950708
67500020,1,trunk,123.4056974,41.7962095
67500020,2,trunk,123.4062524,41.7969569
67500020,3,trunk,123.4070977,41.79777
67500020,4,trunk,123.4082017,41.7992679
67500020,5,trunk,123.4088254,41.8002803
67500020,6,trunk,123.4094631,41.8011122
67500020,7,trunk,123.410364,41.8020455
67500020,8,trunk,123.4104596,41.8021795
67500020,9,trunk,123.4118632,41.8042132
67500020,10,trunk,123.4126166,41.8052097
67500020,11,trunk,123.4133948,41.8064233
67500020,12,trunk,123.4141348,41.8083956
67500020,13,trunk,123.4142124,41.8085547
67500020,14,trunk,123.4145373,41.8092307
67500020,15,trunk,123.4146133,41.8093887
67500020,16,trunk,123.4147612,41.8096404
86561915,0,motorway,123.4087312,41.8930993
86561915,1,motorway,123.4073052,41.8925675
86561917,0,motorway,123.4651635,41.9109971
86561917,1,motorway,123.4659883,41.911104
86561917,2,motorway,123.4673487,41.911172
86561917,3,motorway,123.4682717,41.9111451
86561917,4,motorway,123.4692845,41.9110598
86561917,5,motorway,123.4695558,41.9110195
86561917,6,motorway,123.4701715,41.9109351
87663627,0,trunk,123.3894089,41.8077035
87663627,1,trunk,123.38584,41.8096996
87663627,2,trunk,123.3853989,41.8098465
87663627,3,trunk,123.3848315,41.8100355
87663627,4,trunk,123.3819905,41.8106607
87663627,5,trunk,123.3806547,41.8109547
87663628,0,trunk,123.3939887,41.8048564
87663628,1,trunk,123.3945491,41.8045724
87663628,2,trunk,123.3959688,41.8039402
87663628,3,trunk,123.3964119,41.8037512
87663628,4,trunk,123.3969353,41.8035332
87663628,5,trunk,123.3970834,41.8034746
87663628,6,trunk,123.3972468,41.8033953
87663628,7,trunk,123.3973768,41.803341
87663628,8,trunk,123.397885,41.8032024
87663628,9,trunk,123.3982261,41.8031483
87663628,10,trunk,123.3984898,41.803139
87663628,11,trunk,123.3986789,41.8031474
87663628,12,trunk,123.3988607,41.8031731
87663628,13,trunk,123.398982,41.8031974
87663628,14,trunk,123.3991165,41.8032337
87663628,15,trunk,123.3992591,41.8032787
87663628,16,trunk,123.3995643,41.803411
87663628,17,trunk,123.3999253,41.8036702
87663628,18,trunk,123.4006581,41.8046187
87663628,19,trunk,123.4009581,41.805019
87663643,0,trunk,123.4007298,41.804903
87663643,1,trunk,123.4001927,41.8042185
87663643,2,trunk,123.3999713,41.8039512
87663643,3,trunk,123.3998133,41.8037675
87663643,4,trunk,123.399606,41.8035652
87663643,5,trunk,123.3994997,41.8034913
87663643,6,trunk,123.3993856,41.8034242
87663643,7,trunk,123.3991743,41.8033513
87663643,8,trunk,123.3989697,41.8033025
87663643,9,trunk,123.3986845,41.8032681
87663643,10,trunk,123.3984014,41.8032505
87663643,11,trunk,123.3980358,41.8032856
87663643,12,trunk,123.3978134,41.8033222
87663643,13,trunk,123.397591,41.8033963
87663643,14,trunk,123.3973044,41.8035345
87663643,15,trunk,123.3960852,41.8040594
87663643,16,trunk,123.3950053,41.8045243
87663643,17,trunk,123.3947103,41.8046598
88311446,0,primary,123.4133948,41.7711095
88311446,1,primary,123.4124044,41.7715796
88311446,2,primary,123.410595,41.7723284
88311446,3,primary,123.4098303,41.7726532
88311446,4,primary,123.4054122,41.7744342
88311446,5,primary,123.402366,41.7757334
88311446,6,primary,123.3991,41.7771354
88311446,7,primary,123.3989612,41.7771942
88311446,8,primary,123.3964627,41.7782586
88311446,9,primary,123.3932915,41.7796209
88311446,10,primary,123.3930653,41.7797177
88311446,11,primary,123.392091,41.7801346
88311446,12,primary,123.390981,41.7806096
88311446,13,primary,123.3898129,41.7811094
88311446,14,primary,123.3886377,41.7816122
88311446,15,primary,123.3874702,41.7821117
88311446,16,primary,123.3862763,41.7826225
88311446,17,primary,123.385196,41.7830848
88311446,18,primary,123.3841044,41.7835519
88311446,19,primary,123.3839705,41.7836092
88311447,0,primary,123.4139366,41.7708773
88311447,1,primary,123.4133948,41.7711095
88311474,0,primary,123.4132632,41.7709386
88311474,1,primary,123.4137653,41.7707343
90024588,0,trunk,123.4591083,41.7221217
90024588,1,trunk,123.4585753,41.7229281
90024588,2,trunk,123.4566864,41.7259831
90024588,3,trunk,123.4564534,41.7265051
90024588,4,trunk,123.4563355,41.7272816
90024588,5,trunk,123.4562919,41.7280152
90024588,6,trunk,123.4565399,41.7298723
90024588,7,trunk,123.4564268,41.7306015
90024588,8,trunk,123.455756,41.733562
90024588,9,trunk,123.4556685,41.7338653
90024588,10,trunk,123.4550258,41.7351882
90024588,11,trunk,123.4548019,41.7356551
90024588,12,trunk,123.4547805,41.7356997
90024588,13,trunk,123.4547445,41.7358087
90024588,14,trunk,123.4546936,41.7359627
90024588,15,trunk,123.4546667,41.736044
90024588,16,trunk,123.4546611,41.7361134
90024588,17,trunk,123.4546366,41.736413
90024588,18,trunk,123.4546255,41.7365478
90024588,19,trunk,123.4545248,41.7390299
90024588,20,trunk,123.4544115,41.7413066
90024588,21,trunk,123.4543591,41.7429664
90024588,22,trunk,123.4543985,41.7430227
90024588,23,trunk,123.4543925,41.7430662
90024588,24,trunk,123.4543799,41.7431484
90024588,25,trunk,123.4543088,41.7446733
90024588,26,trunk,123.4542493,41.7455953
90024588,27,trunk,123.4542454,41.7456557
90024588,28,trunk,123.4541543,41.7460964
90024588,29,trunk,123.4540202,41.746481
90024588,30,trunk,123.4539366,41.7466087
90024588,31,trunk,123.4538229,41.7467764
90024588,32,trunk,123.4536931,41.7469685
90024588,33,trunk,123.4534238,41.747228
90024588,34,trunk,123.4530819,41.7475144
90024588,35,trunk,123.4529662,41.7475925
90024591,0,trunk,123.4379669,41.7540507
90024591,1,trunk,123.4526098,41.7476358
90024591,2,trunk,123.4528459,41.7474958
90024595,0,trunk,123.4529662,41.7475925
90024595,1,trunk,123.4525777,41.7478119
90024595,2,trunk,123.4380908,41.7541764
90032163,0,primary,123.4606284,41.6959644
90032163,1,primary,123.4606064,41.6923692
90032163,2,primary,123.460596,41.6920777
90032163,3,primary,123.4605983,41.6920042
90032163,4,primary,123.4606069,41.6917322
90032163,5,primary,123.460569,41.6858541
90032163,6,primary,123.4605684,41.6857646
90032163,7,primary,123.4604953,41.6821709
90032163,8,primary,123.4605063,41.6817502
90032163,9,primary,123.4605065,41.6817407
90032163,10,primary,123.4605089,41.681647
90032163,11,primary,123.4605093,41.681635
90032163,12,primary,123.4605117,41.6815581
90032163,13,primary,123.4605135,41.6814986
90032163,14,primary,123.4605161,41.6814168
90032163,15,primary,123.4605171,41.6813835
90032163,16,primary,123.4605136,41.6813087
90032163,17,primary,123.4605109,41.6812518
90032163,18,primary,123.4604914,41.6808369
90032163,19,primary,123.4604888,41.6800928
90032163,20,primary,123.4604847,41.6789415
90032163,21,primary,123.46048,41.6776297
90032163,22,primary,123.4604701,41.677078
90032163,23,primary,123.4604669,41.6769973
90032163,24,primary,123.4604714,41.6765178
90032163,25,primary,123.460464,41.674358
90032163,26,primary,123.4604559,41.6739449
90180947,0,primary,123.3930376,41.8361145
90180947,1,primary,123.3924734,41.8429889
90180947,2,primary,123.3922661,41.8457634
90180947,3,primary,123.3919843,41.8495339
90180947,4,primary,123.3919779,41.8496255
90180947,5,primary,123.3918957,41.8508868
90180947,6,primary,123.3919064,41.8512104
90180947,7,primary,123.3919573,41.851608
90180947,8,primary,123.3920051,41.8518375
90180947,9,primary,123.3925436,41.8544236
90180947,10,primary,123.3926762,41.8550603
90180947,11,primary,123.3928076,41.8559274
90180947,12,primary,123.3927137,41.8565267
90180947,13,primary,123.3926654,41.856748
90180947,14,primary,123.3926423,41.8568538
90180947,15,primary,123.3926186,41.8569907
90180947,16,primary,123.3925984,41.8570739
90180947,17,primary,123.3920459,41.8593475
90180947,18,primary,123.3919761,41.8596151
90180947,19,primary,123.3919708,41.8598808
90180947,20,primary,123.3920143,41.8609345
90180947,21,primary,123.3919757,41.8617426
90180947,22,primary,123.3919327,41.8627387
90180947,23,primary,123.3919003,41.8635013
90180947,24,primary,123.3917942,41.8661324
90180947,25,primary,123.3917841,41.866241
90180947,26,primary,123.3916507,41.8692783
90180947,27,primary,123.391448,41.8741001
90180947,28,primary,123.3912064,41.8793075
90180947,29,primary,123.3911364,41.8810254
90180947,30,primary,123.3910394,41.8841395
102975177,0,primary,123.4229992,41.8166396
102975177,1,primary,123.4229968,41.8165515
102975258,0,primary,123.4230389,41.8154826
102975258,1,primary,123.423063,41.8146924
102975266,0,trunk,123.4009581,41.805019
102975266,1,trunk,123.4023648,41.8068121
102975266,2,trunk,123.4026837,41.8071328
102975266,3,trunk,123.4031304,41.8075905
102975266,4,trunk,123.4035084,41.8078203
102975266,5,trunk,123.4039311,41.808012
102975266,6,trunk,123.4042237,41.8081309
102975266,7,trunk,123.4049007,41.8083116
102975266,8,trunk,123.4057972,41.8085372
102975266,9,trunk,123.4066421,41.8087297
102975266,10,trunk,123.4074614,41.8088594
102975266,11,trunk,123.4124182,41.8093552
102975266,12,trunk,123.412823,41.8093868
102975266,13,trunk,123.4140644,41.8094656
102975266,14,trunk,123.4152793,41.8095195
102975266,15,trunk,123.4164212,41.8095437
102975266,16,trunk,123.4170493,41.8095342
102975266,17,trunk,123.4179653,41.8094679
102975266,18,trunk,123.4191141,41.8093813
102975266,19,trunk,123.4215283,41.8091304
102975266,20,trunk,123.4230769,41.8089694
102975266,21,trunk,123.4250438,41.808741
102975266,22,trunk,123.4266585,41.8085744
102975266,23,trunk,123.4283239,41.8084609
102975266,24,trunk,123.429705,41.8084988
102975266,25,trunk,123.4305276,41.8085593
102975266,26,trunk,123.4313705,41.808529
102975266,27,trunk,123.4322539,41.8083019
102975266,28,trunk,123.4333405,41.8078251
102975266,29,trunk,123.4342037,41.807598
102975266,30,trunk,123.4349857,41.8075828
102975266,31,trunk,123.4360317,41.8077645
102975266,32,trunk,123.4379713,41.808143
102975266,33,trunk,123.4388446,41.8082641
102975266,34,trunk,123.439982,41.8082717
102975266,35,trunk,123.4424476,41.8081924
102975266,36,trunk,123.4454484,41.808122
102975266,37,trunk,123.4465936,41.8080878
102975266,38,trunk,123.4525748,41.8079415
102975266,39,trunk,123.4547344,41.8079269
102975266,40,trunk,123.4556898,41.8078683
102975266,41,trunk,123.4579802,41.8076537
102975266,42,trunk,123.4594895,41.807482
102975266,43,trunk,123.4623525,41.8070483
102975266,44,trunk,123.4633068,41.806985
102975266,45,trunk,123.4643592,41.8070386
102975266,46,trunk,123.4700067,41.8074966
102975266,47,trunk,123.4704839,41.8074722
102975266,48,trunk,123.4710721,41.8072968
102975266,49,trunk,123.4714513,41.8070727
102975266,50,trunk,123.4718173,41.8066683
102975266,51,trunk,123.4720554,41.8062483
102975266,52,trunk,123.4722593,41.8059535
102975266,53,trunk,123.4726156,41.8055666
102975266,54,trunk,123.4729267,41.8053394
102975266,55,trunk,123.4732707,41.8052043
102975266,56,trunk,123.4736332,41.8051167
102975266,57,trunk,123.473936,41.8050876
102975266,58,trunk,123.4742079,41.8050814
102975266,59,trunk,123.4745299,41.80509
105513189,0,primary,123.3235216,41.6485755
105513189,1,primary,123.3233432,41.649249
105513189,2,primary,123.3230693,41.65028
105513189,3,primary,123.3224692,41.6524485
105513189,4,primary,123.3222908,41.6531577
105513189,5,primary,123.3222521,41.6533064
105513189,6,primary,123.3219833,41.6543467
105513189,7,primary,123.3215093,41.6560791
105513189,8,primary,123.3214423,41.6562211
105513189,9,primary,123.3213913,41.6564708
105513189,10,primary,123.320985,41.6581403
105513189,11,primary,123.3208494,41.6585817
105513189,12,primary,123.3206606,41.6592502
105513189,13,primary,123.3204905,41.659947
105513189,14,primary,123.3204548,41.6601022
105513189,15,primary,123.3203222,41.6605842
105513189,16,primary,123.3202892,41.6607205
105513189,17,primary,123.3202689,41.6608072
105513189,18,primary,123.3202443,41.6609037
105513189,19,primary,123.3201412,41.6612636
105513189,20,primary,123.3198855,41.6622627
105513189,21,primary,123.3192256,41.6648052
105513189,22,primary,123.3189708,41.6658702
105513189,23,primary,123.3192424,41.6685553
105513189,24,primary,123.3195109,41.6709636
105513189,25,primary,123.319992,41.675628
105513189,26,primary,123.3206431,41.6826558
110016827,0,trunk,123.4330534,41.7511278
110016827,1,trunk,123.4339852,41.750353
110016827,2,trunk,123.4342683,41.7500864
110016827,3,trunk,123.4345711,41.7498494
110016827,4,trunk,123.4353462,41.7492431
110016827,5,trunk,123.4358803,41.7488265
110016827,6,trunk,123.4359259,41.748791
110016828,0,trunk,123.4323944,41.7518948
110016828,1,trunk,123.4326432,41.7515913
120004691,0,primary,123.3193394,41.7535408
120004691,1,primary,123.3192153,41.7536305
120004691,2,primary,123.3189013,41.7538655
120004691,3,primary,123.3158633,41.7562362
120004691,4,primary,123.31482,41.7570682
120004691,5,primary,123.3147531,41.757128
120004691,6,primary,123.3136682,41.7580366
120004691,7,primary,123.3117503,41.7594458
120004691,8,primary,123.3111635,41.7599042
123714411,0,primary,123.3342547,41.7415175
123714411,1,primary,123.3339951,41.7417179
123714411,2,primary,123.3313876,41.74378
123714411,3,primary,123.331239,41.7438922
123714411,4,primary,123.3310846,41.7440073
123714411,5,primary,123.3281856,41.7463474
123714411,6,primary,123.3251058,41.7489078
123714411,7,primary,123.3236206,41.7501214
123714411,8,primary,123.323537,41.7501897
123714411,9,primary,123.3229375,41.7505861
123714411,10,primary,123.3220658,41.7512623
126167779,0,trunk,123.4675105,41.7794699
126167779,1,trunk,123.4677504,41.7792409
126167779,2,trunk,123.4686845,41.7784484
126167779,3,trunk,123.4705834,41.7768844
126167779,4,trunk,123.471849,41.7757349
126167779,5,trunk,123.4722292,41.7753738
126167779,6,trunk,123.4725497,41.7750694
126167779,7,trunk,123.4730582,41.7746293
126167779,8,trunk,123.4743296,41.7735434
126167781,0,primary,123.4585084,41.7742595
126167781,1,primary,123.4586917,41.7741464
126167781,2,primary,123.458761,41.7740937
126167781,3,primary,123.4629979,41.7705012
126167781,4,primary,123.4633811,41.7701835
126167781,5,primary,123.4639489,41.7697128
126167781,6,primary,123.4659778,41.7679255
128070302,0,motorway,123.5308907,41.6571715
128070302,1,motorway,123.5304637,41.6575056
128070303,0,motorway,123.5302738,41.6574022
128070303,1,motorway,123.5306976,41.6570709
128070304,0,motorway,123.5188591,41.6647425
128070304,1,motorway,123.5173788,41.6660236
128070304,2,motorway,123.5117765,41.6716103
128070304,3,motorway,123.5077676,41.675574
128070304,4,motorway,123.503478,41.6799182
128070304,5,motorway,123.5023734,41.6810891
128070304,6,motorway,123.5010863,41.6827444
128070304,7,motorway,123.4997874,41.6843917
128070304,8,motorway,123.4989582,41.6854468
128070304,9,motorway,123.4973918,41.6875741
128070304,10,motorway,123.4939012,41.6924805
128070304,11,motorway,123.4919306,41.6951518
128070305,0,motorway,123.5386838,41.6392571
128070305,1,motorway,123.5390881,41.6376354
128070305,2,motorway,123.5410045,41.6298901
128070305,3,motorway,123.5413433,41.6287214
128070305,4,motorway,123.5418666,41.6272414
128070305,5,motorway,123.5424363,41.6259567
128070305,6,motorway,123.543271,41.6243916
128070305,7,motorway,123.5441274,41.6230861
128070305,8,motorway,123.54535,41.6214341
128070305,9,motorway,123.5504483,41.6150434
128070305,10,motorway,123.5541538,41.6104801
128070305,11,motorway,123.555052,41.6095708
128070305,12,motorway,123.5560053,41.608823
128070305,13,motorway,123.557319,41.6080021
128070305,14,motorway,123.5586591,41.6073618
128070305,15,motorway,123.5603658,41.6067999
128070305,16,motorway,123.5628798,41.6062098
128070305,17,motorway,123.5632779,41.6061334
128070305,18,motorway,123.5704427,41.6047573
128070305,19,motorway,123.5718909,41.6043852
128070305,20,motorway,123.5734397,41.6038578
128070305,21,motorway,123.5746987,41.6032426
128070305,22,motorway,123.5758269,41.6025557
128070305,23,motorway,123.5772653,41.6014142
128070305,24,motorway,123.5794677,41.5993599
128070305,25,motorway,123.5835712,41.5955982
128070305,26,motorway,123.5851609,41.5944803
128070305,27,motorway,123.5863999,41.5938803
128070305,28,motorway,123.5875849,41.5934156
128070305,29,motorway,123.5888242,41.5930427
128070305,30,motorway,123.5991197,41.5900304
128070305,31,motorway,123.601995,41.5891409
128070305,32,motorway,123.6057088,41.5877748
128070305,33,motorway,123.6087638,41.5864698
128070305,34,motorway,123.6125259,41.584673
128070305,35,motorway,123.6163816,41.5829352
128070305,36,motorway,123.6204789,41.581304
128070310,0,primary,123.4183344,41.8366226
128070310,1,primary,123.4177394,41.8365823
128070317,0,primary,123.4225124,41.8328713
128070317,1,primary,123.4225333,41.8323213
128070323,0,trunk,123.5235242,41.6533522
128070323,1,trunk,123.5231795,41.6531934
128070327,0,primary,123.4177394,41.8365823
128070327,1,primary,123.4135503,41.8364327
128070327,2,primary,123.4133089,41.8364287
131388275,0,primary,123.2393887,41.7775356
131388275,1,primary,123.2393482,41.7775496
131388275,2,primary,123.239233,41.7775073
131388275,3,primary,123.2391375,41.7774651
131388275,4,primary,123.2390293,41.777377
131388275,5,primary,123.238977,41.7772921
131388275,6,primary,123.2389578,41.7771734
131388275,7,primary,123.2389983,41.7770499
131388275,8,primary,123.2390889,41.7769513
131388275,9,primary,123.2392193,41.7768817
131388275,10,primary,123.2393064,41.7768583
131388275,11,primary,123.2394663,41.7768498
131388275,12,primary,123.2395737,41.7768679
131388275,13,primary,123.239713,41.776927
131388275,14,primary,123.2398131,41.7770134
131388275,15,primary,123.2398713,41.7771248
131388275,16,primary,123.2398749,41.7772443
131388275,17,primary,123.2398367,41.7773115
131388275,18,primary,123.2397632,41.7774212
131388275,19,primary,123.2396373,41.7774953
131388275,20,primary,123.2394851,41.7775328
131388275,21,primary,123.2393887,41.7775356
131388276,0,primary,123.2399351,41.7635476
131388276,1,primary,123.239848,41.7636463
131388276,2,primary,123.2397254,41.7637629
131388276,3,primary,123.2395916,41.7639496
131388276,4,primary,123.2395326,41.7640856
131388276,5,primary,123.2394644,41.7662277
131388276,6,primary,123.2395312,41.7693869
131388276,7,primary,123.2395844,41.7730928
131388276,8,primary,123.2395606,41.7750103
131388276,9,primary,123.2395737,41.7768679
131388280,0,primary,123.2396373,41.7774953
131388280,1,primary,123.2395955,41.7830585
131388280,2,primary,123.2396028,41.7831311
132515820,0,primary,123.3199243,41.753064
132515820,1,primary,123.3193394,41.7535408
132626766,0,primary,123.2265748,41.6960806
132626766,1,primary,123.2277525,41.6959968
132626766,2,primary,123.2286151,41.69604
132626766,3,primary,123.2293407,41.6962632
132626766,4,primary,123.2300402,41.6965412
132626766,5,primary,123.2310386,41.6971407
132626766,6,primary,123.2320411,41.6977452
132626766,7,primary,123.2333845,41.6986704
132626766,8,primary,123.2346796,41.6994852
132626766,9,primary,123.2351028,41.6997082
132626766,10,primary,123.2356721,41.6999605
132626766,11,primary,123.2363858,41.700248
132626766,12,primary,123.2381737,41.700828
132626766,13,primary,123.2439918,41.7027835
132626766,14,primary,123.2471172,41.7035959
132626766,15,primary,123.2496257,41.704257
132626766,16,primary,123.2503571,41.7044354
132626766,17,primary,123.2507366,41.7045116
132626766,18,primary,123.2510316,41.7045695
132626766,19,primary,123.2513292,41.7046068
132626766,20,primary,123.2524195,41.7047084
132626766,21,primary,123.2526792,41.7047355
132626766,22,primary,123.2528974,41.7047699
132626766,23,primary,123.2531105,41.7048159
132626766,24,primary,123.2532955,41.7048741
132626766,25,primary,123.2534615,41.7049437
132626766,26,primary,123.2536275,41.705027
132626766,27,primary,123.2537896,41.705127
132626766,28,primary,123.2539319,41.7052288
132626766,29,primary,123.2540627,41.7053304
132626766,30,primary,123.2542213,41.7054672
132626766,31,primary,123.254378,41.7056221
132626766,32,primary,123.2545718,41.7058223
132626766,33,primary,123.2547415,41.7059985
132626766,34,primary,123.2549269,41.7061989
132626766,35,primary,123.2550972,41.7063823
132626766,36,primary,123.2554049,41.7067071
132626766,37,primary,123.2557156,41.7070295
132626766,38,primary,123.255949,41.7072785
132626766,39,primary,123.2561945,41.7075354
132626766,40,primary,123.2564318,41.7077902
132626766,41,primary,123.2566341,41.7080098
132626766,42,primary,123.2568141,41.7082066
132626766,43,primary,123.256979,41.7083885
132626766,44,primary,123.2571728,41.7086266
132626766,45,primary,123.2573551,41.7088637
132626766,46,primary,123.2575189,41.7090823
132626766,47,primary,123.2576666,41.7092986
132626766,48,primary,123.2578331,41.7095422
132626766,49,primary,123.2580338,41.7098385
132626766,50,primary,123.2595532,41.7120649
132626766,51,primary,123.2606321,41.7136741
132626766,52,primary,123.2615564,41.7148766
132626766,53,primary,123.2619684,41.7154509
132626766,54,primary,123.2630247,41.7170217
132626766,55,primary,123.2636593,41.7180117
132626766,56,primary,123.2637332,41.7181154
132626766,57,primary,123.2648455,41.7196716
132626766,58,primary,123.2649894,41.7198519
132626766,59,primary,123.2651818,41.720078
132626766,60,primary,123.2654797,41.7204058
132626766,61,primary,123.2662952,41.7211921
132626766,62,primary,123.2670634,41.7219929
132626766,63,primary,123.2676512,41.7225164
132626766,64,primary,123.2681781,41.7229782
132626766,65,primary,123.2693536,41.7239668
132626766,66,primary,123.270803,41.7250456
132626766,67,primary,123.2715664,41.7255911
132626766,68,primary,123.2723979,41.7261955
132626766,69,primary,123.2735106,41.727003
132626766,70,primary,123.2749,41.7277039
132626766,71,primary,123.2768109,41.7285521
132626766,72,primary,123.2773918,41.7287625
132626766,73,primary,123.277663,41.728851
132626766,74,primary,123.2779118,41.7289243
132626766,75,primary,123.2782031,41.7290014
132626766,76,primary,123.2784984,41.7290604
132626766,77,primary,123.2787572,41.7290995
132626766,78,primary,123.279025,41.7291294
132626766,79,primary,123.2793081,41.7291525
132626766,80,primary,123.2796192,41.7291666
132626766,81,primary,123.2798984,41.7291644
132626766,82,primary,123.280156,41.7291507
132626766,83,primary,123.2805042,41.7291085
132626766,84,primary,123.2808163,41.7290556
132626766,85,primary,123.2811421,41.728979
132626766,86,primary,123.281443,41.7289024
132626766,87,primary,123.2817867,41.7287983
132626766,88,primary,123.2821422,41.7286797
132626766,89,primary,123.2829598,41.7283795
132626766,90,primary,123.2839945,41.7279902
132626766,91,primary,123.2852855,41.7275128
136823639,0,trunk,123.4617541,41.7175182
136823639,1,trunk,123.4617745,41.7174796
136823639,2,trunk,123.4618614,41.7173378
136823639,3,trunk,123.4623045,41.7166149
136823639,4,trunk,123.4630609,41.7152813
136823639,5,trunk,123.4632941,41.71467
136823639,6,trunk,123.4634352,41.7141504
136823639,7,trunk,123.4635004,41.713834
136823639,8,trunk,123.4635419,41.7135746
136823639,9,trunk,123.4635827,41.7130511
136823639,10,trunk,123.4635696,41.7125901
136823639,11,trunk,123.4634834,41.7120597
136823639,12,trunk,123.4631737,41.7107447
136823639,13,trunk,123.4626597,41.7085325
136823639,14,trunk,123.4625488,41.7074684
136823639,15,trunk,123.462578,41.706976
136823639,16,trunk,123.4625779,41.7067167
136823640,0,trunk,123.4612737,41.7182492
136823640,1,trunk,123.4617541,41.7175182
136823642,0,trunk,123.4528459,41.7474958
136823642,1,trunk,123.4531087,41.7473117
136823642,2,trunk,123.4535057,41.7469595
136823642,3,trunk,123.4536774,41.7467833
136823642,4,trunk,123.4538758,41.7464712
136823642,5,trunk,123.4540153,41.746131
136823642,6,trunk,123.454069,41.7458428
136823642,7,trunk,123.4540797,41.7456889
136823642,8,trunk,123.4541507,41.744664
136823642,9,trunk,123.4541884,41.7431403
136823642,10,trunk,123.4542047,41.7430565
136823642,11,trunk,123.4542142,41.7430131
136823642,12,trunk,123.4542094,41.742963
136823642,13,trunk,123.4542242,41.7413467
136823642,14,trunk,123.4542347,41.7412851
136823642,15,trunk,123.4542529,41.7412609
136823642,16,trunk,123.454225,41.7412134
136823642,17,trunk,123.4542262,41.74117
136823642,18,trunk,123.4542287,41.7410767
136823642,19,trunk,123.4542942,41.7390298
136823642,20,trunk,123.4543818,41.7370404
136823642,21,trunk,123.4544078,41.7364417
136823642,22,trunk,123.4544385,41.7362214
136823642,23,trunk,123.454447,41.736096
136823642,24,trunk,123.4544517,41.7360265
136823642,25,trunk,123.4544641,41.7359363
136823642,26,trunk,123.4544842,41.7357895
136823642,27,trunk,123.4544985,41.7356849
136823642,28,trunk,123.4545205,41.7356336
136823642,29,trunk,123.4546571,41.7353144
136823642,30,trunk,123.455397,41.7337914
136823642,31,trunk,123.4554904,41.7335316
136823642,32,trunk,123.4560737,41.7306711
136823642,33,trunk,123.4561818,41.7297541
136823642,34,trunk,123.4560931,41.7280148
136823642,35,trunk,123.4561373,41.7272699
136823642,36,trunk,123.4562583,41.726473
136823642,37,trunk,123.4565005,41.7259305
136823642,38,trunk,123.4582785,41.7230227
136823642,39,trunk,123.4588893,41.7220465
137536927,0,primary,123.2789003,41.7652553
137536927,1,primary,123.276703,41.7648231
137536927,2,primary,123.2761454,41.7647493
137536927,3,primary,123.2756919,41.764666
137536927,4,primary,123.2744344,41.7644237
137536927,5,primary,123.2712415,41.7637835
137536927,6,primary,123.2686521,41.7633121
137536927,7,primary,123.2679814,41.7632276
137536927,8,primary,123.267465,41.7631695
137536927,9,primary,123.266825,41.7631338
137536927,10,primary,123.2658219,41.7631375
137536927,11,primary,123.2645944,41.7631578
137536927,12,primary,123.263863,41.7631573
137536927,13,primary,123.2637552,41.7631573
137536927,14,primary,123.2629849,41.7631573
137536927,15,primary,123.2564156,41.7632053
137536927,16,primary,123.2510015,41.7632122
137536927,17,primary,123.2406323,41.7632253
137536927,18,primary,123.2404874,41.7632453
137536927,19,primary,123.2402565,41.7633428
137536927,20,primary,123.2400441,41.7634785
141210691,0,primary,123.5466894,41.8729946
141210691,1,primary,123.5471139,41.8730409
141210695,0,primary,123.5471139,41.8730409
141210695,1,primary,123.5473368,41.8730592
141210695,2,primary,123.5474616,41.8730611
141210695,3,primary,123.5477174,41.8730552
141210695,4,primary,123.5480822,41.8730398
141210695,5,primary,123.5513804,41.8728779
141210695,6,primary,123.5528164,41.8728101
141210695,7,primary,123.554458,41.8726823
141210695,8,primary,123.5550513,41.872614
141210695,9,primary,123.5553839,41.87265
141210695,10,primary,123.5556038,41.8727299
141210695,11,primary,123.5557755,41.8728058
141210695,12,primary,123.5560742,41.8729019
141728332,0,primary,123.5680298,41.9568984
141728332,1,primary,123.5672544,41.9571528
141728332,2,primary,123.5556311,41.9610975
141728332,3,primary,123.5528016,41.9619406
141728332,4,primary,123.5512961,41.9622829
141728332,5,primary,123.5504802,41.9624298
141728332,6,primary,123.5491662,41.9626331
141728332,7,primary,123.5489805,41.9626482
141728332,8,primary,123.5476433,41.9627709
141728332,9,primary,123.5452735,41.9628646
141728332,10,primary,123.5423263,41.9628037
141728332,11,primary,123.5367827,41.9627031
141728332,12,primary,123.5346973,41.9626652
141728332,13,primary,123.5286997,41.9625146
141728332,14,primary,123.5284867,41.9625082
141728332,15,primary,123.5208678,41.962386
141728332,16,primary,123.5110402,41.9621307
141728332,17,primary,123.5101403,41.962123
141728332,18,primary,123.5056563,41.9620849
141728333,0,primary,123.5689256,41.9565953
141728333,1,primary,123.5680298,41.9568984
143845731,0,motorway,123.2881517,41.7411464
143845731,1,motorway,123.2882986,41.7408915
143845732,0,motorway,123.2882986,41.7408915
143845732,1,motorway,123.2892631,41.7393798
143845732,2,motorway,123.291757,41.7353526
143845736,0,motorway,123.2883369,41.7412495
143845736,1,motorway,123.2868188,41.7436967
143845736,2,motorway,123.2843354,41.7475649
143845736,3,motorway,123.2831518,41.7496447
143845736,4,motorway,123.2821277,41.751784
143845736,5,motorway,123.2818956,41.7523428
143845736,6,motorway,123.2816739,41.7528766
143845736,7,motorway,123.2807279,41.7555036
143845736,8,motorway,123.2804792,41.7562836
143845736,9,motorway,123.2790904,41.7602384
143845736,10,motorway,123.2776581,41.76443
143845739,0,motorway,123.2884855,41.7410015
143845739,1,motorway,123.2883369,41.7412495
151627305,0,primary,123.4653403,41.7361208
151627305,1,primary,123.4653518,41.7363998
151627305,2,primary,123.465357,41.7365272
151627305,3,primary,123.4653588,41.7366042
151627305,4,primary,123.4653671,41.7369656
151627305,5,primary,123.4654379,41.7389728
151627305,6,primary,123.4655403,41.7409021
151627305,7,primary,123.4655765,41.7415741
151627305,8,primary,123.4656539,41.7430252
154186270,0,trunk,123.3168643,41.8285508
154186270,1,trunk,123.3175956,41.8283875
154186270,2,trunk,123.3222325,41.8272045
154186270,3,trunk,123.3239459,41.8267728
154186270,4,trunk,123.3243597,41.8266685
154186270,5,trunk,123.3248811,41.8265368
154186270,6,trunk,123.3249616,41.8265165
154186270,7,trunk,123.3297742,41.8253012
154186279,0,trunk,123.3169115,41.828659
154186279,1,trunk,123.3162867,41.8288105
154186279,2,trunk,123.3135658,41.8294421
154186279,3,trunk,123.3126455,41.8297719
154186279,4,trunk,123.3120367,41.8300594
154186279,5,trunk,123.311479,41.8304317
154186279,6,trunk,123.3110084,41.8308374
154186279,7,trunk,123.3105873,41.8312463
154186279,8,trunk,123.3102232,41.8317429
154186279,9,trunk,123.3099399,41.8323248
154186279,10,trunk,123.3097275,41.8329792
154186279,11,trunk,123.3096886,41.8338763
154186279,12,trunk,123.3099577,41.8359923
159656921,0,primary,123.3644635,41.7915953
159656921,1,primary,123.3646481,41.7915194
159656921,2,primary,123.3669727,41.7905212
159656921,3,primary,123.370382,41.7890569
159656921,4,primary,123.3706025,41.788963
159656921,5,primary,123.3729785,41.7879281
159656921,6,primary,123.3764522,41.7864252
159656921,7,primary,123.3766385,41.786369
159656921,8,primary,123.3777808,41.7858773
159656921,9,primary,123.3802279,41.7848293
159656921,10,primary,123.3819613,41.7840996
159656923,0,primary,123.3425113,41.800152
159656923,1,primary,123.3424238,41.8001788
159656923,2,primary,123.336006,41.8018208
159656923,3,primary,123.3327955,41.8026118
159656923,4,primary,123.3322717,41.8027183
159656923,5,primary,123.3317313,41.8027575
159656923,6,primary,123.3295364,41.802757
159656923,7,primary,123.3243333,41.8027905
159656923,8,primary,123.3242727,41.8027914
159656923,9,primary,123.3236064,41.8027952
159656925,0,primary,123.3645864,41.7917653
159656925,1,primary,123.3644122,41.7918384
159656925,2,primary,123.3623284,41.7927235
159656925,3,primary,123.3618113,41.7929425
159656925,4,primary,123.3601734,41.793647
159656925,5,primary,123.3584023,41.7944088
159656925,6,primary,123.3561258,41.7953879
159656925,7,primary,123.353579,41.7964675
159656925,8,primary,123.3502032,41.7978812
159656925,9,primary,123.3499863,41.7979689
159656927,0,primary,123.3429476,41.7999122
159656927,1,primary,123.3432973,41.7998023
159656927,2,primary,123.3456135,41.7992357
159656927,3,primary,123.3476489,41.7987019
159656927,4,primary,123.3480169,41.7985999
159656927,5,primary,123.3498814,41.7978427
159656928,0,primary,123.3653432,41.8180374
159656928,1,primary,123.3657032,41.818501
159656928,2,primary,123.3663531,41.8196323
159656928,3,primary,123.3664005,41.8197373
159656928,4,primary,123.3676876,41.8225854
159656928,5,primary,123.3692764,41.8261009
159656928,6,primary,123.3693401,41.8262418
159656928,7,primary,123.369722,41.8270878
159656928,8,primary,123.369867,41.8273851
159660209,0,primary,123.3544706,41.7783223
159660209,1,primary,123.3510903,41.7782474
159660209,2,primary,123.3494708,41.7781762
159660209,3,primary,123.3480664,41.7781162
159660209,4,primary,123.346367,41.7778794
159660209,5,primary,123.3457945,41.7777195
159660209,6,primary,123.3456775,41.7776868
159660209,7,primary,123.3455577,41.7776534
159660209,8,primary,123.344762,41.7774313
159660209,9,primary,123.3417017,41.7765619
159660209,10,primary,123.340834,41.7763154
159660209,11,primary,123.3393546,41.7758951
159660209,12,primary,123.3381101,41.7757223
159660209,13,primary,123.3369943,41.7757479
159660209,14,primary,123.3359332,41.7760535
159660209,15,primary,123.3356639,41.7761224
159660209,16,primary,123.3330046,41.7767764
159660209,17,primary,123.3327041,41.7768504
159660212,0,primary,123.3321135,41.7769293
159660212,1,primary,123.3319928,41.7769087
159660212,2,primary,123.3292264,41.7764355
159660212,3,primary,123.328579,41.7763395
159660212,4,primary,123.3280687,41.7762918
159660212,5,primary,123.3276642,41.7762743
159660212,6,primary,123.3268649,41.776283
159660212,7,primary,123.3250629,41.7761647
162200878,0,primary,123.4289177,41.7652435
162200878,1,primary,123.4287847,41.7628113
162200878,2,primary,123.4287387,41.7606064
162200878,3,primary,123.4286373,41.7585708
162200878,4,primary,123.4286351,41.7579205
162200878,5,primary,123.4286504,41.7576653
162200878,6,primary,123.4286782,41.7574578
162200878,7,primary,123.4287201,41.7572644
162200878,8,primary,123.4287805,41.7571125
162200878,9,primary,123.4288761,41.7568886
162200878,10,primary,123.4290086,41.7566797
162204194,0,primary,123.4522869,41.7683445
162204194,1,primary,123.44869,41.7684802
162204194,2,primary,123.4480813,41.7685005
162204194,3,primary,123.4479704,41.768503
162204194,4,primary,123.4471072,41.768523
162204194,5,primary,123.4467512,41.7685323
162204194,6,primary,123.4435142,41.768615
162204194,7,primary,123.4430798,41.7686287
162204194,8,primary,123.4422744,41.76865
162204194,9,primary,123.4399921,41.7687143
162204194,10,primary,123.4385351,41.7687489
162204194,11,primary,123.4366426,41.7687961
162204194,12,primary,123.4364127,41.7687991
162204194,13,primary,123.4332555,41.7688865
162204194,14,primary,123.4321264,41.7689185
162204194,15,primary,123.4317091,41.7689295
162204194,16,primary,123.4250086,41.7691012
164270442,0,primary,123.244144,41.7411849
164270442,1,primary,123.2472274,41.7368907
164270442,2,primary,123.2473013,41.7367802
164270442,3,primary,123.2473894,41.7366478
164270442,4,primary,123.2485181,41.734928
164270442,5,primary,123.2495337,41.7333821
164329801,0,primary,123.3990962,41.7876353
164329801,1,primary,123.3978188,41.7859516
164329801,2,primary,123.3965439,41.7842711
164329801,3,primary,123.396209,41.7838296
164329801,4,primary,123.3958853,41.7834029
164329801,5,primary,123.3953814,41.7827387
164329801,6,primary,123.3952932,41.7826226
164329801,7,primary,123.3945924,41.781705
164329801,8,primary,123.3939613,41.7808802
164329801,9,primary,123.3930653,41.7797177
164329801,10,primary,123.3929761,41.7795935
164329801,11,primary,123.3916518,41.777896
164329801,12,primary,123.3903734,41.7761605
164329801,13,primary,123.3890864,41.7744791
164329801,14,primary,123.388969,41.7743226
164329801,15,primary,123.3877149,41.7726902
164329801,16,primary,123.3873853,41.7722769
164329801,17,primary,123.3864517,41.7710529
164329801,18,primary,123.3850985,41.7692116
164329801,19,primary,123.3845739,41.7685042
164329801,20,primary,123.3844092,41.7682341
164329801,21,primary,123.3843521,41.7679299
164329801,22,primary,123.3843996,41.7675654
164329801,23,primary,123.3844997,41.7672984
164329801,24,primary,123.3852841,41.7655738
164329801,25,primary,123.3853201,41.7654855
164329801,26,primary,123.3858952,41.7639751
164329801,27,primary,123.3865491,41.762258
164329801,28,primary,123.3870925,41.761305
164329801,29,primary,123.3875703,41.7603711
164329801,30,primary,123.3879469,41.7597036
164329801,31,primary,123.3879592,41.759681
164329801,32,primary,123.3879945,41.7596169
164329801,33,primary,123.3883769,41.7588974
164329801,34,primary,123.3887097,41.7583207
164329806,0,trunk,123.3992631,41.787565
164329806,1,trunk,123.3993342,41.7876574
164329806,2,trunk,123.4006002,41.789303
164329806,3,trunk,123.4018627,41.7909471
164329806,4,trunk,123.4019233,41.7910326
164329806,5,trunk,123.4039316,41.7938753
166119793,0,primary,123.3837749,41.7833362
166119793,1,primary,123.3840019,41.7834217
166119793,2,primary,123.3851428,41.782935
166119793,3,primary,123.3861778,41.7824936
166119793,4,primary,123.3873571,41.7819905
166119793,5,primary,123.3885412,41.7814854
166119793,6,primary,123.3897627,41.7809643
166119793,7,primary,123.3909316,41.7804656
166119793,8,primary,123.3920024,41.7800028
166119793,9,primary,123.3929761,41.7795935
166119793,10,primary,123.3932007,41.7795018
166119793,11,primary,123.3954722,41.7785287
166119793,12,primary,123.3965897,41.7780509
166119793,13,primary,123.3988745,41.7770752
166119793,14,primary,123.3990121,41.7770185
166119793,15,primary,123.4005813,41.7763491
166119793,16,primary,123.4022803,41.7756201
166119793,17,primary,123.4030398,41.7753017
166119793,18,primary,123.4038274,41.7749675
166119793,19,primary,123.4053331,41.774321
166119793,20,primary,123.4068557,41.7736723
166119793,21,primary,123.4096894,41.7724672
166119793,22,primary,123.4104715,41.7721297
166119793,23,primary,123.4122796,41.7713637
166119793,24,primary,123.4132632,41.7709386
166119797,0,primary,123.3821744,41.7843776
166119797,1,primary,123.3780071,41.7861604
166119797,2,primary,123.376851,41.7866512
166119797,3,primary,123.3765719,41.7865759
166119797,4,primary,123.3730997,41.7880854
166119797,5,primary,123.3707257,41.7891223
166119797,6,primary,123.3704978,41.789218
166119797,7,primary,123.3670958,41.7906808
166119797,8,primary,123.364774,41.7916864
166119797,9,primary,123.3645864,41.7917653
166121440,0,trunk,123.320517,41.774689
166121440,1,trunk,123.3205904,41.7745284
166121440,2,trunk,123.3206496,41.774418
166121440,3,trunk,123.3207066,41.7743389
166121440,4,trunk,123.3207809,41.7742559
166121440,5,trunk,123.3208693,41.7741693
166121440,6,trunk,123.3209663,41.7740915
166121440,7,trunk,123.3210483,41.7740281
166121440,8,trunk,123.3211572,41.7739624
166121440,9,trunk,123.3212538,41.7739103
166121440,10,trunk,123.3213614,41.7738583
166121440,11,trunk,123.3215701,41.773776
166121440,12,trunk,123.321906,41.7736487
166121440,13,trunk,123.3234713,41.7730912
166121440,14,trunk,123.3265301,41.7719808
166121440,15,trunk,123.3292437,41.7709859
166121440,16,trunk,123.3447463,41.7653902
166121440,17,trunk,123.346644,41.7647224
166121440,18,trunk,123.3483484,41.7642094
166121440,19,trunk,123.34968,41.763903
166121440,20,trunk,123.3549139,41.7629362
166121440,21,trunk,123.3599965,41.7621751
166121440,22,trunk,123.3623847,41.7617513
166121440,23,trunk,123.3647292,41.7614348
166121440,24,trunk,123.3651484,41.7614199
166121440,25,trunk,123.3655541,41.7614849
166121440,26,trunk,123.3661145,41.76157
166121440,27,trunk,123.3670133,41.7617342
166121440,28,trunk,123.3675776,41.7617687
166121440,29,trunk,123.3679479,41.7617636
166121440,30,trunk,123.3682895,41.7617344
166121440,31,trunk,123.3688864,41.7616435
166121440,32,trunk,123.3708464,41.7611897
166960990,0,primary,123.3945703,41.7460095
166960990,1,primary,123.3945475,41.7460662
166960990,2,primary,123.3945192,41.7461367
166960990,3,primary,123.3930504,41.7498886
166960990,4,primary,123.3928531,41.7503872
166960990,5,primary,123.3922023,41.7519928
166960990,6,primary,123.3920471,41.7523755
166960990,7,primary,123.3918449,41.7528712
166960991,0,primary,123.3992253,41.7338673
166960991,1,primary,123.3999526,41.7320372
166960992,0,primary,123.4001026,41.7320885
166960992,1,primary,123.3993937,41.7339017
166962699,0,trunk,123.3205422,41.7803103
166962699,1,trunk,123.3205439,41.7804348
166962699,2,trunk,123.3205505,41.7807564
166962699,3,trunk,123.3205542,41.7816501
166962701,0,trunk,123.3835805,41.7581738
166962701,1,trunk,123.3838038,41.7581268
166962701,2,trunk,123.3839256,41.7581066
166962701,3,trunk,123.3840827,41.7580894
166962701,4,trunk,123.3842398,41.7580742
166962701,5,trunk,123.384406,41.7580665
166962701,6,trunk,123.3845953,41.7580767
166962701,7,trunk,123.3848066,41.7580885
166962701,8,trunk,123.3849671,41.758117
166962701,9,trunk,123.38525,41.7582016
166962702,0,trunk,123.383584,41.7582931
166962702,1,trunk,123.3710135,41.7612621
167986143,0,trunk,123.2006708,41.718157
167986143,1,trunk,123.2019331,41.7146209
174097411,0,trunk,123.2057085,41.7068827
174097411,1,trunk,123.205852,41.7066202
174097411,2,trunk,123.206764,41.7049516
175367336,0,trunk,123.4588893,41.7220465
175367336,1,trunk,123.4603779,41.7196232
175367336,2,trunk,123.4611705,41.7184076
175367336,3,trunk,123.4612532,41.7182806
175367336,4,trunk,123.4612737,41.7182492
175601385,0,trunk,123.4251713,41.7265124
175601385,1,trunk,123.4259127,41.7246196
175605053,0,primary,123.4157522,41.681985
175605053,1,primary,123.4159367,41.6819739
175605053,2,primary,123.4160921,41.6819719
175605053,3,primary,123.4168899,41.6819506
175605053,4,primary,123.4197194,41.681803
175605053,5,primary,123.4243105,41.6815579
175605053,6,primary,123.4244491,41.6815571
175605053,7,primary,123.4289511,41.6815284
175605053,8,primary,123.4290418,41.6815281
175605053,9,primary,123.4325218,41.681515
175605053,10,primary,123.4363901,41.6815004
175605053,11,primary,123.4382439,41.6814934
175605053,12,primary,123.4391087,41.6814878
175605053,13,primary,123.439416,41.6814878
175605053,14,primary,123.4403254,41.6814767
175605053,15,primary,123.443085,41.6814296
175605053,16,primary,123.4432263,41.6814288
175605053,17,primary,123.4472345,41.6814377
175605053,18,primary,123.4477674,41.6814317
175605053,19,primary,123.4479307,41.6814271
175605053,20,primary,123.4484632,41.681425
175605053,21,primary,123.4513927,41.6814166
175605053,22,primary,123.4519837,41.6814151
175605053,23,primary,123.452163,41.681414
175605053,24,primary,123.4527561,41.6814048
175605053,25,primary,123.4567525,41.6813693
175605053,26,primary,123.4568889,41.6813694
175605053,27,primary,123.4596473,41.6813888
175605053,28,primary,123.4603059,41.6813848
175605053,29,primary,123.4604192,41.6813841
175605053,30,primary,123.4605171,41.6813835
176783731,0,motorway,123.3173608,41.5618308
176783731,1,motorway,123.3120308,41.5760415
176783731,2,motorway,123.311634,41.5773194
176783731,3,motorway,123.3113746,41.5783505
176783731,4,motorway,123.3110967,41.5800317
176783731,5,motorway,123.3103533,41.5859982
176783731,6,motorway,123.3077099,41.6076391
176783731,7,motorway,123.3074157,41.6104184
176783731,8,motorway,123.3073966,41.6115848
176783731,9,motorway,123.3074621,41.6131474
176783731,10,motorway,123.3080557,41.6187629
176783731,11,motorway,123.308848,41.6265199
176783731,12,motorway,123.3097729,41.635127
176783731,13,motorway,123.3119934,41.6561136
176783731,14,motorway,123.3121737,41.6578037
176783731,15,motorway,123.3125652,41.6615023
176783731,16,motorway,123.3135411,41.6712911
176783731,17,motorway,123.3144434,41.6802862
176783731,18,motorway,123.3148371,41.6839661
176783731,19,motorway,123.3148836,41.6861613
176783731,20,motorway,123.3147746,41.6879967
176783731,21,motorway,123.3146428,41.6886561
176783731,22,motorway,123.3144899,41.6894305
176783731,23,motorway,123.3141402,41.6905813
176783731,24,motorway,123.3138542,41.6914424
176783731,25,motorway,123.3134453,41.692559
176797239,0,primary,123.3720231,41.6916426
176797239,1,primary,123.3646346,41.6819115
176797239,2,primary,123.3645833,41.6818434
176797239,3,primary,123.3605811,41.6764402
176797239,4,primary,123.3604362,41.676253
176797239,5,primary,123.357141,41.6718194
176797239,6,primary,123.3570912,41.6717428
176797239,7,primary,123.3566743,41.6711023
176797239,8,primary,123.3564677,41.6705885
176797239,9,primary,123.3563687,41.6702006
176797239,10,primary,123.3563249,41.6698047
176797239,11,primary,123.3563497,41.6693856
176797239,12,primary,123.3564224,41.6690038
176797239,13,primary,123.3565762,41.6684146
176797239,14,primary,123.3568329,41.6674312
176797239,15,primary,123.3568602,41.6673268
176797239,16,primary,123.3570939,41.6664414
176797239,17,primary,123.3573515,41.6656052
176797239,18,primary,123.3576574,41.6644896
176797239,19,primary,123.357695,41.6643268
177848683,0,trunk,123.2726278,41.79157
177848683,1,trunk,123.2728468,41.791624
177848683,2,trunk,123.2729732,41.7916551
177848683,3,trunk,123.2739172,41.7919059
177848683,4,trunk,123.2752955,41.7922552
177848683,5,trunk,123.2770942,41.7927077
177848683,6,trunk,123.2795169,41.7933171
177848683,7,trunk,123.2822651,41.7939748
177848683,8,trunk,123.2894628,41.795825
177848683,9,trunk,123.294739,41.7971137
177848683,10,trunk,123.2949526,41.7971664
177848683,11,trunk,123.2951149,41.7972065
177848683,12,trunk,123.2959967,41.7974368
177848683,13,trunk,123.2982338,41.7980211
177848683,14,trunk,123.2983281,41.7980505
177848683,15,trunk,123.2997364,41.7984551
177848683,16,trunk,123.300681,41.7986767
177848683,17,trunk,123.3016947,41.7988691
177848683,18,trunk,123.3032494,41.7990915
177848683,19,trunk,123.305209,41.7993151
177848683,20,trunk,123.306378,41.7993741
177848683,21,trunk,123.3064791,41.7993815
177848683,22,trunk,123.3067594,41.7994018
177848683,23,trunk,123.307755,41.7995124
177850704,0,trunk,123.3230125,41.7734401
177850704,1,trunk,123.3230992,41.7735379
177850704,2,trunk,123.3235609,41.7740464
177850704,3,trunk,123.323829,41.77432
177850704,4,trunk,123.3240105,41.7745052
177850704,5,trunk,123.3251754,41.7757295
177850704,6,trunk,123.3253116,41.7758297
177850704,7,trunk,123.325527,41.7759206
177850704,8,trunk,123.3259438,41.7760273
177850707,0,trunk,123.3276642,41.7762743
177850707,1,trunk,123.3273443,41.7762208
177850707,2,trunk,123.3266898,41.7761783
177850707,3,trunk,123.3256775,41.7761116
177850707,4,trunk,123.3253161,41.7760883
177850707,5,trunk,123.3252182,41.7760687
177850707,6,trunk,123.3251528,41.7760037
177850707,7,trunk,123.3245666,41.7753353
177850707,8,trunk,123.3236401,41.7743119
177850707,9,trunk,123.3229484,41.7735478
177850707,10,trunk,123.3229005,41.7734912
177971932,0,trunk,123.3212556,41.8027851
177971932,1,trunk,123.32051,41.8027657
177971932,2,trunk,123.31957,41.8026257
177973712,0,trunk,123.3207112,41.8033644
177973712,1,trunk,123.3207205,41.8021958
177973716,0,trunk,123.3207205,41.8021958
177973716,1,trunk,123.3207141,41.8018482
177973716,2,trunk,123.320691,41.8005846
177973716,3,trunk,123.3206067,41.7989964
185288628,0,primary,123.3709216,41.723134
185288628,1,primary,123.367743,41.7239032
185288628,2,primary,123.3657571,41.7246055
185288628,3,primary,123.3634904,41.7255658
185288628,4,primary,123.3632265,41.7257015
185288628,5,primary,123.3629994,41.7258183
185288628,6,primary,123.3600262,41.7273475
185288628,7,primary,123.3599906,41.7273658
185288628,8,primary,123.3598833,41.727423
185288628,9,primary,123.35553,41.7297409
185288628,10,primary,123.355432,41.729793
185288628,11,primary,123.3479333,41.7337825
185288628,12,primary,123.3471582,41.734176
185288630,0,primary,123.3355052,41.7404693
185288630,1,primary,123.335292,41.7406744
185288630,2,primary,123.3350828,41.7408609
185288630,3,primary,123.3349337,41.7410004
185288630,4,primary,123.3347286,41.7411672
185288630,5,primary,123.3342547,41.7415175
185288632,0,primary,123.3471582,41.734176
185288632,1,primary,123.3395117,41.7382075
185288632,2,primary,123.3383056,41.7388631
185288632,3,primary,123.3363752,41.7399124
185288632,4,primary,123.3361096,41.7400674
185288632,5,primary,123.3358161,41.7402499
185288632,6,primary,123.3356909,41.7403398
185288632,7,primary,123.3355052,41.7404693
187412028,0,trunk,123.5256808,41.6544543
187412028,1,trunk,123.5252087,41.6542499
187412028,2,trunk,123.5235242,41.6533522
188912040,0,primary,123.4833169,41.9601142
188912040,1,primary,123.4833874,41.9599701
188912040,2,primary,123.4832918,41.9555814
188912040,3,primary,123.4832735,41.9489216
188912040,4,primary,123.4832702,41.9488523
188912040,5,primary,123.4832424,41.9438319
188912040,6,primary,123.4832136,41.9410584
188912040,7,primary,123.4831609,41.9387242
188912040,8,primary,123.4830264,41.9370648
188912040,9,primary,123.4825571,41.9309445
188912040,10,primary,123.4825473,41.9308647
188912040,11,primary,123.482322,41.9302945
188912040,12,primary,123.4815563,41.9291061
188912040,13,primary,123.4815487,41.9290943
188912040,14,primary,123.478442,41.9246524
188912040,15,primary,123.4783941,41.9245801
188912040,16,primary,123.4761736,41.9213542
188912040,17,primary,123.4755664,41.9202893
188912040,18,primary,123.4740109,41.9178781
188912040,19,primary,123.4723152,41.9153322
188912040,20,primary,123.4710564,41.9135093
188912040,21,primary,123.4709048,41.9132276
188912040,22,primary,123.4707623,41.9128156
188912040,23,primary,123.4707175,41.9124309
188912040,24,primary,123.4707489,41.912139
188912040,25,primary,123.4709105,41.9113898
189210273,0,primary,123.4659778,41.7679255
189210273,1,primary,123.4658943,41.7666827
189210273,2,primary,123.4658849,41.7665415
189210273,3,primary,123.4658439,41.7650613
189210273,4,primary,123.4659586,41.7633397
189210273,5,primary,123.4662967,41.7613329
189210273,6,primary,123.4663127,41.7612431
189210279,0,primary,123.4650977,41.7360852
189210279,1,primary,123.4650868,41.735411
189210279,2,primary,123.465008,41.7336536
189210279,3,primary,123.4649402,41.7321436
189210279,4,primary,123.4649574,41.7318244
189210279,5,primary,123.4650797,41.7313829
189210279,6,primary,123.4652969,41.7309406
189210279,7,primary,123.4656832,41.7304962
189210279,8,primary,123.4675017,41.7287167
189210279,9,primary,123.4694813,41.7272291
189210279,10,primary,123.4710563,41.7260679
189210279,11,primary,123.4717181,41.725758
189210279,12,primary,123.4722358,41.7256159
189210279,13,primary,123.4746391,41.7251154
189210279,14,primary,123.4761411,41.7248171
189210279,15,primary,123.4768599,41.724621
189210279,16,primary,123.4772944,41.7243767
189210279,17,primary,123.4776083,41.7240965
189210279,18,primary,123.4776386,41.7240563
189210279,19,primary,123.4777839,41.7238632
189210279,20,primary,123.4778887,41.7236299
189210281,0,primary,123.4660717,41.7551706
189210281,1,primary,123.4659862,41.7536317
189210281,2,primary,123.4656614,41.7468752
189210287,0,primary,123.4662513,41.7585113
189210287,1,primary,123.4662021,41.7578259
189210287,2,primary,123.4661985,41.7576017
189210287,3,primary,123.4661626,41.7566933
189210287,4,primary,123.4660717,41.7551706
190226871,0,primary,123.5581382,41.7527193
190226871,1,primary,123.5573753,41.7532123
190226871,2,primary,123.555063,41.7545282
190226871,3,primary,123.5544682,41.754777
190226871,4,primary,123.5538537,41.7550341
190226871,5,primary,123.5537584,41.755074
190226871,6,primary,123.5506452,41.7565861
190226871,7,primary,123.5492554,41.7572371
190226871,8,primary,123.5474344,41.7581455
190226871,9,primary,123.5451007,41.7593012
190226871,10,primary,123.5434778,41.7602261
190226871,11,primary,123.54339,41.7602757
190226871,12,primary,123.5410247,41.7616934
190226871,13,primary,123.5382026,41.7633487
190226871,14,primary,123.538079,41.7634171
190226871,15,primary,123.5380092,41.7634558
190226871,16,primary,123.5379256,41.7635021
190226871,17,primary,123.5339281,41.7652693
190226871,18,primary,123.5338339,41.7653109
190226871,19,primary,123.5300072,41.7670026
190226871,20,primary,123.5254896,41.7689996
190226871,21,primary,123.5223378,41.7704334
190226871,22,primary,123.5216341,41.7707536
190226871,23,primary,123.5202871,41.7713663
190236954,0,primary,123.4950387,41.6910887
190236954,1,primary,123.4947122,41.6905841
190236965,0,primary,123.4951769,41.6908953
190236965,1,primary,123.4961967,41.6924133
190236965,2,primary,123.4962499,41.6924965
190236965,3,primary,123.4969534,41.6935986
190236965,4,primary,123.4970777,41.6937907
190236965,5,primary,123.4971919,41.6939294
190236965,6,primary,123.4973005,41.6940328
190236965,7,primary,123.4974452,41.6941602
190236965,8,primary,123.497603,41.6942794
190236965,9,primary,123.4977196,41.6943523
190236965,10,primary,123.4978915,41.6944549
190236965,11,primary,123.4980932,41.6945553
190236965,12,primary,123.4982728,41.6946343
190236965,13,primary,123.4985392,41.6947235
190236965,14,primary,123.4987539,41.694785
190236965,15,primary,123.4989424,41.6948222
190236965,16,primary,123.4991374,41.6948479
190236965,17,primary,123.4993428,41.6948689
190236965,18,primary,123.4995669,41.6948772
190236965,19,primary,123.5028931,41.6948518
190236965,20,primary,123.5078967,41.6948295
190236969,0,primary,123.414697,41.6726771
190236969,1,primary,123.414752,41.6726753
190236969,2,primary,123.4148248,41.672666
190236969,3,primary,123.4149023,41.672656
190236969,4,primary,123.4186519,41.6724014
190236969,5,primary,123.4216422,41.6721911
190236969,6,primary,123.4248299,41.67202
190236969,7,primary,123.428357,41.6719403
190236969,8,primary,123.4284816,41.6719467
190236969,9,primary,123.4323024,41.671937
190236969,10,primary,123.4323965,41.6719368
190236969,11,primary,123.4363025,41.6719273
190236969,12,primary,123.4390288,41.6719204
190236969,13,primary,123.4393494,41.6719274
190236969,14,primary,123.4429773,41.6718816
190236969,15,primary,123.4431296,41.6718804
190236969,16,primary,123.4471492,41.6718581
190236969,17,primary,123.4477082,41.6718619
190236969,18,primary,123.4478587,41.6718599
190236969,19,primary,123.4484273,41.6718522
190236969,20,primary,123.4489801,41.6718453
190236969,21,primary,123.4506976,41.6718526
190236969,22,primary,123.4519405,41.6718486
190236969,23,primary,123.45207,41.6718481
190236969,24,primary,123.456669,41.6718563
190236969,25,primary,123.4568053,41.6718565
190236969,26,primary,123.457366,41.6718527
191149324,0,primary,123.4711429,41.9111194
191149324,1,primary,123.4710727,41.911407
191149331,0,primary,123.4710727,41.911407
191149331,1,primary,123.4708987,41.9121418
191149331,2,primary,123.4708762,41.9124204
191149331,3,primary,123.4709326,41.9128022
191149331,4,primary,123.4710707,41.9131906
191149331,5,primary,123.4712439,41.9134498
191149331,6,primary,123.4724385,41.9153081
191149331,7,primary,123.4741528,41.9178519
191149331,8,primary,123.4746542,41.9186238
191149331,9,primary,123.4756917,41.9202645
191149331,10,primary,123.4762979,41.9213213
191149331,11,primary,123.4785413,41.9246003
191149331,12,primary,123.4785892,41.9246726
191149331,13,primary,123.4816594,41.9290583
191149331,14,primary,123.4824603,41.9302587
191149331,15,primary,123.4826784,41.9308656
191149331,16,primary,123.4826843,41.9309462
191149331,17,primary,123.4831315,41.9370135
191149331,18,primary,123.483136,41.9371192
191149331,19,primary,123.4832604,41.9387248
191149331,20,primary,123.4833024,41.9410579
191149331,21,primary,123.4833328,41.9438344
191149331,22,primary,123.4833576,41.9488552
191149331,23,primary,123.4833545,41.9489266
191149331,24,primary,123.4834789,41.9600038
191149331,25,primary,123.4834051,41.9601466
191149335,0,primary,123.4709105,41.9113898
191149335,1,primary,123.470979,41.9110919
193122397,0,trunk,123.5335832,41.8096456
193122397,1,trunk,123.5342936,41.8083483
193122397,2,trunk,123.5345867,41.8078804
193122397,3,trunk,123.5349753,41.807434
193122397,4,trunk,123.5354093,41.8070057
193122397,5,trunk,123.536324,41.8061826
193122397,6,trunk,123.5394841,41.8033122
193122397,7,trunk,123.5399847,41.802826
193122397,8,trunk,123.540312,41.8024284
193122397,9,trunk,123.5405643,41.8020512
193122397,10,trunk,123.5407724,41.8015467
193122397,11,trunk,123.5408561,41.8011061
193122397,12,trunk,123.5408766,41.80076
193122397,13,trunk,123.5408101,41.8003064
193122397,14,trunk,123.5407179,41.7999929
193122397,15,trunk,123.5405918,41.7996852
193122397,16,trunk,123.5404084,41.7993608
193122397,17,trunk,123.540206,41.7990538
193122397,18,trunk,123.5398699,41.7987047
193122397,19,trunk,123.5395061,41.7984262
193122397,20,trunk,123.538328,41.7977525
193122404,0,primary,123.514329,41.835104
193122404,1,primary,123.5141531,41.8347743
193122404,2,primary,123.514142,41.8347527
193122404,3,primary,123.5133706,41.8332495
193122404,4,primary,123.5128342,41.8326259
193122404,5,primary,123.5121475,41.8321943
193122404,6,primary,123.4985004,41.8271258
193122404,7,primary,123.4926689,41.8249299
193122404,8,primary,123.4848586,41.8220094
193122404,9,primary,123.482434,41.8210982
193122404,10,primary,123.4800902,41.8202173
193122404,11,primary,123.4780008,41.8194321
193122404,12,primary,123.4758249,41.8186143
193122404,13,primary,123.4755042,41.8184785
193122404,14,primary,123.4737174,41.8178406
193122404,15,primary,123.4711192,41.8169393
193122404,16,primary,123.4690038,41.8165647
193122404,17,primary,123.4659734,41.8160508
193122404,18,primary,123.4655015,41.8159603
193122404,19,primary,123.465286,41.8159101
193122404,20,primary,123.4651193,41.815869
193122404,21,primary,123.4648055,41.8157417
193122409,0,trunk,123.548473,41.7950745
193122409,1,trunk,123.5460741,41.7972499
193122409,2,trunk,123.5459605,41.7973539
193122413,0,trunk,123.545781,41.7972938
193122413,1,trunk,123.545913,41.7971721
193122413,2,trunk,123.5483407,41.7949572
193122415,0,primary,123.464907,41.8156146
193122415,1,primary,123.4651149,41.8157006
193122415,2,primary,123.4654327,41.8158048
193122415,3,primary,123.4660072,41.8159343
193122415,4,primary,123.4690527,41.8164255
193122415,5,primary,123.4712311,41.8168064
193122415,6,primary,123.4737735,41.8177489
193122415,7,primary,123.4755581,41.8184105
193122415,8,primary,123.4758822,41.8185519
193122415,9,primary,123.4780731,41.819373
193122415,10,primary,123.4801468,41.8201501
193122415,11,primary,123.4825026,41.8210329
193122415,12,primary,123.484935,41.8219445
193122415,13,primary,123.4927621,41.8248238
193122415,14,primary,123.500988,41.8278786
193122415,15,primary,123.5122441,41.8320584
193122415,16,primary,123.5123328,41.8321172
193122415,17,primary,123.5127269,41.8323781
193122415,18,primary,123.5131453,41.8326899
193122415,19,primary,123.513553,41.8331775
193122415,20,primary,123.5136268,41.8333116
193122415,21,primary,123.5143811,41.8346825
193122415,22,primary,123.5143999,41.8347167
193122415,23,primary,123.5145632,41.8350379
193122415,24,primary,123.5156308,41.8372615
193122415,25,primary,123.5164923,41.8390672
193122415,26,primary,123.5168253,41.8397466
193122415,27,primary,123.5170903,41.8402873
193122415,28,primary,123.5171759,41.8404619
193122415,29,primary,123.5172883,41.8406913
193122415,30,primary,123.5173328,41.8407776
193122415,31,primary,123.51779,41.8417148
193122415,32,primary,123.5184044,41.8428248
193122415,33,primary,123.5190408,41.8439767
193122415,34,primary,123.5212256,41.8483269
193122415,35,primary,123.5212933,41.8484668
193122415,36,primary,123.521327,41.8485364
193122415,37,primary,123.5222013,41.8503424
193122415,38,primary,123.5232452,41.8524986
193122415,39,primary,123.523494,41.8530124
193122415,40,primary,123.5236185,41.8532561
193122415,41,primary,123.523655,41.8533275
193122415,42,primary,123.5238358,41.854096
193122415,43,primary,123.5239301,41.8545491
193122415,44,primary,123.5240116,41.8550778
193122415,45,primary,123.5241556,41.8561133
193122415,46,primary,123.5243241,41.8568802
193122415,47,primary,123.5245599,41.8575766
193122415,48,primary,123.5248932,41.8583881
193122415,49,primary,123.5255031,41.8594843
193122415,50,primary,123.5273081,41.8627059
193122415,51,primary,123.5288774,41.8655337
193122415,52,primary,123.5309183,41.8691062
193122415,53,primary,123.531707,41.8703232
193122415,54,primary,123.5322568,41.8711326
193122415,55,primary,123.532769,41.8718773
193122415,56,primary,123.5336828,41.8730357
193122415,57,primary,123.5346504,41.8740528
193122415,58,primary,123.5356993,41.8750457
193122415,59,primary,123.536366,41.8757299
193122415,60,primary,123.5366994,41.8761416
193122415,61,primary,123.536884,41.876444
193122416,0,trunk,123.5328269,41.8113076
193122416,1,trunk,123.5320178,41.8128418
193122416,2,trunk,123.5319127,41.8130599
193122416,3,trunk,123.5318612,41.8131925
193122416,4,trunk,123.5317259,41.8135456
193122416,5,trunk,123.5315465,41.8141189
193898996,0,trunk,123.5302956,41.8190239
193898996,1,trunk,123.5304775,41.8181808
193898996,2,trunk,123.5308634,41.8162968
193898996,3,trunk,123.5309969,41.8156452
193898996,4,trunk,123.5311317,41.8150859
193898997,0,trunk,123.5304918,41.8190416
193898997,1,trunk,123.5300268,41.8210033
193898997,2,trunk,123.5298666,41.8213818
193898997,3,trunk,123.5294776,41.8220075
193898997,4,trunk,123.5290278,41.8224784
193898997,5,trunk,123.5284497,41.8229861
193898997,6,trunk,123.5243406,41.8259682
193898997,7,trunk,123.5219695,41.827879
193898997,8,trunk,123.5211326,41.8287264
193898997,9,trunk,123.5185275,41.8324503
193898997,10,trunk,123.5176906,41.8335719
193898997,11,trunk,123.51737,41.8338977
193898997,12,trunk,123.5167961,41.8342176
193898997,13,trunk,123.5157973,41.8345369
193898997,14,trunk,123.5101922,41.8362201
193898997,15,trunk,123.503926,41.8380167
193898997,16,trunk,123.5023339,41.8384617
193898997,17,trunk,123.4946163,41.840715
193898997,18,trunk,123.4916578,41.8415398
193898997,19,trunk,123.4878543,41.8426513
193898997,20,trunk,123.4858944,41.8431998
198555545,0,primary,123.4266217,41.8084764
198555545,1,primary,123.4267128,41.8087396
198556553,0,primary,123.4224353,41.8368164
198556553,1,primary,123.4222864,41.8368048
198556553,2,primary,123.4202473,41.8366867
198556553,3,primary,123.4192077,41.8366624
198556553,4,primary,123.4191508,41.8366611
198556553,5,primary,123.4184405,41.8366276
198556553,6,primary,123.4183344,41.8366226
203883722,0,primary,123.4124031,41.645747
203883722,1,primary,123.4123968,41.6445054
203883722,2,primary,123.4124656,41.6383601
203883722,3,primary,123.412466,41.6382996
203883722,4,primary,123.4124888,41.6350012
203883722,5,primary,123.4124975,41.6337998
203883722,6,primary,123.4124288,41.6333208
203883722,7,primary,123.4123885,41.6331553
203883722,8,primary,123.4123316,41.6329888
203883722,9,primary,123.4122606,41.632784
203883722,10,primary,123.412187,41.6326132
203883722,11,primary,123.4120899,41.6324349
203883722,12,primary,123.4113137,41.6309979
203883722,13,primary,123.410125,41.6287821
203883722,14,primary,123.4099057,41.6282509
203883722,15,primary,123.4095008,41.6269809
205244087,0,trunk,123.5379256,41.7635021
205244087,1,trunk,123.5378153,41.7634196
205244087,2,trunk,123.5359287,41.7620082
205244087,3,trunk,123.534345,41.7608234
205244087,4,trunk,123.5342893,41.7607818
205244087,5,trunk,123.5305181,41.7579604
205244087,6,trunk,123.5284211,41.7563821
205244087,7,trunk,123.5282488,41.7562524
205244087,8,trunk,123.5247601,41.7536266
205244087,9,trunk,123.5209548,41.7508059
205244087,10,trunk,123.5198958,41.7499694
205244087,11,trunk,123.5191688,41.7494634
205244087,12,trunk,123.5191022,41.7494171
205244087,13,trunk,123.5179816,41.748665
205244087,14,trunk,123.5168364,41.7479891
205244087,15,trunk,123.5160008,41.7475352
205244088,0,trunk,123.5382026,41.7633487
205244088,1,trunk,123.5399042,41.7646083
205244088,2,trunk,123.5418434,41.7660588
205244088,3,trunk,123.5418972,41.7660991
205244088,4,trunk,123.5438153,41.7675338
205244088,5,trunk,123.5441061,41.7677287
205244088,6,trunk,123.5449591,41.7683002
205244088,7,trunk,123.5479668,41.7703524
205244088,8,trunk,123.5480898,41.7704364
205244088,9,trunk,123.5519305,41.7730568
205244088,10,trunk,123.5536736,41.7743015
205244088,11,trunk,123.5548372,41.7751164
205244088,12,trunk,123.5549007,41.7751607
205244088,13,trunk,123.5598783,41.7786272
205244088,14,trunk,123.5628119,41.7806702
205244088,15,trunk,123.5641922,41.781568
205244088,16,trunk,123.5643201,41.7816547
205244088,17,trunk,123.5690132,41.7848463
205244088,18,trunk,123.5704262,41.7856903
205244088,19,trunk,123.571882,41.78656
205244088,20,trunk,123.5762873,41.7887822
205244088,21,trunk,123.5772418,41.7892009
205244088,22,trunk,123.5773746,41.7892576
205244088,23,trunk,123.5803857,41.7905741
205244088,24,trunk,123.5831332,41.7915819
205244088,25,trunk,123.5832527,41.7916257
205244088,26,trunk,123.5843983,41.7920459
205244088,27,trunk,123.5876384,41.7930218
205244088,28,trunk,123.590423,41.793822
205244088,29,trunk,123.591697,41.7940973
205244088,30,trunk,123.5926204,41.7943072
205244088,31,trunk,123.5932608,41.7944443
205244088,32,trunk,123.5944889,41.7947273
205244216,0,trunk,123.5991846,41.7959868
205244216,1,trunk,123.5952778,41.7951259
205244216,2,trunk,123.5931886,41.7946656
205244216,3,trunk,123.5925091,41.7945272
205244216,4,trunk,123.5903428,41.7940231
205244216,5,trunk,123.5868496,41.7930948
205244216,6,trunk,123.583102,41.7918945
205244216,7,trunk,123.5830155,41.7918668
205244216,8,trunk,123.5829721,41.7918499
205244216,9,trunk,123.5790358,41.790319
205244216,10,trunk,123.5771798,41.7895063
205244216,11,trunk,123.5770524,41.7894505
205244216,12,trunk,123.5756767,41.7888482
205244216,13,trunk,123.5716319,41.7867034
205244216,14,trunk,123.5703526,41.7860237
205244216,15,trunk,123.5688665,41.7851269
205244216,16,trunk,123.5661825,41.7833558
205244216,17,trunk,123.564076,41.781864
205244216,18,trunk,123.5639887,41.7818067
205244216,19,trunk,123.5639525,41.7817842
205244216,20,trunk,123.555049,41.7756029
205244216,21,trunk,123.5545149,41.7752316
205244216,22,trunk,123.5532271,41.7743363
205244216,23,trunk,123.5523845,41.7737764
205244216,24,trunk,123.5516623,41.7732748
205244216,25,trunk,123.5478431,41.7706222
205244216,26,trunk,123.5477286,41.7705427
205244216,27,trunk,123.5439063,41.767888
205244216,28,trunk,123.5434601,41.7675781
205244216,29,trunk,123.5416503,41.7662851
205244216,30,trunk,123.5415874,41.7662403
205244216,31,trunk,123.5397511,41.7648617
205244216,32,trunk,123.5379256,41.7635021
205398679,0,motorway,123.562437,41.8607203
205398679,1,motorway,123.5625088,41.8612844
205398680,0,motorway,123.5622674,41.8612687
205398680,1,motorway,123.5621819,41.8607649
205398681,0,motorway,123.5621819,41.8607649
205398681,1,motorway,123.5619611,41.8593631
206970252,0,trunk,123.4187993,41.7560066
206970252,1,trunk,123.4184415,41.7563118
206970253,0,trunk,123.4186835,41.7559326
206970253,1,trunk,123.4191339,41.7554436
206970253,2,trunk,123.4200386,41.75435
206970253,3,trunk,123.4204016,41.7539556
206970253,4,trunk,123.4207022,41.7536166
206970253,5,trunk,123.4209877,41.7533288
206970253,6,trunk,123.4212278,41.7531216
206970253,7,trunk,123.4215167,41.7528925
206970253,8,trunk,123.4217618,41.7527211
206970253,9,trunk,123.4220486,41.7525326
206970253,10,trunk,123.4229549,41.7520579
206970253,11,trunk,123.4240315,41.7515949
206970253,12,trunk,123.4243009,41.7515011
206970253,13,trunk,123.4245905,41.7514123
206970253,14,trunk,123.4248986,41.7513196
206970253,15,trunk,123.4252052,41.7512549
206970253,16,trunk,123.4265437,41.7509958
206970253,17,trunk,123.4269852,41.7509299
206970253,18,trunk,123.4284296,41.7508089
206970253,19,trunk,123.4291079,41.7507869
206970253,20,trunk,123.429555,41.7507916
206970253,21,trunk,123.4301495,41.7508238
206970253,22,trunk,123.4305797,41.7508648
206970253,23,trunk,123.4311078,41.7509664
206970253,24,trunk,123.4323693,41.7512527
206970253,25,trunk,123.4343528,41.7518911
206970253,26,trunk,123.4358457,41.7523888
206970253,27,trunk,123.4381648,41.7532473
206970253,28,trunk,123.4391497,41.7536291
206970253,29,trunk,123.4415086,41.754752
206970256,0,trunk,123.4183372,41.756233
206970256,1,trunk,123.4186835,41.7559326
206970258,0,trunk,123.4098214,41.758359
206970258,1,trunk,123.4095998,41.7584139
206970258,2,trunk,123.4092307,41.7585188
206970258,3,trunk,123.4072624,41.7590914
206970258,4,trunk,123.4056099,41.7595403
206970258,5,trunk,123.4050559,41.7596825
206970258,6,trunk,123.4044572,41.759818
206970258,7,trunk,123.4039627,41.7599302
206970258,8,trunk,123.4035096,41.7600226
206970258,9,trunk,123.4031076,41.7600957
206970258,10,trunk,123.4027852,41.7601461
206970258,11,trunk,123.4021825,41.7602353
206970258,12,trunk,123.4014768,41.7603384
206970258,13,trunk,123.4010431,41.7603903
206970258,14,trunk,123.400691,41.7604291
206970258,15,trunk,123.4003668,41.760464
206970258,16,trunk,123.3999692,41.7604965
206970258,17,trunk,123.399229,41.7605426
206970258,18,trunk,123.3978944,41.7606237
206970258,19,trunk,123.3969498,41.7606734
206970258,20,trunk,123.3966766,41.760684
206970258,21,trunk,123.396234,41.7606938
206970258,22,trunk,123.3959146,41.7606931
206970258,23,trunk,123.3955485,41.7606868
206970258,24,trunk,123.3952007,41.7606766
208979860,0,motorway,123.4909743,41.9031317
208979860,1,motorway,123.4890908,41.9038329
208979861,0,motorway,123.4835906,41.9059413
208979861,1,motorway,123.4847846,41.9054609
208979861,2,motorway,123.4890194,41.9037633
208979862,0,motorway,123.4890194,41.9037633
208979862,1,motorway,123.490781,41.9030031
215474539,0,motorway,123.5795547,41.9251119
215474539,1,motorway,123.5757621,41.91831
215474539,2,motorway,123.575029,41.9171329
215474539,3,motorway,123.5743209,41.916196
215474539,4,motorway,123.573538,41.9153166
215474539,5,motorway,123.5728028,41.9145699
215474539,6,motorway,123.566273,41.9087353
215474539,7,motorway,123.5640341,41.9066438
215474539,8,motorway,123.5634097,41.9059886
215474539,9,motorway,123.5628432,41.9052981
215474539,10,motorway,123.562225,41.904491
215474539,11,motorway,123.5617081,41.9037444
215474539,12,motorway,123.5612275,41.9029922
215474539,13,motorway,123.5606003,41.9018911
215474542,0,motorway,123.5798011,41.9255743
215474542,1,motorway,123.5795547,41.9251119
215474553,0,motorway,123.5831586,41.9326081
215474553,1,motorway,123.5824947,41.9308691
215474553,2,motorway,123.5821514,41.9300488
215474553,3,motorway,123.5817056,41.9290948
215474553,4,motorway,123.5809347,41.9275814
215474553,5,motorway,123.5798011,41.9255743
215474556,0,motorway,123.5797995,41.9250558
215474556,1,motorway,123.5800463,41.9255188
215557239,0,trunk,123.4127885,41.8421256
215557239,1,trunk,123.4133089,41.8364287
215557239,2,trunk,123.4133143,41.8362648
215557239,3,trunk,123.4133304,41.8362449
215557239,4,trunk,123.4134806,41.8343264
215557239,5,trunk,123.4138211,41.8301124
215557239,6,trunk,123.41395,41.8297018
215583776,0,trunk,123.4240286,41.7294158
215583776,1,trunk,123.4241425,41.729112
215583776,2,trunk,123.4242125,41.7289503
215583776,3,trunk,123.4248228,41.7273736
215583776,4,trunk,123.4251713,41.7265124
215583781,0,trunk,123.4253275,41.7265274
215583781,1,trunk,123.4250062,41.7274192
215583781,2,trunk,123.4245275,41.7286074
215583781,3,trunk,123.4243855,41.7289882
215583781,4,trunk,123.4243244,41.7291557
215583781,5,trunk,123.4242132,41.7294646
216620687,0,trunk,123.2664444,41.7534245
216620687,1,trunk,123.2663519,41.7533808
216620687,2,trunk,123.2637042,41.7522911
216620687,3,trunk,123.2627593,41.7518687
216620687,4,trunk,123.2624426,41.7517098
216620687,5,trunk,123.2620716,41.7515053
216620687,6,trunk,123.2611855,41.7509761
216620687,7,trunk,123.2599716,41.7501066
216620687,8,trunk,123.259546,41.7498118
216620687,9,trunk,123.2572786,41.7482547
216620687,10,trunk,123.2549258,41.7466281
216620687,11,trunk,123.2545983,41.7464032
216620687,12,trunk,123.2534214,41.7455818
216620687,13,trunk,123.2525398,41.7451466
216620687,14,trunk,123.2478071,41.7429729
216620687,15,trunk,123.2441849,41.7413199
216620687,16,trunk,123.2440777,41.7412764
216620687,17,trunk,123.2414761,41.7401932
216620687,18,trunk,123.2385509,41.7390699
216620687,19,trunk,123.2382635,41.7389596
216620687,20,trunk,123.2367421,41.7386623
216620687,21,trunk,123.2334499,41.7378987
216620687,22,trunk,123.2325196,41.7375394
216620687,23,trunk,123.2312565,41.7365952
216620687,24,trunk,123.2306299,41.7357639
216620687,25,trunk,123.2302413,41.7352924
216620687,26,trunk,123.2300428,41.73504
217420800,0,trunk,123.4446594,41.7032082
217420800,1,trunk,123.442562,41.7047731
217420800,2,trunk,123.4419415,41.7051146
217420800,3,trunk,123.4415936,41.705271
217420800,4,trunk,123.4374683,41.7069978
217420800,5,trunk,123.4353659,41.7078141
217420800,6,trunk,123.4332782,41.7087458
217420800,7,trunk,123.4305914,41.7098823
217420800,8,trunk,123.429844,41.7101848
217420800,9,trunk,123.4296163,41.7102948
217420800,10,trunk,123.4294546,41.7104048
217420800,11,trunk,123.4292584,41.7105578
217420800,12,trunk,123.4290966,41.7107376
217420800,13,trunk,123.428975,41.710913
217420800,14,trunk,123.4288881,41.7111271
217420800,15,trunk,123.4288586,41.7113503
217420800,16,trunk,123.4288895,41.7116461
217420800,17,trunk,123.4290095,41.7121673
217420800,18,trunk,123.429064,41.7124352
217420800,19,trunk,123.4290513,41.7126053
217420800,20,trunk,123.4290099,41.7127797
217420800,21,trunk,123.4281473,41.7164864
217420800,22,trunk,123.4280566,41.7169603
217420800,23,trunk,123.427491,41.719333
217420800,24,trunk,123.4268933,41.722142
217420800,25,trunk,123.426829,41.7223662
217420800,26,trunk,123.4260377,41.7246557
217421715,0,primary,123.445185,41.7270021
217421715,1,primary,123.4456174,41.7263293
217421715,2,primary,123.4476677,41.7230969
217421715,3,primary,123.4497671,41.719591
217421715,4,primary,123.4501785,41.7189483
217421715,5,primary,123.4511822,41.7172192
217421715,6,primary,123.4517909,41.7162545
217421715,7,primary,123.4518562,41.7161448
217421715,8,primary,123.4523786,41.7152028
217421715,9,primary,123.452687,41.7146829
217421715,10,primary,123.4533865,41.7135714
217421718,0,primary,123.4533865,41.7135714
217421718,1,primary,123.4537267,41.7130397
217422743,0,primary,123.4537267,41.7130397
217422743,1,primary,123.4550394,41.7109866
217422743,2,primary,123.4556795,41.7097932
217422743,3,primary,123.4559524,41.709392
217422743,4,primary,123.4564138,41.7089755
217422743,5,primary,123.4570575,41.7085269
217422743,6,primary,123.4592315,41.7071683
218241896,0,trunk,123.5166373,41.8341704
218241896,1,trunk,123.5173239,41.8337468
218241896,2,trunk,123.5175707,41.8335149
218241896,3,trunk,123.5179462,41.8330593
218241896,4,trunk,123.5201326,41.829884
218241896,5,trunk,123.5207035,41.8290622
218241896,6,trunk,123.5212399,41.8283347
218241896,7,trunk,123.5216905,41.827863
218241896,8,trunk,123.524244,41.8258243
218241896,9,trunk,123.5284414,41.8228576
218241896,10,trunk,123.5289584,41.8223999
218241896,11,trunk,123.5291744,41.8221385
218241896,12,trunk,123.5295204,41.8216636
218241896,13,trunk,123.5297833,41.8212209
218241896,14,trunk,123.5298874,41.8209153
218241896,15,trunk,123.5302956,41.8190239
218241899,0,trunk,123.4314797,41.8499311
218241899,1,trunk,123.4315469,41.8498044
218241899,2,trunk,123.4317614,41.8495247
218241899,3,trunk,123.4321155,41.849293
218241899,4,trunk,123.4325017,41.8490932
218241899,5,trunk,123.4330274,41.8489014
218241899,6,trunk,123.4339179,41.8488214
218241899,7,trunk,123.4351303,41.8488854
218241899,8,trunk,123.4375752,41.8490004
218241899,9,trunk,123.4414384,41.8491822
218241899,10,trunk,123.4509325,41.8496334
218241899,11,trunk,123.4602159,41.8500219
218241899,12,trunk,123.4612346,41.8500072
218241899,13,trunk,123.4620704,41.8499003
218241899,14,trunk,123.463354,41.8495346
218241901,0,trunk,123.4267994,41.860688
218241901,1,trunk,123.4270166,41.8606438
218241901,2,trunk,123.4272282,41.8605591
218241901,3,trunk,123.4276308,41.8603608
218241901,4,trunk,123.4280063,41.8599533
218241901,5,trunk,123.4281887,41.8595618
218241901,6,trunk,123.4295835,41.8560538
218241901,7,trunk,123.4300019,41.8548711
218241901,8,trunk,123.4305276,41.853089
218241901,9,trunk,123.4313645,41.8501481
218241901,10,trunk,123.4314797,41.8499311
218244113,0,trunk,123.3513062,41.8476072
218244113,1,trunk,123.3516392,41.8477286
218244113,2,trunk,123.3614032,41.8515353
218244113,3,trunk,123.363687,41.8524257
218244113,4,trunk,123.3649995,41.8529587
218244113,5,trunk,123.3663914,41.8534696
218244113,6,trunk,123.3735368,41.8560741
218244113,7,trunk,123.3738997,41.8561652
218244113,8,trunk,123.3743487,41.8562369
218244113,9,trunk,123.3748613,41.8562891
218244113,10,trunk,123.3756017,41.8563443
218244113,11,trunk,123.377836,41.8564255
218244113,12,trunk,123.3802738,41.8565025
218244113,13,trunk,123.3810153,41.8565231
218254195,0,primary,123.3110961,41.899164
218254195,1,primary,123.3119125,41.8996439
218254195,2,primary,123.3125938,41.899967
218254195,3,primary,123.3128915,41.9001069
218254195,4,primary,123.3138902,41.9005761
218254195,5,primary,123.3140098,41.9006322
218254195,6,primary,123.3149027,41.9010517
218254195,7,primary,123.3175304,41.9022861
218254195,8,primary,123.3190541,41.9030287
218254195,9,primary,123.3198875,41.9033738
218254195,10,primary,123.3210086,41.9038186
218254195,11,primary,123.3219758,41.904128
218254195,12,primary,123.3263775,41.9054609
218254195,13,primary,123.3319144,41.9071374
218254195,14,primary,123.332097,41.9071927
218254195,15,primary,123.3350879,41.9080983
218254195,16,primary,123.3351821,41.908131
218254195,17,primary,123.3381294,41.9090213
218254195,18,primary,123.3382688,41.9090664
218254195,19,primary,123.3452719,41.9113311
218254195,20,primary,123.3453682,41.9113622
218254195,21,primary,123.3512944,41.9132811
218254195,22,primary,123.3576928,41.9153529
218254195,23,primary,123.3646983,41.9175972
218254195,24,primary,123.3653837,41.9177613
218255136,0,trunk,123.4445841,41.7031434
218255136,1,trunk,123.4448567,41.7029489
218255136,2,trunk,123.4452204,41.7026614
219098546,0,trunk,123.3473228,41.8210962
219098546,1,trunk,123.3468857,41.821224
219098546,2,trunk,123.3467967,41.8212484
219098546,3,trunk,123.3448259,41.8217891
219098546,4,trunk,123.3425035,41.822395
219098546,5,trunk,123.3424428,41.8224108
219098546,6,trunk,123.342409,41.8224196
219098546,7,trunk,123.3423401,41.8224376
219098546,8,trunk,123.3383699,41.8233978
219098546,9,trunk,123.338246,41.8234268
219098546,10,trunk,123.3359974,41.823953
219098546,11,trunk,123.3349268,41.8242217
219098546,12,trunk,123.330223,41.8253517
219098546,13,trunk,123.3298271,41.8254505
219098547,0,trunk,123.3806547,41.8109547
219098547,1,trunk,123.3738569,41.8124311
219098547,2,trunk,123.3719558,41.812844
219098547,3,trunk,123.3715277,41.8129623
219098547,4,trunk,123.3711259,41.8130817
219098547,5,trunk,123.3707335,41.8132363
219098547,6,trunk,123.3677658,41.8144416
219098547,7,trunk,123.3634391,41.8162882
219099172,0,primary,123.4423044,41.7906039
219099172,1,primary,123.4424489,41.7896403
219099172,2,primary,123.4424995,41.7892355
219099172,3,primary,123.4425829,41.7886924
219099172,4,primary,123.442611,41.7884268
219099172,5,primary,123.442638,41.7882205
219099172,6,primary,123.4426478,41.7880666
219099172,7,primary,123.4426399,41.7878001
219099172,8,primary,123.44263,41.787694
219099172,9,primary,123.4426031,41.7875601
219099172,10,primary,123.4425783,41.787425
219099172,11,primary,123.4425257,41.7872555
219099172,12,primary,123.4419292,41.785743
219099172,13,primary,123.4418667,41.7855956
219099172,14,primary,123.4417846,41.7853943
219099172,15,primary,123.441715,41.7852694
219099172,16,primary,123.4416414,41.785146
219099172,17,primary,123.4416012,41.7850826
219099172,18,primary,123.4415448,41.7850192
219099172,19,primary,123.4414593,41.784927
219099172,20,primary,123.4408405,41.784294
219099172,21,primary,123.4405304,41.7839644
219099172,22,primary,123.4397477,41.7831889
219099172,23,primary,123.4374681,41.7809065
219099172,24,primary,123.4373902,41.7808229
219099172,25,primary,123.4373144,41.7807499
219099172,26,primary,123.4371852,41.7805948
219099172,27,primary,123.4371343,41.7805008
219099172,28,primary,123.4370871,41.7804116
219099172,29,primary,123.4370604,41.7803136
219099172,30,primary,123.4370342,41.7801922
219099172,31,primary,123.437015,41.7800628
219099172,32,primary,123.4369583,41.7796461
219099172,33,primary,123.4369446,41.7794949
219099172,34,primary,123.4369381,41.7792319
219099172,35,primary,123.4367754,41.7758337
219109416,0,primary,123.4458183,41.8081754
219109416,1,primary,123.4458161,41.8081421
219109416,2,primary,123.4457997,41.8080869
219109416,3,primary,123.4457913,41.8080607
219109416,4,primary,123.4452294,41.8071266
219109416,5,primary,123.4443549,41.8057674
219109416,6,primary,123.4435621,41.8045604
219109416,7,primary,123.4428509,41.8035004
219109416,8,primary,123.4426962,41.8032627
219109416,9,primary,123.4425411,41.8029928
219109416,10,primary,123.4424446,41.8027705
219109419,0,primary,123.4643179,41.815479
219109419,1,primary,123.4642682,41.8154509
219109419,2,primary,123.4640849,41.8153089
219109419,3,primary,123.4638629,41.8151073
219109419,4,primary,123.4633099,41.8145409
219109419,5,primary,123.4623154,41.813236
219109419,6,primary,123.4612499,41.8118381
219109419,7,primary,123.4608503,41.8113255
219109419,8,primary,123.4587877,41.8087488
219109419,9,primary,123.4584526,41.8083852
219109419,10,primary,123.4581896,41.8081054
219109419,11,primary,123.4581423,41.8078277
219109419,12,primary,123.4580948,41.8075493
219109422,0,primary,123.4364174,41.7688868
219109422,1,primary,123.4364127,41.7687991
219109422,2,primary,123.4364059,41.7686991
219109422,3,primary,123.4364086,41.7686304
219109422,4,primary,123.4361666,41.7638302
219109422,5,primary,123.4360865,41.7626677
219109422,6,primary,123.4360792,41.762566
219109422,7,primary,123.436062,41.7623142
219109422,8,primary,123.4358968,41.7598911
219109422,9,primary,123.4359632,41.7596401
219116556,0,primary,123.3929481,41.8361098
219116556,1,primary,123.3929924,41.8355001
219119419,0,motorway,123.5669714,41.859407
219119419,1,motorway,123.5707556,41.8597703
219119419,2,motorway,123.5774825,41.8604176
219119419,3,motorway,123.5794419,41.8605941
219119419,4,motorway,123.5811272,41.8607821
219119419,5,motorway,123.5822135,41.8609295
219238584,0,primary,123.4672657,41.6815943
219238584,1,primary,123.461486,41.6816355
219238584,2,primary,123.4609745,41.6816424
219238584,3,primary,123.4607849,41.6816449
219238584,4,primary,123.4607047,41.6816455
219238584,5,primary,123.4606249,41.6816461
219238584,6,primary,123.460524,41.6816469
219238584,7,primary,123.4605089,41.681647
219238584,8,primary,123.4603777,41.6816452
219238584,9,primary,123.4603045,41.6816442
219238584,10,primary,123.4596345,41.6816352
219238584,11,primary,123.4568824,41.6816307
219238584,12,primary,123.456746,41.6816306
219238584,13,primary,123.4526815,41.6816581
219238584,14,primary,123.4521594,41.6816622
219238584,15,primary,123.4519867,41.6816609
219238584,16,primary,123.4514452,41.681658
219238584,17,primary,123.451359,41.6816615
219238584,18,primary,123.450785,41.6816622
219238584,19,primary,123.4487412,41.681665
219238584,20,primary,123.4486553,41.6816651
219238584,21,primary,123.4484491,41.6816654
219238584,22,primary,123.4479248,41.6816635
219238584,23,primary,123.447781,41.6816661
219238584,24,primary,123.4472425,41.6816736
219238584,25,primary,123.4431734,41.681683
219238584,26,primary,123.4430202,41.6816854
219238584,27,primary,123.4403379,41.6816905
219238584,28,primary,123.4394234,41.6817062
219238584,29,primary,123.4390398,41.6817058
219238584,30,primary,123.4379168,41.6817155
219238584,31,primary,123.4363756,41.6817227
219238584,32,primary,123.4323913,41.6817414
219238584,33,primary,123.4290502,41.6817571
219238584,34,primary,123.4289604,41.6817575
219238584,35,primary,123.424461,41.6817625
219238584,36,primary,123.4243185,41.6817649
219238584,37,primary,123.4196947,41.6820167
219238584,38,primary,123.4165277,41.6821714
219238584,39,primary,123.4161447,41.6821911
219238584,40,primary,123.4159478,41.6821977
219238584,41,primary,123.4157648,41.6822024
219238586,0,primary,123.4680526,41.6813895
219238586,1,primary,123.4688097,41.6813829
219238586,2,primary,123.4689482,41.6813936
219238586,3,primary,123.4693644,41.6814794
219238586,4,primary,123.4703562,41.6815998
219238586,5,primary,123.471407,41.6818083
219238586,6,primary,123.4718956,41.6819277
219238586,7,primary,123.4723554,41.6820625
219238586,8,primary,123.4730039,41.6822827
219238586,9,primary,123.473918,41.6826491
219238586,10,primary,123.4739944,41.6826835
219238586,11,primary,123.4743557,41.6828876
219238586,12,primary,123.4775197,41.6844832
219238586,13,primary,123.4788454,41.6851399
219238586,14,primary,123.4790638,41.6852631
219238586,15,primary,123.4792071,41.6853439
219238586,16,primary,123.4793205,41.6854078
219238586,17,primary,123.4793304,41.6854128
219238586,18,primary,123.4794009,41.6854484
219238586,19,primary,123.4794861,41.6854914
219238586,20,primary,123.4795569,41.6855272
219238586,21,primary,123.4800596,41.6857606
219238586,22,primary,123.4808781,41.6861656
219238586,23,primary,123.4817728,41.6866847
219238586,24,primary,123.482658,41.6872496
219238586,25,primary,123.483394,41.6878802
219238586,26,primary,123.4839841,41.688433
219238586,27,primary,123.4844497,41.6889762
219238586,28,primary,123.486228,41.6916311
219238586,29,primary,123.4867462,41.6924073
219238586,30,primary,123.4872403,41.693189
219238586,31,primary,123.488839,41.6956311
219238586,32,primary,123.489194,41.6962004
219238586,33,primary,123.4898624,41.6973321
219238586,34,primary,123.4905225,41.6982857
219238586,35,primary,123.4908991,41.6988166
219238586,36,primary,123.4914925,41.6997332
219238586,37,primary,123.4923568,41.7011011
219238586,38,primary,123.4935274,41.702905
219238586,39,primary,123.4938102,41.7033347
219238586,40,primary,123.4938382,41.7033772
219238586,41,primary,123.4942986,41.7040768
219239535,0,primary,123.4670181,41.6390367
219239535,1,primary,123.4666611,41.6393372
219239535,2,primary,123.4648517,41.6408805
219239535,3,primary,123.4647957,41.6409282
219239535,4,primary,123.4642955,41.6413549
219239535,5,primary,123.4639146,41.6416956
219239535,6,primary,123.4635927,41.6420083
219239535,7,primary,123.463287,41.642325
219239535,8,primary,123.4630134,41.6426257
219239535,9,primary,123.4626297,41.6431004
219239535,10,primary,123.4625852,41.6431601
219239535,11,primary,123.4622945,41.6435758
219239535,12,primary,123.4620478,41.6439446
219239535,13,primary,123.4618868,41.6441931
219239535,14,primary,123.4617205,41.6444818
219239535,15,primary,123.461565,41.6447824
219239535,16,primary,123.4613249,41.6453265
219239535,17,primary,123.4611462,41.6457777
219239535,18,primary,123.4609566,41.646337
219239535,19,primary,123.4609257,41.6464174
219239535,20,primary,123.4608438,41.6466754
219239535,21,primary,123.4607972,41.6468404
219239535,22,primary,123.4607601,41.6469849
219239535,23,primary,123.4605962,41.6478899
219239535,24,primary,123.4605654,41.6483032
219239535,25,primary,123.4605439,41.6493766
219239535,26,primary,123.4605449,41.6494477
219239535,27,primary,123.4606078,41.6544388
219239535,28,primary,123.4606103,41.6546976
219239535,29,primary,123.4606146,41.654791
219239535,30,primary,123.4606173,41.6548511
219239535,31,primary,123.4606213,41.6549381
219239535,32,primary,123.4606206,41.6555379
219239535,33,primary,123.4606992,41.6634628
219239535,34,primary,123.460689,41.6638924
219239535,35,primary,123.4606884,41.6640064
219239535,36,primary,123.4606744,41.6644306
219239535,37,primary,123.4606857,41.66825
219239535,38,primary,123.460686,41.6683712
219239535,39,primary,123.4607214,41.6713335
219239535,40,primary,123.4607302,41.6718325
219239535,41,primary,123.460734,41.6720619
219239535,42,primary,123.4607414,41.6725899
219239535,43,primary,123.4607575,41.6737192
219240642,0,trunk,123.4253975,41.614617
219240642,1,trunk,123.4258284,41.6146319
219240642,2,trunk,123.4262432,41.6146609
219240642,3,trunk,123.4266228,41.6146973
219240642,4,trunk,123.4270112,41.6147373
219240642,5,trunk,123.4273109,41.6147734
219240642,6,trunk,123.4276093,41.6148136
219240642,7,trunk,123.4279324,41.6148645
219240642,8,trunk,123.4282113,41.6149185
219240642,9,trunk,123.4286576,41.6150129
219240642,10,trunk,123.4289763,41.6150861
219240642,11,trunk,123.4292854,41.6151693
219240642,12,trunk,123.4295521,41.6152475
219240642,13,trunk,123.4298756,41.6153453
219240642,14,trunk,123.4301522,41.615434
219240642,15,trunk,123.430399,41.6155209
219240642,16,trunk,123.4307702,41.6156589
219240642,17,trunk,123.4311347,41.6158108
219240642,18,trunk,123.4314469,41.6159525
219240642,19,trunk,123.4320235,41.6162297
219240642,20,trunk,123.432267,41.6163562
219240642,21,trunk,123.4325085,41.6164887
219240642,22,trunk,123.4327725,41.6166423
219240642,23,trunk,123.4336082,41.6171763
219240642,24,trunk,123.4379997,41.620089
219240647,0,trunk,123.2243405,41.6726013
219240647,1,trunk,123.2250536,41.6714067
219240647,2,trunk,123.2258913,41.6702034
219240647,3,trunk,123.2260215,41.6700164
219240647,4,trunk,123.2359644,41.6572502
219240647,5,trunk,123.2431063,41.6480788
219240647,6,trunk,123.2443213,41.6466005
219240647,7,trunk,123.2452426,41.6455791
219240647,8,trunk,123.2461956,41.6446719
219240647,9,trunk,123.2473932,41.6436192
219240647,10,trunk,123.2485428,41.6426986
219240647,11,trunk,123.2501623,41.64153
219240647,12,trunk,123.2520439,41.6403381
219240647,13,trunk,123.253826,41.6393493
219240647,14,trunk,123.25553,41.6385212
219240647,15,trunk,123.265137,41.6339802
219240647,16,trunk,123.2664171,41.6333751
219240647,17,trunk,123.2685867,41.6323882
219240647,18,trunk,123.270037,41.6318074
219240647,19,trunk,123.2713643,41.6313221
219240647,20,trunk,123.2732157,41.6307269
219240647,21,trunk,123.2750551,41.6302314
219240647,22,trunk,123.2765719,41.629877
219240647,23,trunk,123.2780929,41.6295901
219240647,24,trunk,123.2782939,41.6295522
219240647,25,trunk,123.2798225,41.6293101
219240647,26,trunk,123.2814095,41.6291194
219240647,27,trunk,123.2838576,41.6289249
219240647,28,trunk,123.2863847,41.6288521
219240647,29,trunk,123.2897637,41.6287783
219240648,0,trunk,123.4039961,41.6206537
219240648,1,trunk,123.4097984,41.6187729
219240650,0,trunk,123.4040725,41.6208135
219240650,1,trunk,123.4007833,41.6218819
219240650,2,trunk,123.3896893,41.6254203
219240650,3,trunk,123.387365,41.626166
219240650,4,trunk,123.3872166,41.6262103
219240650,5,trunk,123.3728918,41.6308047
219240650,6,trunk,123.3724493,41.6309156
219240650,7,trunk,123.3715534,41.6311399
219240650,8,trunk,123.3699251,41.6314336
219240650,9,trunk,123.368521,41.63158
219240650,10,trunk,123.3671361,41.6316212
219240650,11,trunk,123.3664259,41.6316004
219240650,12,trunk,123.3663233,41.6315974
219240650,13,trunk,123.3657367,41.631581
219240650,14,trunk,123.3641195,41.6314388
219240650,15,trunk,123.363915,41.6314067
219240650,16,trunk,123.3634569,41.631327
219240650,17,trunk,123.3629402,41.6312319
219240650,18,trunk,123.3623655,41.6310933
219240650,19,trunk,123.3611536,41.630711
219240653,0,trunk,123.437861,41.6202038
219240653,1,trunk,123.4334539,41.6173028
219240653,2,trunk,123.4326794,41.6168045
219240653,3,trunk,123.4324594,41.6166713
219240653,4,trunk,123.4321865,41.6165187
219240653,5,trunk,123.4319038,41.6163705
219240653,6,trunk,123.4314216,41.6161309
219240653,7,trunk,123.4311751,41.6160174
219240653,8,trunk,123.4309596,41.6159294
219240653,9,trunk,123.4306514,41.6158074
219240653,10,trunk,123.4302782,41.6156682
219240653,11,trunk,123.4299744,41.6155606
219240653,12,trunk,123.4296854,41.6154679
219240653,13,trunk,123.4293964,41.6153843
219240653,14,trunk,123.4290513,41.6152902
219240653,15,trunk,123.4287225,41.6152084
219240653,16,trunk,123.4284474,41.6151478
219240653,17,trunk,123.428119,41.6150804
219240653,18,trunk,123.427787,41.6150164
219240653,19,trunk,123.4274272,41.6149624
219240653,20,trunk,123.4270359,41.6149099
219240653,21,trunk,123.4268363,41.6148853
219240653,22,trunk,123.426531,41.6148572
219240653,23,trunk,123.4261995,41.6148264
219240653,24,trunk,123.4257908,41.6148034
219240653,25,trunk,123.42525,41.6147819
219240658,0,trunk,123.4098864,41.6189243
219240658,1,trunk,123.4040725,41.6208135
220338737,0,trunk,123.4610369,41.8322063
220338737,1,trunk,123.4607561,41.8317966
220338737,2,trunk,123.4601023,41.8310923
220338737,3,trunk,123.4596128,41.8306248
220338737,4,trunk,123.4595688,41.8305642
223874120,0,trunk,123.4718209,41.852353
223874120,1,trunk,123.4717465,41.8519314
223874120,2,trunk,123.4717292,41.8518332
223874120,3,trunk,123.4716197,41.8514555
223874120,4,trunk,123.4712856,41.8508895
223874120,5,trunk,123.4711137,41.8506458
223874120,6,trunk,123.4706179,41.8502143
223874120,7,trunk,123.4701595,41.8499306
223874123,0,trunk,123.5338479,41.9806009
223874123,1,trunk,123.5338501,41.9802013
223874123,2,trunk,123.5339212,41.9729233
223874123,3,trunk,123.533904,41.9708309
223874123,4,trunk,123.5338252,41.9701148
223874123,5,trunk,123.5335812,41.9692465
223874123,6,trunk,123.5332681,41.9684123
223874123,7,trunk,123.5328408,41.9675824
223874123,8,trunk,123.5323007,41.9667921
223874123,9,trunk,123.5316694,41.966027
223874123,10,trunk,123.5284867,41.9625082
223874123,11,trunk,123.5283794,41.9623826
223874123,12,trunk,123.5247302,41.9580935
223874123,13,trunk,123.5244177,41.9577261
223874123,14,trunk,123.5240644,41.9572744
223874123,15,trunk,123.523859,41.9569891
223874123,16,trunk,123.5236322,41.9566337
223874123,17,trunk,123.5234581,41.9563438
223874123,18,trunk,123.5233465,41.9561256
223874123,19,trunk,123.5232178,41.9558721
223874123,20,trunk,123.5231165,41.9556262
223874123,21,trunk,123.5229255,41.9551641
223874123,22,trunk,123.519868,41.9475114
223874123,23,trunk,123.5198442,41.9474536
223874123,24,trunk,123.5187048,41.9446455
223874123,25,trunk,123.51692,41.9402748
223874123,26,trunk,123.5168889,41.9401847
223874123,27,trunk,123.5155932,41.9368827
223874123,28,trunk,123.5145427,41.9336931
223874123,29,trunk,123.5126531,41.9279579
223874123,30,trunk,123.5126253,41.927863
223874123,31,trunk,123.512064,41.9261561
223874123,32,trunk,123.5118978,41.9257407
223874123,33,trunk,123.5117487,41.925447
223874123,34,trunk,123.5115554,41.9251205
223874123,35,trunk,123.5114321,41.9249247
223874123,36,trunk,123.5111847,41.9245643
223874123,37,trunk,123.5109496,41.9242177
223874123,38,trunk,123.5080283,41.9198883
223874123,39,trunk,123.506651,41.9180139
223874123,40,trunk,123.506161,41.9173471
223874123,41,trunk,123.5054347,41.916445
223874123,42,trunk,123.5044036,41.915475
223874123,43,trunk,123.4948939,41.907135
223874123,44,trunk,123.4932543,41.9056661
223874123,45,trunk,123.4847334,41.8981684
223874123,46,trunk,123.4841567,41.8976609
223874126,0,trunk,123.4653503,41.8442192
223874126,1,trunk,123.4664256,41.8470319
223874126,2,trunk,123.4665078,41.847278
223874126,3,trunk,123.4667778,41.8478792
223874126,4,trunk,123.4670468,41.8482425
223874126,5,trunk,123.4672828,41.8484774
223874126,6,trunk,123.4676367,41.8487534
223874126,7,trunk,123.4680297,41.8489385
223874126,8,trunk,123.468733,41.8492331
223874126,9,trunk,123.4694143,41.8494505
223874126,10,trunk,123.4702538,41.8497993
223874126,11,trunk,123.4707243,41.8501139
223874126,12,trunk,123.4712326,41.8505651
223874126,13,trunk,123.4714819,41.8508609
223874128,0,trunk,123.4701595,41.8499306
223874128,1,trunk,123.4695374,41.8496729
223874128,2,trunk,123.4693162,41.8495801
223874128,3,trunk,123.4682796,41.8491732
223874128,4,trunk,123.4679297,41.84902
223874128,5,trunk,123.4673841,41.8487123
223874128,6,trunk,123.4669657,41.8483287
223874128,7,trunk,123.4665933,41.8478798
223874128,8,trunk,123.4664135,41.8474663
223874128,9,trunk,123.4663523,41.8472724
223874128,10,trunk,123.466208,41.8469047
223874128,11,trunk,123.4661383,41.8467204
223874128,12,trunk,123.4658413,41.845949
229763103,0,trunk,123.3782352,41.7449247
229763103,1,trunk,123.3783297,41.7447653
229763103,2,trunk,123.3784148,41.744599
229763103,3,trunk,123.3785101,41.7443997
229763103,4,trunk,123.3786169,41.7441784
229763112,0,trunk,123.3783849,41.7449921
229763112,1,trunk,123.3782319,41.7452182
229763112,2,trunk,123.3749925,41.7493298
229763112,3,trunk,123.3744256,41.7500217
229763112,4,trunk,123.3738536,41.7505546
229763112,5,trunk,123.3735596,41.75079
229763112,6,trunk,123.3734591,41.7508663
229778631,0,trunk,123.5546117,41.7896232
229778631,1,trunk,123.5550845,41.7892192
229778631,2,trunk,123.5564371,41.7880637
229778631,3,trunk,123.5568934,41.7876739
229778631,4,trunk,123.5639525,41.7817842
229778631,5,trunk,123.564024,41.7817171
229778631,6,trunk,123.5640855,41.7816624
229778631,7,trunk,123.5641922,41.781568
229998603,0,trunk,123.2296725,41.7344702
229998603,1,trunk,123.2285317,41.7328291
229998603,2,trunk,123.2281738,41.7324316
229998603,3,trunk,123.2248223,41.728707
229998603,4,trunk,123.2247627,41.7286408
229998603,5,trunk,123.2247075,41.7285815
229998603,6,trunk,123.2241289,41.7279388
229998603,7,trunk,123.2230122,41.7268892
229998603,8,trunk,123.2214225,41.7256071
229998603,9,trunk,123.2191071,41.723911
229998603,10,trunk,123.2190664,41.7238804
229998603,11,trunk,123.217685,41.7228432
229998603,12,trunk,123.2161044,41.7217909
229998603,13,trunk,123.2148174,41.7210339
229998603,14,trunk,123.2129888,41.7201275
229998603,15,trunk,123.2108789,41.7190896
229998603,16,trunk,123.2098419,41.7186534
229998603,17,trunk,123.209224,41.7184311
229998603,18,trunk,123.2086576,41.7182273
229998603,19,trunk,123.2066032,41.7175948
229998603,20,trunk,123.2054796,41.7172644
229998603,21,trunk,123.204103,41.7169853
229998603,22,trunk,123.2016351,41.7166169
229998603,23,trunk,123.201622,41.7166146
229998603,24,trunk,123.2010592,41.7165147
229998603,25,trunk,123.1971222,41.7158635
229998603,26,trunk,123.1962794,41.7156819
229998603,27,trunk,123.1957856,41.7155473
229998603,28,trunk,123.1948089,41.7151858
229998603,29,trunk,123.1932649,41.7144387
229998603,30,trunk,123.1913013,41.7134242
229998603,31,trunk,123.1881584,41.7114894
229998603,32,trunk,123.1869327,41.7107349
229998603,33,trunk,123.1845127,41.7092418
229998603,34,trunk,123.1836873,41.7087163
229998603,35,trunk,123.1835588,41.7086345
229998603,36,trunk,123.1832165,41.7084166
229998603,37,trunk,123.1804995,41.7064736
229998603,38,trunk,123.1797425,41.7059194
229998603,39,trunk,123.1796394,41.7058457
229998603,40,trunk,123.1791839,41.7055215
229998603,41,trunk,123.1784557,41.7049861
229998603,42,trunk,123.1779574,41.7045918
229998603,43,trunk,123.1773091,41.7041901
229998603,44,trunk,123.177161,41.7040983
229998603,45,trunk,123.1768048,41.7039175
229998603,46,trunk,123.1765316,41.7037788
229998603,47,trunk,123.1758357,41.7035097
229998603,48,trunk,123.1750436,41.7032832
229998603,49,trunk,123.1738672,41.7030286
229998603,50,trunk,123.172094,41.7026751
229998603,51,trunk,123.1709926,41.7023772
229998603,52,trunk,123.1692787,41.7018178
229998603,53,trunk,123.1688229,41.7016635
229998603,54,trunk,123.1665246,41.7008853
229998603,55,trunk,123.1661356,41.7007536
229998603,56,trunk,123.1660133,41.7007122
229998603,57,trunk,123.1651166,41.7003996
229998603,58,trunk,123.1635309,41.6998716
229998603,59,trunk,123.1629408,41.6996718
229998603,60,trunk,123.1624459,41.6995042
229998603,61,trunk,123.1602368,41.6987299
229998603,62,trunk,123.1576097,41.6977402
229998603,63,trunk,123.1554364,41.6969486
229998603,64,trunk,123.1540707,41.6964221
229998603,65,trunk,123.151455,41.6954138
229998603,66,trunk,123.1500252,41.6949181
229998603,67,trunk,123.148764,41.6945379
229998603,68,trunk,123.1463962,41.6940359
229998603,69,trunk,123.1462536,41.6940057
230330581,0,primary,123.4253867,41.6149716
230330581,1,primary,123.4230558,41.6151382
230330581,2,primary,123.421039,41.61557
230330581,3,primary,123.4199898,41.6158532
230330581,4,primary,123.4179308,41.6165091
230330581,5,primary,123.4154679,41.6172881
230330581,6,primary,123.4098387,41.6190686
230330581,7,primary,123.4074612,41.6198797
230330581,8,primary,123.4073343,41.6199232
230330581,9,primary,123.4015945,41.621758
230330581,10,primary,123.3912711,41.6250482
230330581,11,primary,123.3890827,41.6257746
230330581,12,primary,123.3873702,41.6263181
230330581,13,primary,123.3872214,41.6263642
230330581,14,primary,123.378999,41.6289758
230330581,15,primary,123.3788863,41.6290116
230330581,16,primary,123.3728942,41.6309147
230330581,17,primary,123.3724772,41.6310573
230331246,0,primary,123.2250536,41.6714067
230331246,1,primary,123.225139,41.6710318
230331246,2,primary,123.2257591,41.6701486
230331246,3,primary,123.2259098,41.6699339
230331246,4,primary,123.2356998,41.6573028
230331246,5,primary,123.2429099,41.6480405
230331246,6,primary,123.2441631,41.64653
230331246,7,primary,123.2450879,41.6455097
230331246,8,primary,123.2460545,41.6445909
230331246,9,primary,123.2472543,41.643526
230331246,10,primary,123.2484031,41.6426066
230331246,11,primary,123.2500392,41.6414338
230331246,12,primary,123.25192,41.6402317
230331246,13,primary,123.2537576,41.6392164
230331246,14,primary,123.2554444,41.6384096
230331246,15,primary,123.2650735,41.6338352
230331246,16,primary,123.2662926,41.6332561
230331246,17,primary,123.2684679,41.6322818
230331246,18,primary,123.27,41.6316471
230331246,19,primary,123.2712705,41.6312084
230331246,20,primary,123.2731913,41.630601
230331246,21,primary,123.2749639,41.6301218
230331246,22,primary,123.2765116,41.6297509
230331246,23,primary,123.2780179,41.6294566
230331246,24,primary,123.2782413,41.6294129
230331246,25,primary,123.2797887,41.6291659
230331246,26,primary,123.2813755,41.6289766
230331246,27,primary,123.2838807,41.6287816
230331246,28,primary,123.2863692,41.6287094
230331246,29,primary,123.2896403,41.6286383
230331249,0,primary,123.357695,41.6643268
230331249,1,primary,123.3583346,41.6618947
230331249,2,primary,123.3595225,41.6574008
230331249,3,primary,123.3604997,41.6537135
230331249,4,primary,123.3606903,41.6530086
230331249,5,primary,123.361109,41.6513231
230331249,6,primary,123.3620351,41.6478352
230331249,7,primary,123.3628826,41.6445606
230333742,0,primary,123.3596693,41.6301856
230333742,1,primary,123.3597587,41.6300755
230333742,2,primary,123.3598562,41.630008
230333742,3,primary,123.3600063,41.6300274
230333742,4,primary,123.3605838,41.6302186
230333742,5,primary,123.3617632,41.6305635
230333742,6,primary,123.3629393,41.6308554
230333742,7,primary,123.363887,41.6310677
230333742,8,primary,123.3641769,41.6311075
230333742,9,primary,123.3654947,41.6312453
230333742,10,primary,123.366339,41.6313055
230333742,11,primary,123.3671946,41.6312872
230333742,12,primary,123.3683457,41.6312684
230333742,13,primary,123.3697355,41.6311164
230333742,14,primary,123.3714848,41.6308014
230333742,15,primary,123.3726293,41.6305212
230333742,16,primary,123.3871983,41.6258613
230333742,17,primary,123.3873367,41.6258151
230333742,18,primary,123.3888364,41.6253403
230333742,19,primary,123.3913424,41.6245385
230333742,20,primary,123.396561,41.6228688
230333742,21,primary,123.3968195,41.622786
230333742,22,primary,123.4071719,41.6194735
230333742,23,primary,123.4073135,41.6194249
230333742,24,primary,123.4097433,41.6186483
230333742,25,primary,123.4210232,41.6150106
230333742,26,primary,123.4221109,41.6147711
230333742,27,primary,123.4226574,41.6146832
230333742,28,primary,123.4230938,41.6146216
230333742,29,primary,123.4235957,41.6145683
230333742,30,primary,123.4242289,41.6145216
230333742,31,primary,123.4246005,41.6145028
230333742,32,primary,123.425051,41.6144921
230333742,33,primary,123.4254226,41.6144922
230334635,0,trunk,123.5123377,41.6537777
230334635,1,trunk,123.5114316,41.6544646
230334635,2,trunk,123.508727,41.6564583
230334635,3,trunk,123.5053789,41.6588006
230334635,4,trunk,123.5040917,41.6597608
230334635,5,trunk,123.5022598,41.6611404
230334635,6,trunk,123.5018701,41.6614449
230334635,7,trunk,123.5009092,41.6622738
230334635,8,trunk,123.5001081,41.6630899
230334635,9,trunk,123.4999122,41.6633022
230334635,10,trunk,123.4998885,41.6633278
230334635,11,trunk,123.4956357,41.6679372
230334635,12,trunk,123.4955383,41.6680427
230334635,13,trunk,123.4936721,41.6700653
230334635,14,trunk,123.4927595,41.6711237
230334635,15,trunk,123.4923443,41.6715777
230334635,16,trunk,123.4922316,41.6717065
230334635,17,trunk,123.4918683,41.6721423
230334635,18,trunk,123.4909988,41.6730963
230334635,19,trunk,123.4873875,41.677014
230334635,20,trunk,123.487321,41.6770861
230334635,21,trunk,123.484811,41.679809
230334635,22,trunk,123.4847065,41.6799206
230334635,23,trunk,123.4845328,41.6801135
230334635,24,trunk,123.4844328,41.6802222
230334635,25,trunk,123.4820329,41.6827693
230334635,26,trunk,123.4799282,41.685079
230334635,27,trunk,123.4797087,41.685344
230334635,28,trunk,123.4795569,41.6855272
230334635,29,trunk,123.479402,41.6857022
230334635,30,trunk,123.4790583,41.6861151
230334635,31,trunk,123.4771517,41.6884664
230334635,32,trunk,123.4770526,41.6885748
230334635,33,trunk,123.474689,41.691568
230334635,34,trunk,123.4729817,41.6937566
230334635,35,trunk,123.4716637,41.6954357
230334635,36,trunk,123.4715488,41.6955737
230334635,37,trunk,123.4712265,41.6959427
230334635,38,trunk,123.4711751,41.6960045
230334635,39,trunk,123.4708092,41.696394
230334635,40,trunk,123.4703652,41.6968912
230708111,0,trunk,123.2056345,41.7075021
230708111,1,trunk,123.2053253,41.7080776
230708111,2,trunk,123.2032564,41.7118591
230708111,3,trunk,123.2027981,41.7128838
230708111,4,trunk,123.2021351,41.7146881
230708129,0,trunk,123.1997128,41.7243049
230708129,1,trunk,123.1996712,41.7229899
230708129,2,trunk,123.1997441,41.7216964
230708129,3,trunk,123.2000655,41.7200319
230708129,4,trunk,123.2006708,41.718157
230833744,0,trunk,123.2444115,41.8779478
230833744,1,trunk,123.243237,41.877096
230833744,2,trunk,123.2419176,41.8762514
230833744,3,trunk,123.2400964,41.8751724
230833744,4,trunk,123.2393323,41.8747198
230833744,5,trunk,123.2391284,41.874599
230833744,6,trunk,123.2350423,41.8721787
230833744,7,trunk,123.2337669,41.8714288
230833744,8,trunk,123.2315302,41.8699591
230833744,9,trunk,123.2247504,41.865314
230833744,10,trunk,123.2192324,41.8615768
230836753,0,trunk,123.279562,41.9156905
230836753,1,trunk,123.276884,41.9116363
230836755,0,trunk,123.276884,41.9116363
230836755,1,trunk,123.2749663,41.9086649
230836755,2,trunk,123.2716257,41.903498
230836755,3,trunk,123.2707757,41.9021934
230836755,4,trunk,123.2697519,41.9007587
230836755,5,trunk,123.2684162,41.8991935
230836755,6,trunk,123.2673811,41.8981016
230836755,7,trunk,123.2660411,41.8968514
230836755,8,trunk,123.2568211,41.8887337
230836756,0,trunk,123.3245495,41.9429159
230836756,1,trunk,123.2984377,41.9316626
230836756,2,trunk,123.2956093,41.9303877
230836756,3,trunk,123.2922434,41.9285588
230836756,4,trunk,123.2890067,41.9263571
230836756,5,trunk,123.2863329,41.9241622
230836756,6,trunk,123.2836432,41.921472
230836756,7,trunk,123.2818622,41.9192048
230836756,8,trunk,123.279562,41.9156905
230836757,0,trunk,123.3296943,41.9446554
230836757,1,trunk,123.3285069,41.9442991
230836757,2,trunk,123.3267168,41.9437333
230836757,3,trunk,123.3245495,41.9429159
230836758,0,trunk,123.5075393,41.9913181
230836758,1,trunk,123.5043739,41.9915216
230836758,2,trunk,123.5005714,41.9916262
230836758,3,trunk,123.4967756,41.9913949
230836758,4,trunk,123.4927447,41.9908603
230836758,5,trunk,123.4888505,41.9899496
230836758,6,trunk,123.4859094,41.9890666
230836758,7,trunk,123.4833666,41.9880449
230836758,8,trunk,123.4823259,41.9876278
230836758,9,trunk,123.480856,41.9869125
230836758,10,trunk,123.4784957,41.9856046
230836758,11,trunk,123.4748694,41.9833557
230836758,12,trunk,123.4708825,41.98105
230836758,13,trunk,123.4666511,41.9789373
230836758,14,trunk,123.4635593,41.9776398
230836758,15,trunk,123.4537225,41.9736308
230836758,16,trunk,123.4526843,41.973214
230836758,17,trunk,123.4516606,41.9728102
230836758,18,trunk,123.450947,41.9725549
230836758,19,trunk,123.4499656,41.972259
230836758,20,trunk,123.4491352,41.9720778
230836758,21,trunk,123.4476457,41.9718404
230836758,22,trunk,123.4459238,41.9717651
230836758,23,trunk,123.4441492,41.971866
230836758,24,trunk,123.4243786,41.9735945
230836758,25,trunk,123.4151578,41.9743578
230836758,26,trunk,123.4125023,41.97443
230836758,27,trunk,123.4100742,41.9743365
230836758,28,trunk,123.4077892,41.9741704
230836758,29,trunk,123.4052902,41.9738697
230836758,30,trunk,123.402491,41.9733612
230836763,0,trunk,123.2472431,41.8802648
230836763,1,trunk,123.2457661,41.8789712
230836763,2,trunk,123.2444115,41.8779478
230837328,0,trunk,123.3246276,41.9427557
230837328,1,trunk,123.3267965,41.9435885
230837328,2,trunk,123.3285798,41.9441546
230837328,3,trunk,123.3297798,41.9444884
230837329,0,trunk,123.3809155,41.9665239
230837329,1,trunk,123.3830963,41.9675684
230837329,2,trunk,123.384393,41.9681278
230837329,3,trunk,123.3850637,41.9684153
230837329,4,trunk,123.3858121,41.9687343
230837329,5,trunk,123.3871963,41.9692473
230837329,6,trunk,123.388853,41.9698443
230837329,7,trunk,123.3896308,41.9701087
230837329,8,trunk,123.39031,41.9703213
230837329,9,trunk,123.3916413,41.9707673
230837329,10,trunk,123.3918881,41.9708288
230837329,11,trunk,123.3933815,41.9712574
230837329,12,trunk,123.3940622,41.9714463
230837329,13,trunk,123.3958793,41.9718914
230837329,14,trunk,123.3979143,41.9723543
230837329,15,trunk,123.4022536,41.9731633
230837329,16,trunk,123.4024747,41.9732081
230837329,17,trunk,123.402536,41.9732187
230837329,18,trunk,123.4052915,41.9736938
230837329,19,trunk,123.4077999,41.9740089
230837329,20,trunk,123.4101112,41.9741814
230837329,21,trunk,123.4125029,41.9742616
230837329,22,trunk,123.4151414,41.9741972
230837329,23,trunk,123.4243233,41.9734274
230837329,24,trunk,123.4441106,41.9716949
230837329,25,trunk,123.4458921,41.9715956
230837329,26,trunk,123.447694,41.9716728
230837329,27,trunk,123.4492075,41.971914
230837329,28,trunk,123.4500592,41.9720941
230837329,29,trunk,123.4510194,41.9724072
230837329,30,trunk,123.4519207,41.9727145
230837329,31,trunk,123.4528077,41.9730594
230837329,32,trunk,123.4538258,41.9734947
230837329,33,trunk,123.4636596,41.9774344
230837329,34,trunk,123.4667734,41.9787918
230837329,35,trunk,123.4710178,41.980911
230837329,36,trunk,123.4750141,41.9832222
230837329,37,trunk,123.4786386,41.98547
230837329,38,trunk,123.4809882,41.9867719
230837329,39,trunk,123.482444,41.9874804
230837329,40,trunk,123.483476,41.987894
230837329,41,trunk,123.4860008,41.9889018
230837329,42,trunk,123.4889149,41.9898228
230837329,43,trunk,123.4927969,41.9906955
230837329,44,trunk,123.4967863,41.9912705
230837329,45,trunk,123.5005845,41.9914323
230837329,46,trunk,123.5043524,41.9913972
230837329,47,trunk,123.5075291,41.9911384
230837331,0,trunk,123.2569915,41.888628
230837331,1,trunk,123.266217,41.8967508
230837331,2,trunk,123.2675574,41.8979954
230837331,3,trunk,123.2686158,41.8990988
230837331,4,trunk,123.2699441,41.900683
230837331,5,trunk,123.2709737,41.9021084
230837331,6,trunk,123.271829,41.9034136
230837331,7,trunk,123.2752228,41.9086534
230837331,8,trunk,123.2771027,41.9115564
230837332,0,trunk,123.2445816,41.877802
230837332,1,trunk,123.2459297,41.8788595
230837332,2,trunk,123.2474124,41.8801451
230837333,0,trunk,123.2797285,41.9155832
230837333,1,trunk,123.2820784,41.9191103
230837333,2,trunk,123.2838625,41.9213659
230837333,3,trunk,123.2865249,41.9240654
230837333,4,trunk,123.2891331,41.9261815
230837333,5,trunk,123.2924101,41.9284087
230837333,6,trunk,123.2957214,41.9302407
230837333,7,trunk,123.2984846,41.9314848
230837333,8,trunk,123.3246276,41.9427557
230837335,0,trunk,123.1862231,41.8253946
230837335,1,trunk,123.1872652,41.8271646
230837335,2,trunk,123.18845,41.8287674
230837335,3,trunk,123.1887562,41.8291815
230837335,4,trunk,123.1902105,41.8310222
230837335,5,trunk,123.192816,41.8343298
230837335,6,trunk,123.1972752,41.8399589
230837335,7,trunk,123.1981814,41.8411405
230837335,8,trunk,123.1984341,41.8414612
230837335,9,trunk,123.1994476,41.8427416
230837335,10,trunk,123.205553,41.8504542
230837335,11,trunk,123.2068075,41.8519168
230837335,12,trunk,123.2080126,41.8531659
230837335,13,trunk,123.2096025,41.8545637
230837335,14,trunk,123.2098424,41.8547698
230837335,15,trunk,123.2101589,41.8550473
230837335,16,trunk,123.2120391,41.8564337
230837335,17,trunk,123.2167323,41.8596269
230837336,0,trunk,123.2771027,41.9115564
230837336,1,trunk,123.2797285,41.9155832
230841268,0,trunk,123.2745686,41.7798939
230841268,1,trunk,123.2721036,41.7799206
230841271,0,trunk,123.2745767,41.7797893
230841271,1,trunk,123.2787531,41.7797055
230841271,2,trunk,123.2835192,41.7795993
230841271,3,trunk,123.2850878,41.7795427
230841271,4,trunk,123.2851459,41.7795406
230841271,5,trunk,123.289688,41.7792736
230841271,6,trunk,123.289739,41.7792706
230841271,7,trunk,123.2900246,41.779255
230841271,8,trunk,123.2901376,41.7792488
230841271,9,trunk,123.2911804,41.7791839
230841271,10,trunk,123.2921496,41.7791251
230841271,11,trunk,123.2941159,41.7790115
230841271,12,trunk,123.296473,41.7788753
230841271,13,trunk,123.2991011,41.7787235
230841271,14,trunk,123.2992507,41.7787014
230841271,15,trunk,123.2992673,41.778699
230841272,0,trunk,123.3207675,41.7759477
230841272,1,trunk,123.320102,41.7759356
230841272,2,trunk,123.3184057,41.77592
230841272,3,trunk,123.3171255,41.7760319
230841272,4,trunk,123.3164856,41.7761175
230841272,5,trunk,123.3155462,41.7762432
230841272,6,trunk,123.3140844,41.7764635
232151776,0,primary,123.4509145,41.8498529
232151776,1,primary,123.4504027,41.8537725
232151776,2,primary,123.450401,41.8540563
232151776,3,primary,123.4504064,41.8541918
232151776,4,primary,123.4504443,41.8543373
232151776,5,primary,123.4505318,41.8545568
232151776,6,primary,123.4510222,41.8556807
232151776,7,primary,123.4516737,41.8570698
232151776,8,primary,123.4536644,41.8613466
232151776,9,primary,123.4545651,41.86327
232151776,10,primary,123.4548177,41.8638504
232151776,11,primary,123.4553296,41.8649572
232151776,12,primary,123.457231,41.8690686
232151776,13,primary,123.4581227,41.8709965
232151776,14,primary,123.4588019,41.8724762
232151776,15,primary,123.4609756,41.8772118
232151776,16,primary,123.4613383,41.8780311
232151776,17,primary,123.4622418,41.880072
232151776,18,primary,123.4623187,41.8802848
232151776,19,primary,123.4623489,41.880503
232151776,20,primary,123.4623355,41.8807006
232151776,21,primary,123.4614919,41.8859441
232151776,22,primary,123.4613393,41.8868114
232151776,23,primary,123.461221,41.887484
232151776,24,primary,123.4610489,41.88883
232151776,25,primary,123.4610412,41.8890325
232151776,26,primary,123.461061,41.8899392
232151776,27,primary,123.4610657,41.8900253
232151778,0,trunk,123.4314947,41.8502331
232151778,1,trunk,123.430654,41.8532132
232151778,2,trunk,123.4301659,41.8548522
232151778,3,trunk,123.4297593,41.8560174
232151778,4,trunk,123.4286608,41.8587867
232151778,5,trunk,123.4282746,41.8598015
232151778,6,trunk,123.4280707,41.8601131
232151778,7,trunk,123.4275343,41.8605526
232151778,8,trunk,123.4272513,41.8606616
232151778,9,trunk,123.4268383,41.860795
232151780,0,trunk,123.463354,41.8495346
232151780,1,trunk,123.4660384,41.848786
232151781,0,trunk,123.4633948,41.8497
232151781,1,trunk,123.4621273,41.8500415
232151781,2,trunk,123.4612395,41.8501602
232151781,3,trunk,123.4603318,41.8501586
232151781,4,trunk,123.458605,41.8501081
232151781,5,trunk,123.4508909,41.8497532
232151781,6,trunk,123.4414277,41.8492861
232151781,7,trunk,123.4375654,41.8491018
232151781,8,trunk,123.4340359,41.8489333
232151781,9,trunk,123.4332957,41.8489813
232151781,10,trunk,123.4328129,41.8491092
232151781,11,trunk,123.4323401,41.8493313
232151781,12,trunk,123.4321155,41.8494368
232151781,13,trunk,123.43174,41.8497725
232151781,14,trunk,123.4314947,41.8502331
232152295,0,trunk,123.4220732,41.8601911
232152295,1,trunk,123.4254958,41.8607284
232152295,2,trunk,123.4259818,41.8607571
232152295,3,trunk,123.4264507,41.8607604
232152295,4,trunk,123.4267994,41.860688
232152296,0,trunk,123.4268383,41.860795
232152296,1,trunk,123.4264525,41.8608626
232152296,2,trunk,123.4260972,41.8608816
232152296,3,trunk,123.4254314,41.8608403
232152296,4,trunk,123.4219828,41.8602953
232152298,0,trunk,123.4219828,41.8602953
232152298,1,trunk,123.4159552,41.8593427
232152298,2,trunk,123.4158967,41.8593335
232152298,3,trunk,123.4154509,41.8592661
232154899,0,motorway,123.2882491,41.8435352
232154899,1,motorway,123.288798,41.8439655
232154899,2,motorway,123.289737,41.8445541
232154899,3,motorway,123.2907236,41.8450155
232154899,4,motorway,123.2921121,41.8455429
232154899,5,motorway,123.2934941,41.845924
232154899,6,motorway,123.2950218,41.8462886
232154899,7,motorway,123.296702,41.8465554
232154899,8,motorway,123.2984808,41.8468049
232154899,9,motorway,123.305393,41.8476148
232200064,0,trunk,123.1494881,41.6945899
232200064,1,trunk,123.1500943,41.6947582
232200064,2,trunk,123.1515363,41.6952581
232200064,3,trunk,123.1542157,41.6963241
232200064,4,trunk,123.1576045,41.6975973
232200064,5,trunk,123.1603082,41.6986035
232200064,6,trunk,123.1625226,41.6993469
232200064,7,trunk,123.1662187,41.7005985
232200064,8,trunk,123.1666016,41.7007281
232200064,9,trunk,123.1693547,41.7016603
232200064,10,trunk,123.1710628,41.7022178
232200064,11,trunk,123.1721528,41.7025126
232200064,12,trunk,123.1739209,41.7028651
232200064,13,trunk,123.1751054,41.7031214
232200064,14,trunk,123.1759122,41.7033521
232200064,15,trunk,123.1766246,41.7036276
232200064,16,trunk,123.1768689,41.7037516
232200064,17,trunk,123.1772683,41.7039544
232200064,18,trunk,123.1774223,41.7040498
232200064,19,trunk,123.1780751,41.7044543
232200064,20,trunk,123.1785706,41.7049019
232200064,21,trunk,123.179731,41.7057612
232200064,22,trunk,123.1798365,41.7058393
232200064,23,trunk,123.1806746,41.7064475
232200064,24,trunk,123.183306,41.7083382
232200064,25,trunk,123.1836575,41.7085691
232200064,26,trunk,123.1837854,41.7086532
232200064,27,trunk,123.1846031,41.7091904
232200064,28,trunk,123.1869752,41.7106301
232200064,29,trunk,123.18824,41.7114083
232200064,30,trunk,123.1913668,41.7133191
232200064,31,trunk,123.1932744,41.7142778
232200064,32,trunk,123.1948979,41.715033
232200064,33,trunk,123.1958617,41.7153897
232200064,34,trunk,123.1963399,41.7155199
232200064,35,trunk,123.1971725,41.7156993
232200064,36,trunk,123.2006636,41.7162767
232200064,37,trunk,123.2011131,41.7163511
232200064,38,trunk,123.2016801,41.7164518
232200064,39,trunk,123.2041505,41.7168205
232200064,40,trunk,123.2055409,41.7171024
232200064,41,trunk,123.2066739,41.7174356
232200064,42,trunk,123.2087338,41.7180699
232200064,43,trunk,123.2099269,41.7184992
232200064,44,trunk,123.2109733,41.7189393
232200064,45,trunk,123.2130703,41.7199823
232200064,46,trunk,123.2149222,41.7208888
232200064,47,trunk,123.2160029,41.7215244
232200064,48,trunk,123.2162183,41.7216511
232200064,49,trunk,123.2178061,41.7227082
232200064,50,trunk,123.2185842,41.7232924
232200064,51,trunk,123.219035,41.7236309
232200064,52,trunk,123.2192309,41.723778
232200064,53,trunk,123.2215484,41.7254756
232200064,54,trunk,123.2231448,41.7267632
232200064,55,trunk,123.2242692,41.7278201
232200064,56,trunk,123.2248512,41.7284846
232200064,57,trunk,123.2249102,41.7285499
232200064,58,trunk,123.2283177,41.7323168
232200064,59,trunk,123.2286809,41.7327202
232200064,60,trunk,123.229831,41.7343984
232317998,0,trunk,123.4469164,41.7011734
232317998,1,trunk,123.4464341,41.7017076
232317998,2,trunk,123.446246,41.7019126
232317998,3,trunk,123.4456457,41.7024618
232320017,0,primary,123.4157648,41.6822024
232320017,1,primary,123.4157522,41.681985
232320017,2,primary,123.4157092,41.6815922
232320017,3,primary,123.4154708,41.6796513
232320017,4,primary,123.4154572,41.67954
232320017,5,primary,123.4154011,41.6789807
232320017,6,primary,123.4153591,41.6786241
232320017,7,primary,123.4152082,41.6771087
232320017,8,primary,123.4147243,41.6728953
232320017,9,primary,123.414697,41.6726771
232320017,10,primary,123.4144732,41.6707248
232320017,11,primary,123.4142192,41.6685546
232320017,12,primary,123.4142057,41.668431
232320017,13,primary,123.4139676,41.6662525
232320017,14,primary,123.4139528,41.6661175
232320017,15,primary,123.4139245,41.6658588
232320017,16,primary,123.4139138,41.665753
232320017,17,primary,123.4138794,41.6654458
232320017,18,primary,123.4137732,41.6644742
232320018,0,primary,123.4292082,41.7124602
232320018,1,primary,123.4287099,41.7117771
232321596,0,trunk,123.4701204,41.6967952
232321596,1,trunk,123.4705688,41.6963071
232321596,2,trunk,123.4709175,41.6958825
232321596,3,trunk,123.4709834,41.6958221
232321596,4,trunk,123.4712787,41.6954594
232321596,5,trunk,123.47437,41.6915297
232321596,6,trunk,123.474421,41.6914655
232321596,7,trunk,123.4768253,41.688444
232321596,8,trunk,123.4769066,41.6883443
232321596,9,trunk,123.4787769,41.686027
232321596,10,trunk,123.4790097,41.6857584
232321596,11,trunk,123.4790637,41.6856962
232321596,12,trunk,123.4791296,41.6856201
232321596,13,trunk,123.4791582,41.6855871
232321596,14,trunk,123.4793135,41.6854155
232321596,15,trunk,123.4793205,41.6854078
232321596,16,trunk,123.479407,41.6853037
232321596,17,trunk,123.4796815,41.6849737
232321596,18,trunk,123.4817773,41.6826747
232321596,19,trunk,123.4818289,41.682623
232321596,20,trunk,123.4837272,41.6805667
232321596,21,trunk,123.4842472,41.6799693
232321596,22,trunk,123.4844341,41.6797778
232321596,23,trunk,123.4847385,41.6794852
232321596,24,trunk,123.4870902,41.6769133
232321596,25,trunk,123.4895293,41.6742456
232321596,26,trunk,123.49068,41.6729871
232321596,27,trunk,123.4915896,41.6720764
232321596,28,trunk,123.4918673,41.6717168
232321596,29,trunk,123.4919576,41.6715999
232321596,30,trunk,123.4919738,41.6715789
232321596,31,trunk,123.4920842,41.6714532
232321596,32,trunk,123.4921247,41.6714066
232321596,33,trunk,123.4921964,41.671324
232321596,34,trunk,123.4924631,41.6710171
232321596,35,trunk,123.4934338,41.6699844
232321596,36,trunk,123.4953108,41.6679345
232321596,37,trunk,123.4954215,41.6678304
232321596,38,trunk,123.4972549,41.6658531
232321596,39,trunk,123.499367,41.6634457
232321596,40,trunk,123.5007642,41.6620871
232321596,41,trunk,123.5013338,41.6615836
232321596,42,trunk,123.5039603,41.6596134
232321596,43,trunk,123.5052574,41.658684
232321596,44,trunk,123.5085154,41.6563151
232321596,45,trunk,123.5107242,41.6547307
232321596,46,trunk,123.5112456,41.6543456
232321596,47,trunk,123.5113528,41.6542657
232321596,48,trunk,123.5115027,41.6541488
232321596,49,trunk,123.5115591,41.6541091
232321601,0,trunk,123.5115591,41.6541091
232321601,1,trunk,123.5122887,41.6536131
232321601,2,trunk,123.5132813,41.6528684
232321601,3,trunk,123.5138634,41.6524171
232321601,4,trunk,123.51488,41.6515858
232321601,5,trunk,123.5156401,41.6509457
232321601,6,trunk,123.5160058,41.6506403
232321603,0,trunk,123.5172861,41.649552
232321603,1,trunk,123.5181722,41.6488204
232321603,2,trunk,123.5191944,41.6479546
232321603,3,trunk,123.5204174,41.646926
232321603,4,trunk,123.5215088,41.6459462
232321603,5,trunk,123.523911,41.6434384
232321603,6,trunk,123.5263572,41.6407284
232321603,7,trunk,123.5276672,41.6390831
232321603,8,trunk,123.5284907,41.637827
232321603,9,trunk,123.5287186,41.6374794
232321603,10,trunk,123.529495,41.6369342
232321603,11,trunk,123.5295874,41.6368694
232330704,0,trunk,123.5809078,41.686913
232330704,1,trunk,123.5768862,41.6848664
232330709,0,trunk,123.5770757,41.6847653
232330709,1,trunk,123.581033,41.6867789
235966829,0,primary,123.4340285,41.7174426
235966829,1,primary,123.4339948,41.7172725
235966829,2,primary,123.4339614,41.7171579
235966829,3,primary,123.433925,41.7170596
235966829,4,primary,123.4338844,41.7169568
235966829,5,primary,123.4338243,41.716832
235966829,6,primary,123.4337488,41.716695
235966829,7,primary,123.4336914,41.7166041
235966829,8,primary,123.433523,41.7163837
235966829,9,primary,123.4332192,41.7160951
235966829,10,primary,123.4330447,41.7159722
235966829,11,primary,123.4328743,41.7158831
235966829,12,primary,123.4315489,41.7148232
235966829,13,primary,123.4304708,41.7138995
235966829,14,primary,123.4302778,41.7137198
235966829,15,primary,123.4301396,41.7135807
235966829,16,primary,123.4298696,41.7132955
235966829,17,primary,123.4295232,41.7128689
235966829,18,primary,123.4294187,41.7127179
235966829,19,primary,123.4292082,41.7124602
235966830,0,primary,123.433961,41.7201559
235966830,1,primary,123.4339872,41.7202499
235966830,2,primary,123.4340215,41.7203318
235966830,3,primary,123.4341132,41.720514
235966830,4,primary,123.4346838,41.7213928
235966830,5,primary,123.434988,41.7217731
235966830,6,primary,123.4376491,41.7253064
235966830,7,primary,123.438844,41.7268524
235966830,8,primary,123.4421797,41.7313746
235966830,9,primary,123.4422268,41.7314384
235966830,10,primary,123.4435828,41.733274
235966830,11,primary,123.4437857,41.7335322
235966830,12,primary,123.4439261,41.733743
235966830,13,primary,123.4440678,41.7339372
235966830,14,primary,123.4443406,41.7343236
235966830,15,primary,123.4448703,41.7350704
235966830,16,primary,123.4450894,41.7353891
235966830,17,primary,123.4451534,41.7355137
235966830,18,primary,123.4452251,41.7356917
235966830,19,primary,123.4452563,41.7358396
235966830,20,primary,123.4452787,41.7360007
235966830,21,primary,123.4452767,41.7361766
235966830,22,primary,123.4452464,41.736363
235966830,23,primary,123.445241,41.7364237
235966830,24,primary,123.4451601,41.7367477
235966830,25,primary,123.4449101,41.7377757
235966830,26,primary,123.4448469,41.7380348
235966830,27,primary,123.4445782,41.7391401
235966830,28,primary,123.4444313,41.7397542
235966830,29,primary,123.4443008,41.7406908
235966830,30,primary,123.4442737,41.740776
235966830,31,primary,123.4441727,41.7409472
235966831,0,primary,123.4294698,41.7125977
235966831,1,primary,123.4295841,41.712739
235966831,2,primary,123.4297011,41.7128864
235966831,3,primary,123.4301648,41.7134055
235966831,4,primary,123.4303801,41.7136254
235966831,5,primary,123.4306032,41.7138366
235966831,6,primary,123.4316453,41.7147618
235966831,7,primary,123.4324418,41.7153879
235966831,8,primary,123.4329734,41.7157529
235966831,9,primary,123.4332263,41.7159419
235966831,10,primary,123.4334552,41.7161461
235966831,11,primary,123.4335714,41.7162569
235966831,12,primary,123.4337322,41.7164477
235966831,13,primary,123.4338208,41.7165686
235966831,14,primary,123.4339023,41.7167018
235966831,15,primary,123.4340199,41.7169261
235966831,16,primary,123.4340696,41.7170559
235966831,17,primary,123.4341032,41.7171627
235966831,18,primary,123.4341349,41.7172778
235966831,19,primary,123.4341614,41.7174359
236413833,0,motorway,123.4548155,41.708913
236413833,1,motorway,123.4533596,41.7083104
236413833,2,motorway,123.4527817,41.708019
236413833,3,motorway,123.4521699,41.7077001
236413833,4,motorway,123.4508544,41.7068394
236413833,5,motorway,123.4497654,41.7060619
236413833,6,motorway,123.4404372,41.6987922
236413833,7,motorway,123.4395478,41.6981591
236413833,8,motorway,123.4384575,41.6975387
236413833,9,motorway,123.4367529,41.6967681
236413833,10,motorway,123.4360631,41.6965423
236413834,0,motorway,123.4551642,41.70885
236413834,1,motorway,123.4575696,41.7095729
236413834,2,motorway,123.4651926,41.7119361
236414239,0,motorway,123.5799963,41.8060275
236414239,1,motorway,123.5890976,41.7991918
236414239,2,motorway,123.5902209,41.7983084
236414239,3,motorway,123.5912428,41.7973854
236414239,4,motorway,123.5919584,41.7965655
236414239,5,motorway,123.5925501,41.7957237
236414239,6,motorway,123.5929294,41.7949162
236944666,0,primary,123.285808,41.7273155
236944666,1,primary,123.2859146,41.7272717
236944666,2,primary,123.2863131,41.7271163
236944666,3,primary,123.2872576,41.7267561
236944666,4,primary,123.2879001,41.7264835
236944666,5,primary,123.2883299,41.7262897
236944666,6,primary,123.2888068,41.7260599
236944666,7,primary,123.2892074,41.7258634
236944666,8,primary,123.2895461,41.7256958
236944666,9,primary,123.2898035,41.7255714
236944666,10,primary,123.2903311,41.7253512
236944666,11,primary,123.2917403,41.7247973
236944666,12,primary,123.2927615,41.7244134
236944666,13,primary,123.2936913,41.7240705
236944666,14,primary,123.2940818,41.7239378
236944666,15,primary,123.2944067,41.7238355
236944666,16,primary,123.2947558,41.7237397
236944666,17,primary,123.2952345,41.7236401
236944666,18,primary,123.2956715,41.7235714
236944666,19,primary,123.2960124,41.7235342
236944666,20,primary,123.2962948,41.7235218
236944669,0,primary,123.2852855,41.7275128
236944669,1,primary,123.285808,41.7273155
236945054,0,trunk,123.2163988,41.6871773
236945054,1,trunk,123.2243405,41.6726013
236945055,0,trunk,123.2245178,41.6726767
236945055,1,trunk,123.2166088,41.6872822
236945056,0,trunk,123.2166088,41.6872822
236945056,1,trunk,123.2153167,41.689602
236945056,2,trunk,123.2151995,41.6898166
236945056,3,trunk,123.2148324,41.6905199
237000194,0,primary,123.4825672,41.7188995
237000194,1,primary,123.4822887,41.7192117
237000194,2,primary,123.4818689,41.7195595
237000194,3,primary,123.4804725,41.7205077
237000194,4,primary,123.4801287,41.7207411
237000194,5,primary,123.4798504,41.7209301
237000194,6,primary,123.4797736,41.7209822
237000194,7,primary,123.4792522,41.7214674
237000194,8,primary,123.478882,41.7219074
237000194,9,primary,123.4785989,41.7223864
237000194,10,primary,123.4785941,41.7223945
237000194,11,primary,123.4783001,41.7230957
237000198,0,primary,123.4949355,41.7076111
237000198,1,primary,123.4952371,41.7074446
237000198,2,primary,123.4957124,41.7071959
237000198,3,primary,123.4963168,41.7069337
237000198,4,primary,123.496598,41.7068219
237000198,5,primary,123.4974002,41.7065244
237000198,6,primary,123.498735,41.7061093
237000198,7,primary,123.5008506,41.7055501
237000198,8,primary,123.5073578,41.7032808
237000198,9,primary,123.5082193,41.7029245
237000198,10,primary,123.5088812,41.7025226
237000198,11,primary,123.5093788,41.7020222
237000198,12,primary,123.5095568,41.7017455
237000198,13,primary,123.5096881,41.7015077
237000198,14,primary,123.5097922,41.7012518
237000198,15,primary,123.5098462,41.7010634
237000198,16,primary,123.5098688,41.7008098
237000198,17,primary,123.5098732,41.7005775
237000198,18,primary,123.5098254,41.7002499
237000198,19,primary,123.5097677,41.7000434
237000198,20,primary,123.509698,41.699864
237000198,21,primary,123.5090933,41.6987075
237000198,22,primary,123.5085811,41.6978346
237000198,23,primary,123.5082136,41.697058
237000198,24,primary,123.508071,41.6966291
237000198,25,primary,123.5079648,41.6962425
237000198,26,primary,123.5078982,41.695714
237000198,27,primary,123.5078521,41.6950249
237000198,28,primary,123.5078967,41.6948295
237000199,0,primary,123.5078967,41.6948295
237000199,1,primary,123.507958,41.6950245
237000199,2,primary,123.5079949,41.6957073
237000199,3,primary,123.5080633,41.6962292
237000199,4,primary,123.5081601,41.6966123
237000199,5,primary,123.5083092,41.6970372
237000199,6,primary,123.5086771,41.6978062
237000199,7,primary,123.5091813,41.6986861
237000199,8,primary,123.5098093,41.6998339
237000199,9,primary,123.5098748,41.7000238
237000199,10,primary,123.5099329,41.70024
237000199,11,primary,123.5099818,41.700574
237000199,12,primary,123.5100006,41.70081
237000199,13,primary,123.5099649,41.7010737
237000199,14,primary,123.5098862,41.7012699
237000199,15,primary,123.5097764,41.701532
237000199,16,primary,123.5096399,41.7017811
237000199,17,primary,123.5094438,41.7020569
237000199,18,primary,123.5089469,41.7025659
237000199,19,primary,123.5082616,41.7029762
237000199,20,primary,123.5075089,41.7032801
237000199,21,primary,123.5010017,41.7055494
237000199,22,primary,123.4987616,41.7061742
237000199,23,primary,123.4974303,41.7065786
237000199,24,primary,123.4966542,41.7068714
237000199,25,primary,123.4963646,41.7069889
237000199,26,primary,123.4950688,41.7077001
237002922,0,primary,123.4539934,41.7131357
237002922,1,primary,123.4536566,41.7136651
237002925,0,primary,123.4597973,41.7071361
237002925,1,primary,123.4567505,41.7090543
237002925,2,primary,123.4563696,41.7094202
237002925,3,primary,123.455973,41.7099004
237002925,4,primary,123.4552611,41.7110636
237002925,5,primary,123.4539934,41.7131357
237003283,0,primary,123.4536566,41.7136651
237003283,1,primary,123.4529391,41.7147774
237003283,2,primary,123.4526113,41.7152862
237003283,3,primary,123.4521606,41.7160022
237003283,4,primary,123.4520872,41.7161188
237003283,5,primary,123.4520343,41.7162029
237003283,6,primary,123.4519583,41.7163123
237003283,7,primary,123.4513418,41.7172788
237003283,8,primary,123.4502937,41.7189866
237003283,9,primary,123.449833,41.7196862
237003283,10,primary,123.4477581,41.7231315
237003283,11,primary,123.4457086,41.7263608
237003283,12,primary,123.4453009,41.727012
237003958,0,primary,123.4421797,41.7313746
237003958,1,primary,123.4425657,41.7312174
237003958,2,primary,123.4428868,41.7310832
237003958,3,primary,123.4431398,41.7309716
237003958,4,primary,123.443329,41.7308881
237003958,5,primary,123.4434332,41.730829
237003958,6,primary,123.443538,41.7307564
237003958,7,primary,123.4436453,41.7306611
237003958,8,primary,123.4437349,41.730567
237003958,9,primary,123.4438454,41.7304058
237003958,10,primary,123.4440062,41.7300179
237003958,11,primary,123.4445931,41.7284968
237003958,12,primary,123.445185,41.7270021
237103703,0,primary,123.3342547,41.7415175
237103703,1,primary,123.3345847,41.7416712
237103703,2,primary,123.3349638,41.7418388
237103703,3,primary,123.3354899,41.7420435
237103703,4,primary,123.3360031,41.7422169
237103703,5,primary,123.3366235,41.7424201
237103703,6,primary,123.337389,41.7426372
237103703,7,primary,123.3394846,41.7432924
237103703,8,primary,123.339835,41.743388
237103703,9,primary,123.3408607,41.7436795
237103703,10,primary,123.3439018,41.7446263
237103703,11,primary,123.3440318,41.7446632
237103703,12,primary,123.3441572,41.7446987
237103703,13,primary,123.3476688,41.7457303
237103703,14,primary,123.3517137,41.7469632
237103703,15,primary,123.3556324,41.7481767
237103703,16,primary,123.3592091,41.7492822
237103703,17,primary,123.3598194,41.7494028
237103703,18,primary,123.3602624,41.7494778
237103703,19,primary,123.3606389,41.7495218
237103703,20,primary,123.3609962,41.7495511
237103703,21,primary,123.3615624,41.7495725
237103703,22,primary,123.3623757,41.7495762
237103703,23,primary,123.3632305,41.7495612
237103703,24,primary,123.3639568,41.7495684
237103703,25,primary,123.3651632,41.749591
237103703,26,primary,123.3656192,41.7495913
237103703,27,primary,123.366054,41.7495595
239309714,0,motorway,123.5733713,41.8110504
239309714,1,motorway,123.5769826,41.8083155
239309716,0,motorway,123.578667,41.8070444
239309716,1,motorway,123.5799963,41.8060275
239309718,0,motorway,123.564989,41.8467485
239309718,1,motorway,123.5634744,41.8502151
239309718,2,motorway,123.5622964,41.8529858
239309718,3,motorway,123.5619904,41.8540049
239309718,4,motorway,123.5618646,41.8546318
239309718,5,motorway,123.5617857,41.8551777
239309718,6,motorway,123.5617734,41.8559464
239309718,7,motorway,123.5617839,41.8565353
239309718,8,motorway,123.561922,41.8575628
239309718,9,motorway,123.5621108,41.8586795
239309720,0,motorway,123.5801664,41.8061878
239309720,1,motorway,123.5788263,41.8071555
239309721,0,motorway,123.5712367,41.8134293
239309721,1,motorway,123.5709166,41.8140129
239309723,0,motorway,123.5735292,41.811191
239309723,1,motorway,123.5723955,41.812076
239309723,2,motorway,123.5717018,41.8128033
239309723,3,motorway,123.5713912,41.8131623
239309723,4,motorway,123.5712367,41.8134293
239309725,0,motorway,123.5709166,41.8140129
239309725,1,motorway,123.570732,41.8144759
239309725,2,motorway,123.5705541,41.8151038
239309727,0,motorway,123.5769826,41.8083155
239309727,1,motorway,123.578667,41.8070444
239309728,0,motorway,123.5709845,41.8133768
239309728,1,motorway,123.5712335,41.8130532
239309728,2,motorway,123.571586,41.8126042
239309728,3,motorway,123.5722683,41.8118929
239309728,4,motorway,123.5733713,41.8110504
239309729,0,motorway,123.5788263,41.8071555
239309729,1,motorway,123.577151,41.8084171
239309731,0,motorway,123.5706923,41.8139712
239309731,1,motorway,123.5709845,41.8133768
239309732,0,motorway,123.5702578,41.8167437
239309732,1,motorway,123.5702398,41.8165183
239309732,2,motorway,123.5702208,41.8163
239309732,3,motorway,123.5702214,41.8161051
239309732,4,motorway,123.5702427,41.8157873
239309732,5,motorway,123.5702655,41.8154097
239309732,6,motorway,123.5703371,41.8150748
239309733,0,motorway,123.577151,41.8084171
239309733,1,motorway,123.5735292,41.811191
239309734,0,motorway,123.5705541,41.8151038
239309734,1,motorway,123.5704745,41.8155662
239309734,2,motorway,123.5704414,41.8159238
239309734,3,motorway,123.5704441,41.8161399
239309734,4,motorway,123.5704472,41.8164045
239309734,5,motorway,123.570466,41.8165636
239309734,6,motorway,123.5704812,41.8167474
239309735,0,motorway,123.5703371,41.8150748
239309735,1,motorway,123.5705126,41.8144731
239309735,2,motorway,123.5706923,41.8139712
240507135,0,trunk,123.495145,41.6353647
240507135,1,trunk,123.4954632,41.6355671
240507135,2,trunk,123.4959391,41.6358863
240507135,3,trunk,123.496186,41.6360432
241753641,0,primary,123.366054,41.7495595
241753641,1,primary,123.3663852,41.7495154
241753641,2,primary,123.3667695,41.7494486
241753641,3,primary,123.3669907,41.7494068
241753641,4,primary,123.3672995,41.7493446
241753641,5,primary,123.3675121,41.7493
241753641,6,primary,123.3677074,41.7492652
241753641,7,primary,123.3679535,41.749243
241753641,8,primary,123.3681987,41.7492316
241753641,9,primary,123.3686365,41.749233
241753641,10,primary,123.3689699,41.749273
241753641,11,primary,123.3695621,41.7493744
241753641,12,primary,123.3699061,41.749439
241753641,13,primary,123.3701948,41.7494905
241753641,14,primary,123.3707868,41.7496095
241753641,15,primary,123.3712052,41.7497456
241753641,16,primary,123.3716183,41.7499337
241753641,17,primary,123.3719455,41.7500417
241753641,18,primary,123.3725349,41.7502164
241753641,19,primary,123.3730667,41.7503739
241753641,20,primary,123.3734395,41.750486
241753641,21,primary,123.3737479,41.750614
241753641,22,primary,123.3743702,41.7509062
241753641,23,primary,123.3746096,41.7510465
241753641,24,primary,123.3748208,41.7511703
241753641,25,primary,123.375822,41.7519212
241753641,26,primary,123.3758401,41.7519347
241753641,27,primary,123.3776076,41.7532994
241753641,28,primary,123.3779751,41.7535916
241753641,29,primary,123.3792502,41.7546053
241753641,30,primary,123.3796427,41.7549094
241753641,31,primary,123.3798581,41.7550763
241753642,0,primary,123.3799654,41.7552524
241753642,1,primary,123.379745,41.7550851
241753642,2,primary,123.3797052,41.7550548
241753642,3,primary,123.3781827,41.7538669
241753642,4,primary,123.3776908,41.7534706
241753642,5,primary,123.3770514,41.7529822
241753642,6,primary,123.3759811,41.7521562
241753642,7,primary,123.3757443,41.7519735
241753642,8,primary,123.3747018,41.7512093
241753642,9,primary,123.3744595,41.7510658
241753642,10,primary,123.3742082,41.7509171
241753642,11,primary,123.3733231,41.750553
241753642,12,primary,123.3730816,41.7504573
241753642,13,primary,123.3727548,41.7503751
241753642,14,primary,123.3725857,41.7503271
241753642,15,primary,123.3716258,41.7500503
241753642,16,primary,123.3711393,41.7499209
241753642,17,primary,123.370609,41.7497945
241753642,18,primary,123.3697824,41.7496505
241753642,19,primary,123.369049,41.7495362
241753642,20,primary,123.368619,41.7494841
241753643,0,primary,123.368619,41.7494841
241753643,1,primary,123.3683318,41.7494571
241753643,2,primary,123.3680445,41.7494644
241753643,3,primary,123.3675618,41.7495083
241753643,4,primary,123.3673147,41.7495376
241753643,5,primary,123.3664567,41.7496628
241753643,6,primary,123.3661403,41.7497037
242211925,0,trunk,123.5035424,41.6431364
242211925,1,trunk,123.4972548,41.6389783
242211925,2,trunk,123.4968893,41.6387441
242211925,3,trunk,123.4945326,41.6371924
242211925,4,trunk,123.4940228,41.6368367
242211925,5,trunk,123.4937938,41.6366682
242211925,6,trunk,123.492462,41.6357999
242211925,7,trunk,123.4922465,41.6356829
242211925,8,trunk,123.4920784,41.6356244
242211925,9,trunk,123.4919157,41.635602
242211925,10,trunk,123.4916837,41.635616
242211925,11,trunk,123.4914677,41.6356641
242211925,12,trunk,123.4911297,41.6357724
242211925,13,trunk,123.4909192,41.6358174
242211925,14,trunk,123.4907086,41.6358345
242211925,15,trunk,123.4905209,41.6358225
242211925,16,trunk,123.4903547,41.6357864
242211925,17,trunk,123.4902031,41.6357262
242211925,18,trunk,123.4900676,41.6356581
242211925,19,trunk,123.4898332,41.6354813
242219482,0,trunk,123.4615107,41.7183445
242219482,1,trunk,123.4614386,41.7184592
242219482,2,trunk,123.4606467,41.7197198
242219482,3,trunk,123.4591083,41.7221217
242219494,0,trunk,123.4619927,41.7175785
242219494,1,trunk,123.4615107,41.7183445
242219501,0,trunk,123.4629066,41.7066103
242219501,1,trunk,123.4628903,41.70672
242219501,2,trunk,123.4628628,41.7069136
242219501,3,trunk,123.4627918,41.7074129
242219501,4,trunk,123.4628529,41.7084867
242219501,5,trunk,123.4634122,41.7106969
242219501,6,trunk,123.4637214,41.7119914
242219501,7,trunk,123.4637859,41.7123461
242219501,8,trunk,123.463809,41.7126197
242219501,9,trunk,123.4638285,41.7129231
242219501,10,trunk,123.4638265,41.7132609
242219501,11,trunk,123.4637648,41.7137311
242219501,12,trunk,123.4636656,41.7142152
242219501,13,trunk,123.4635387,41.7146912
242219501,14,trunk,123.4633955,41.7150847
242219501,15,trunk,123.4632621,41.7154078
242219501,16,trunk,123.4630866,41.7158047
242219501,17,trunk,123.4625681,41.7166779
242219501,18,trunk,123.4620682,41.7174604
242219501,19,trunk,123.4620172,41.7175401
242219501,20,trunk,123.4619927,41.7175785
242835830,0,trunk,123.4509356,41.72571
242835830,1,trunk,123.4522753,41.7237311
242835832,0,trunk,123.4524591,41.7237962
242835832,1,trunk,123.4513158,41.7256224
242835839,0,trunk,123.4513158,41.7256224
242835839,1,trunk,123.450734,41.7266458
242835839,2,trunk,123.4504575,41.7272425
242835839,3,trunk,123.450228,41.7278391
242835839,4,trunk,123.4501456,41.7281786
242835839,5,trunk,123.4499906,41.7296218
242835839,6,trunk,123.4499993,41.7310047
242835839,7,trunk,123.4500189,41.7326512
242835839,8,trunk,123.4500083,41.734746
242835839,9,trunk,123.4499707,41.7355907
242835839,10,trunk,123.4498204,41.7364461
242835839,11,trunk,123.4494574,41.7374813
242835839,12,trunk,123.4490924,41.7380991
242835839,13,trunk,123.4485409,41.7388964
242835839,14,trunk,123.4483298,41.7391631
242835839,15,trunk,123.4480232,41.739472
242835839,16,trunk,123.4475809,41.7398832
242835839,17,trunk,123.447308,41.7401013
242835839,18,trunk,123.4437781,41.7428533
242835840,0,trunk,123.4522753,41.7237311
242835840,1,trunk,123.4522935,41.7237042
242835840,2,trunk,123.4540053,41.7211518
242835840,3,trunk,123.4550045,41.7194424
242835840,4,trunk,123.4552184,41.7191409
244159434,0,primary,123.2962948,41.7235218
244159434,1,primary,123.2964602,41.7235134
244159434,2,primary,123.2966933,41.723511
244159434,3,primary,123.2969454,41.7235182
244159434,4,primary,123.2972576,41.7235369
244159434,5,primary,123.2974726,41.7235544
244159434,6,primary,123.297752,41.7235904
244159434,7,primary,123.2980943,41.7236506
244159434,8,primary,123.2983356,41.723699
244159434,9,primary,123.2985734,41.7237567
244159434,10,primary,123.2989985,41.7238784
244159434,11,primary,123.2992327,41.7239539
244159434,12,primary,123.29942,41.7240205
244159434,13,primary,123.2996581,41.7241202
244159434,14,primary,123.2999138,41.7242419
244159434,15,primary,123.300136,41.7243473
244159434,16,primary,123.3004746,41.7245095
244159434,17,primary,123.3013254,41.7249355
244159463,0,primary,123.4137902,41.6964941
244159463,1,primary,123.4153341,41.696496
244159463,2,primary,123.4158346,41.6964671
244159463,3,primary,123.4162492,41.6964223
244828777,0,motorway,123.5463046,41.8807911
244828777,1,motorway,123.5455186,41.8809513
244828788,0,motorway,123.5453452,41.8808184
244828788,1,motorway,123.5461486,41.8806601
244828790,0,motorway,123.5455186,41.8809513
244828790,1,motorway,123.5442086,41.8811702
244828790,2,motorway,123.5433275,41.8813061
244828792,0,motorway,123.5461486,41.8806601
244828792,1,motorway,123.5468953,41.8804826
244828792,2,motorway,123.5475821,41.8802768
249907308,0,trunk,123.2694701,41.8484303
249907308,1,trunk,123.2688166,41.849099
249907308,2,trunk,123.2687417,41.8491734
249907308,3,trunk,123.2681582,41.8497139
249907308,4,trunk,123.2677805,41.8500144
249907308,5,trunk,123.2672913,41.8502702
249907308,6,trunk,123.2667681,41.8504761
249907308,7,trunk,123.2663073,41.8506252
249907308,8,trunk,123.2646352,41.8509472
249907308,9,trunk,123.2626214,41.8513192
249907308,10,trunk,123.2623114,41.851392
249907308,11,trunk,123.2620545,41.8514597
249907308,12,trunk,123.2617044,41.8515584
249907308,13,trunk,123.2611679,41.8517345
249907308,14,trunk,123.2598945,41.8521562
249907308,15,trunk,123.259471,41.8522971
249907308,16,trunk,123.2591713,41.8524035
249907308,17,trunk,123.2589133,41.8525139
249907308,18,trunk,123.2586875,41.852623
249907308,19,trunk,123.2583533,41.8527864
249907308,20,trunk,123.2580252,41.8529476
249907308,21,trunk,123.2577784,41.8530665
249907308,22,trunk,123.2573159,41.8532996
249907308,23,trunk,123.2569234,41.8534779
249907308,24,trunk,123.2567014,41.8535605
249907308,25,trunk,123.2565001,41.8536312
249907308,26,trunk,123.2562481,41.8536892
249907308,27,trunk,123.2560079,41.8537344
249907308,28,trunk,123.2556713,41.8537913
249907308,29,trunk,123.2552639,41.8538498
249907308,30,trunk,123.2546273,41.8539379
249907308,31,trunk,123.2526504,41.8541973
249907308,32,trunk,123.2518867,41.8543005
249907308,33,trunk,123.2517471,41.8543227
249907308,34,trunk,123.2442028,41.8553144
249907308,35,trunk,123.2392847,41.8559473
249907308,36,trunk,123.2377893,41.8562307
249907308,37,trunk,123.2371141,41.8563738
249907308,38,trunk,123.2362773,41.8566159
249907308,39,trunk,123.2345642,41.8572439
249907308,40,trunk,123.2320702,41.8581979
249907308,41,trunk,123.2305623,41.8586615
249907308,42,trunk,123.2295172,41.8589079
249908114,0,trunk,123.2148324,41.6905199
249908114,1,trunk,123.2145118,41.6911057
249908116,0,trunk,123.2143214,41.6909959
249908116,1,trunk,123.2146164,41.6904379
249908118,0,trunk,123.2146164,41.6904379
249908118,1,trunk,123.2149983,41.6897098
249908118,2,trunk,123.2151124,41.689503
249908118,3,trunk,123.2163988,41.6871773
249909856,0,primary,123.4139498,41.6640708
249909856,1,primary,123.413963,41.664193
249909856,2,primary,123.4140456,41.664924
249909856,3,primary,123.4144057,41.6681121
249909856,4,primary,123.4144412,41.6684262
249909856,5,primary,123.4144548,41.6685466
249909856,6,primary,123.4144767,41.6687404
249909856,7,primary,123.4144994,41.668949
249909856,8,primary,123.4149023,41.672656
249909856,9,primary,123.4149335,41.6728842
249909856,10,primary,123.41527,41.6756662
249909856,11,primary,123.4154195,41.6768579
249909856,12,primary,123.4157128,41.6795341
249909856,13,primary,123.4157253,41.6796406
249909856,14,primary,123.4158019,41.6804125
249909856,15,primary,123.4159135,41.6816114
249909856,16,primary,123.4159108,41.6817772
249909856,17,primary,123.4159138,41.6818373
249909856,18,primary,123.4159367,41.6819739
249909856,19,primary,123.4159478,41.6821977
256225444,0,primary,123.3701217,41.6654952
256225444,1,primary,123.3701604,41.6653762
256225444,2,primary,123.3701963,41.6653371
256225444,3,primary,123.3702405,41.6653043
256225444,4,primary,123.3702735,41.6652846
256225444,5,primary,123.3703128,41.6652665
256225444,6,primary,123.3703619,41.6652501
256225444,7,primary,123.3704865,41.6652338
256225444,8,primary,123.3707248,41.6651962
256225444,9,primary,123.3709309,41.6651399
256225444,10,primary,123.371475,41.6650407
256225444,11,primary,123.3718411,41.6649603
256225444,12,primary,123.3724223,41.6648313
256225444,13,primary,123.3725876,41.6647716
256225444,14,primary,123.3726588,41.6647329
256225444,15,primary,123.3727959,41.6646582
256225444,16,primary,123.3744646,41.663988
256225444,17,primary,123.3796161,41.6618013
256225444,18,primary,123.3799555,41.6616661
256225444,19,primary,123.3800464,41.6616299
256225444,20,primary,123.3831405,41.6603974
256225444,21,primary,123.387769,41.6584678
256225444,22,primary,123.3887236,41.6581604
256225444,23,primary,123.3904006,41.6576654
256225444,24,primary,123.392555,41.6572174
256225444,25,primary,123.3937411,41.6569853
256225444,26,primary,123.3940475,41.656956
256225444,27,primary,123.3942176,41.6569398
256225444,28,primary,123.3963402,41.6567372
256225444,29,primary,123.39731,41.6567114
256225444,30,primary,123.3979391,41.6566946
256225444,31,primary,123.3980395,41.6566919
256225444,32,primary,123.3981367,41.6566893
256225444,33,primary,123.3991648,41.6566622
276558683,0,trunk,123.5716748,41.8198655
276558683,1,trunk,123.5712678,41.8197597
276558683,2,trunk,123.5697982,41.8194321
276558683,3,trunk,123.5686424,41.8193031
276558683,4,trunk,123.5651975,41.8188856
276558683,5,trunk,123.5645929,41.8188159
276558806,0,trunk,123.5768257,41.8215879
276558806,1,trunk,123.5775497,41.8221898
276558806,2,trunk,123.5782036,41.8227075
276558806,3,trunk,123.5788956,41.8231252
276558806,4,trunk,123.5810356,41.8241896
276558806,5,trunk,123.5827486,41.82506
276558806,6,trunk,123.5848313,41.8260094
276558806,7,trunk,123.5860866,41.8264411
276558806,8,trunk,123.5901909,41.8274736
276558806,9,trunk,123.5913915,41.8279201
276561929,0,trunk,123.4858522,41.8431045
276561929,1,trunk,123.4910537,41.8416066
276561929,2,trunk,123.4937654,41.840847
276561929,3,trunk,123.4973091,41.8398061
276561929,4,trunk,123.5038774,41.8379221
276561929,5,trunk,123.5101138,41.8361417
276561929,6,trunk,123.5166373,41.8341704
276563021,0,trunk,123.4139487,41.8587328
276563021,1,trunk,123.4141994,41.8588477
276563021,2,trunk,123.4145106,41.8589676
276563021,3,trunk,123.4150797,41.8591018
276563021,4,trunk,123.4154603,41.8591992
276563022,0,trunk,123.4688217,41.8481354
276563022,1,trunk,123.4677132,41.8484519
276563022,2,trunk,123.4669537,41.8486688
276563022,3,trunk,123.4663505,41.8488297
276563022,4,trunk,123.4661029,41.848907
276563023,0,trunk,123.466808,41.8485496
276563023,1,trunk,123.4675757,41.848332
276563023,2,trunk,123.4723995,41.8469651
276563023,3,trunk,123.4729806,41.8468004
276563024,0,trunk,123.4104459,41.8576012
276563024,1,trunk,123.4113766,41.857652
276563024,2,trunk,123.4120204,41.8577639
276563024,3,trunk,123.4126105,41.8579237
276563024,4,trunk,123.4129231,41.858078
276563024,5,trunk,123.4130709,41.8581747
276563024,6,trunk,123.4132756,41.8583349
276563024,7,trunk,123.4138225,41.8586607
276563024,8,trunk,123.4139487,41.8587328
276564041,0,trunk,123.4010499,41.8572912
276564041,1,trunk,123.3946108,41.8570112
276564041,2,trunk,123.3925251,41.8569392
276564041,3,trunk,123.38597,41.8567452
276564041,4,trunk,123.3846495,41.8567252
276564044,0,trunk,123.4010632,41.857201
276564044,1,trunk,123.4037814,41.8573331
277180757,0,primary,123.5364215,41.8766255
277180757,1,primary,123.5350206,41.8746608
277180757,2,primary,123.5344263,41.8740271
277180757,3,primary,123.5335018,41.873047
277180757,4,primary,123.5328912,41.8722709
277180757,5,primary,123.5326429,41.8719481
277180757,6,primary,123.5321524,41.8712667
277180757,7,primary,123.5309698,41.869532
277180757,8,primary,123.5296951,41.867337
277180757,9,primary,123.5282321,41.8647122
277180757,10,primary,123.5270923,41.8626546
277180757,11,primary,123.5262123,41.8610124
277180757,12,primary,123.5251288,41.8592013
277180757,13,primary,123.5246479,41.8582133
277180757,14,primary,123.5241892,41.8570675
277180757,15,primary,123.5240374,41.8562239
277180757,16,primary,123.523754,41.8543373
277180757,17,primary,123.5234938,41.8533166
277181941,0,motorway,123.4073052,41.8925675
277181941,1,motorway,123.4050726,41.8917626
277181941,2,motorway,123.4028399,41.8909143
277181941,3,motorway,123.3985277,41.8893516
283714270,0,motorway,123.3144186,41.6886321
283714270,1,motorway,123.314536,41.6879371
283714270,2,motorway,123.3146424,41.6861571
283714270,3,motorway,123.3146065,41.6839697
283714270,4,motorway,123.3142259,41.6802978
283714270,5,motorway,123.3132855,41.6713154
283714270,6,motorway,123.3120524,41.6592911
283714270,7,motorway,123.3117297,41.6560365
283714270,8,motorway,123.3086332,41.6265662
283714270,9,motorway,123.3078047,41.6189193
283714270,10,motorway,123.3072465,41.6131803
283714270,11,motorway,123.3071636,41.6115584
283714270,12,motorway,123.3071836,41.6104014
283714270,13,motorway,123.3074857,41.6076112
283714270,14,motorway,123.3101397,41.5859961
283714270,15,motorway,123.3108545,41.5800417
283714270,16,motorway,123.3111521,41.5783125
283714270,17,motorway,123.3114105,41.5772865
283714270,18,motorway,123.3118022,41.5760034
283714270,19,motorway,123.3171403,41.5617956
283714271,0,motorway,123.3134453,41.692559
283714271,1,motorway,123.3093045,41.7013369
309025237,0,primary,123.3726691,41.6664279
309025237,1,primary,123.3724969,41.666307
309025237,2,primary,123.3723343,41.666208
309025237,3,primary,123.3721508,41.6661014
309025237,4,primary,123.3719513,41.6660043
309025237,5,primary,123.3717082,41.6658954
309025237,6,primary,123.371483,41.6658115
309025237,7,primary,123.3712387,41.6657299
309025237,8,primary,123.3709528,41.6656475
309025237,9,primary,123.3707756,41.6656085
309025237,10,primary,123.3705984,41.6655757
309025237,11,primary,123.37041,41.6655405
309025237,12,primary,123.3702434,41.6655143
309025237,13,primary,123.3701217,41.6654952
309025237,14,primary,123.3691613,41.6654248
309025237,15,primary,123.3683634,41.6653608
309025237,16,primary,123.3622785,41.6648649
309025237,17,primary,123.3578163,41.6645037
309025237,18,primary,123.3576574,41.6644896
309029690,0,primary,123.2900197,41.6290686
309029690,1,primary,123.286397,41.6291479
309029690,2,primary,123.2838517,41.6292252
309029690,3,primary,123.2814964,41.6294083
309029690,4,primary,123.2798962,41.6295977
309029690,5,primary,123.2784055,41.6298227
309029690,6,primary,123.2782302,41.6298576
309029690,7,primary,123.2766513,41.6301719
309029690,8,primary,123.275189,41.6305151
309029690,9,primary,123.2733012,41.6310478
309029690,10,primary,123.2715259,41.6316005
309029690,11,primary,123.2701869,41.6320847
309029690,12,primary,123.2687511,41.6326617
309029690,13,primary,123.265283,41.6342779
309029690,14,primary,123.2557652,41.6387616
309029690,15,primary,123.2540408,41.6396091
309029690,16,primary,123.2523325,41.6405598
309029690,17,primary,123.2504467,41.6417449
309029690,18,primary,123.2488446,41.6428996
309029690,19,primary,123.2476995,41.6438072
309029690,20,primary,123.2465293,41.6448397
309029690,21,primary,123.2456192,41.6457364
309029690,22,primary,123.2446894,41.6467252
309029690,23,primary,123.2434451,41.6482136
309029690,24,primary,123.2364589,41.6571667
309029690,25,primary,123.226329,41.6701465
309029690,26,primary,123.2262094,41.6703353
309029690,27,primary,123.2256229,41.6712611
309029690,28,primary,123.2252792,41.6714506
317023958,0,trunk,123.2172539,41.8602368
317023958,1,trunk,123.2164704,41.8597061
317023961,0,trunk,123.2183833,41.8607502
317023961,1,trunk,123.2194655,41.8614865
317023964,0,trunk,123.2174977,41.8601477
317023964,1,trunk,123.2183833,41.8607502
317023965,0,trunk,123.2181424,41.8608385
317023965,1,trunk,123.2172539,41.8602368
317023975,0,trunk,123.2167323,41.8596269
317023975,1,trunk,123.2174977,41.8601477
317023983,0,trunk,123.2192324,41.8615768
317023983,1,trunk,123.2181424,41.8608385
317023984,0,trunk,123.2194655,41.8614865
317023984,1,trunk,123.2249164,41.8651949
317023984,2,trunk,123.2316868,41.8698147
317023984,3,trunk,123.2339053,41.8712554
317023984,4,trunk,123.2352075,41.8720707
317023984,5,trunk,123.2393052,41.8744853
317023984,6,trunk,123.2395029,41.8746019
317023984,7,trunk,123.2402366,41.8750342
317023984,8,trunk,123.2421236,41.8761412
317023984,9,trunk,123.2433821,41.876956
317023984,10,trunk,123.2445816,41.877802
317023985,0,trunk,123.2164704,41.8597061
317023985,1,trunk,123.2118717,41.8565912
317023985,2,trunk,123.2099765,41.8551428
317023985,3,trunk,123.2096221,41.8548328
317023985,4,trunk,123.2093741,41.854621
317023985,5,trunk,123.2078176,41.8532546
317023985,6,trunk,123.2066109,41.8520209
317023985,7,trunk,123.2053548,41.850561
317023985,8,trunk,123.1990607,41.8425936
317023985,9,trunk,123.1982324,41.8415451
317023985,10,trunk,123.1980361,41.8412965
317023985,11,trunk,123.1970767,41.8400579
317023985,12,trunk,123.1969401,41.8398857
317023985,13,trunk,123.1926089,41.8344233
317023985,14,trunk,123.1900019,41.8311214
317023985,15,trunk,123.1885703,41.8292824
317023985,16,trunk,123.1878031,41.8282414
317023985,17,trunk,123.1870763,41.8272552
317023985,18,trunk,123.1860128,41.8254759
317190536,0,trunk,123.3611536,41.630711
317190536,1,trunk,123.3604972,41.6305216
317190536,2,trunk,123.3585268,41.6299073
317190536,3,trunk,123.3540705,41.6285173
317190537,0,trunk,123.3541528,41.6283483
317190537,1,trunk,123.3585887,41.6297423
317190537,2,trunk,123.3605521,41.6303518
317190537,3,trunk,123.3612217,41.6305487
317190538,0,trunk,123.3062442,41.6285707
317190538,1,trunk,123.3040158,41.6286327
317190538,2,trunk,123.3038745,41.6286366
317190539,0,trunk,123.3612217,41.6305487
317190539,1,trunk,123.3622675,41.630871
317190539,2,trunk,123.3629702,41.6310165
317190539,3,trunk,123.3640979,41.6312139
317190539,4,trunk,123.3655214,41.6313544
317190539,5,trunk,123.3663343,41.6314367
317190539,6,trunk,123.3664456,41.6314401
317190539,7,trunk,123.3671392,41.6314611
317190539,8,trunk,123.3685139,41.6314225
317190539,9,trunk,123.3698951,41.6312619
317190539,10,trunk,123.3715171,41.6309821
317190539,11,trunk,123.3723964,41.630771
317190539,12,trunk,123.387211,41.6260445
317190539,13,trunk,123.3873559,41.6260029
317190539,14,trunk,123.3895289,41.6253069
317190539,15,trunk,123.4039961,41.6206537
317676374,0,primary,123.5058393,41.676754
317676374,1,primary,123.5053155,41.6764824
317676374,2,primary,123.5051473,41.6763952
317676374,3,primary,123.5011932,41.6750054
317676374,4,primary,123.5010994,41.6749725
317676374,5,primary,123.496426,41.6733307
317676374,6,primary,123.4955133,41.67301
317676374,7,primary,123.4943436,41.6725405
317676374,8,primary,123.4926272,41.6718635
317676374,9,primary,123.4922316,41.6717065
317676374,10,primary,123.4921542,41.6716674
317676374,11,primary,123.4920684,41.6716271
317676374,12,primary,123.4919738,41.6715789
317676374,13,primary,123.4919454,41.6715644
317676374,14,primary,123.4918028,41.6715091
317676374,15,primary,123.4915432,41.6714083
317676374,16,primary,123.4901093,41.6707684
317676374,17,primary,123.4880153,41.6697404
317676374,18,primary,123.4879171,41.6696922
317676374,19,primary,123.4848018,41.6679289
317676374,20,primary,123.4835137,41.6670965
317676374,21,primary,123.4825291,41.6664426
317676374,22,primary,123.4803312,41.6650132
317676374,23,primary,123.4798026,41.6646694
317676374,24,primary,123.4765086,41.6624799
317676374,25,primary,123.4742595,41.6609849
317676374,26,primary,123.4741008,41.6608795
317676374,27,primary,123.471438,41.6591094
317676374,28,primary,123.4693674,41.6578219
317676374,29,primary,123.4687265,41.6575001
317676374,30,primary,123.4685753,41.6574347
317676374,31,primary,123.467234,41.6567895
317676374,32,primary,123.4651072,41.65601
317676374,33,primary,123.4632256,41.6554546
317676374,34,primary,123.4614257,41.6550707
317676374,35,primary,123.4606213,41.6549381
317676374,36,primary,123.460415,41.6549184
317676374,37,primary,123.4603356,41.6549084
317676374,38,primary,123.4603302,41.6549072
317676374,39,primary,123.4596895,41.6547661
317676374,40,primary,123.4592813,41.6547079
317676374,41,primary,123.4588707,41.6546583
317676374,42,primary,123.4577698,41.6545584
317676374,43,primary,123.4566897,41.6545056
317676374,44,primary,123.4565472,41.6545022
317676374,45,primary,123.454273,41.6545046
317676374,46,primary,123.4537324,41.6545276
317676374,47,primary,123.4519458,41.6546058
317676374,48,primary,123.4518141,41.6546099
317676374,49,primary,123.4501151,41.6546808
317676374,50,primary,123.4477317,41.6547557
317676374,51,primary,123.4475947,41.6547601
317676374,52,primary,123.4430099,41.6549108
317676374,53,primary,123.442859,41.6549179
317676374,54,primary,123.4392673,41.6550706
317676374,55,primary,123.4389617,41.6550791
317676374,56,primary,123.4371818,41.6551433
317676374,57,primary,123.4361685,41.6551756
317676374,58,primary,123.4322921,41.65532
317676374,59,primary,123.4321906,41.6553238
317676374,60,primary,123.4237852,41.6556406
317676374,61,primary,123.4236667,41.6556456
318463953,0,motorway,123.1821412,41.7707534
318463953,1,motorway,123.1870245,41.7721866
318463953,2,motorway,123.1899685,41.7731148
318463953,3,motorway,123.1931871,41.7741518
318463953,4,motorway,123.1957878,41.775144
318463953,5,motorway,123.1983027,41.7761169
318463953,6,motorway,123.2006372,41.777109
318463953,7,motorway,123.2072088,41.7801261
321229015,0,motorway,123.552031,41.8881923
321229015,1,motorway,123.5525885,41.8887969
321229015,2,motorway,123.5534006,41.8897753
321229015,3,motorway,123.5541476,41.8907918
321229015,4,motorway,123.5547994,41.8918059
321229015,5,motorway,123.55594,41.8936947
321229015,6,motorway,123.559683,41.8999381
321229016,0,motorway,123.5517861,41.8882827
321229016,1,motorway,123.550768,41.8872683
321229016,2,motorway,123.5500736,41.8866912
321229016,3,motorway,123.5492593,41.8860646
321229016,4,motorway,123.5485171,41.8855425
321229016,5,motorway,123.5443757,41.8826973
321229016,6,motorway,123.5428842,41.8816707
321229016,7,motorway,123.5412261,41.8805447
321229016,8,motorway,123.5398228,41.8795671
321229016,9,motorway,123.5390548,41.8790034
321229016,10,motorway,123.5381625,41.8782598
321229016,11,motorway,123.537642,41.8778436
321229016,12,motorway,123.5373022,41.8776072
321229016,13,motorway,123.5370193,41.8773527
321229016,14,motorway,123.5364215,41.8766255
322402557,0,trunk,123.5252908,41.8887822
322402557,1,trunk,123.5255365,41.8890626
322402557,2,trunk,123.5261499,41.8897534
322402557,3,trunk,123.5268608,41.8905566
322402557,4,trunk,123.5271513,41.8908884
322402557,5,trunk,123.5277909,41.8916155
322402557,6,trunk,123.5280972,41.8919472
322402557,7,trunk,123.5283359,41.8921932
322402557,8,trunk,123.5286294,41.8924775
322402557,9,trunk,123.5288256,41.8926603
322402557,10,trunk,123.5291428,41.8929233
322402557,11,trunk,123.5294485,41.8931581
322425345,0,trunk,123.3862728,41.9318743
322425345,1,trunk,123.3863548,41.931591
322425345,2,trunk,123.3864919,41.9311174
322425345,3,trunk,123.3865262,41.9310192
325489512,0,motorway,123.3818307,41.7062434
325489512,1,motorway,123.3834639,41.7056694
325489512,2,motorway,123.3847483,41.7052102
325489512,3,motorway,123.3867904,41.7045753
325489512,4,motorway,123.3882782,41.7041831
325489512,5,motorway,123.3894711,41.7039773
325489548,0,motorway,123.3619371,41.7131993
325489548,1,motorway,123.3638382,41.7126064
325489548,2,motorway,123.3653349,41.7120926
325489548,3,motorway,123.3668556,41.7115609
325489560,0,motorway,123.3668556,41.7115609
325489560,1,motorway,123.3818307,41.7062434
325489755,0,motorway,123.3671196,41.7118737
325489755,1,motorway,123.3659029,41.7122386
325489755,2,motorway,123.3634548,41.7129333
325489755,3,motorway,123.3622417,41.7132777
325489755,4,motorway,123.3609355,41.71357
325489755,5,motorway,123.3591261,41.7139022
325489755,6,motorway,123.3575722,41.7140227
325489755,7,motorway,123.3565999,41.7140596
325489755,8,motorway,123.3558709,41.7140668
325489755,9,motorway,123.3545963,41.7140203
325489755,10,motorway,123.3532987,41.7138896
325489755,11,motorway,123.3518227,41.7136792
325489755,12,motorway,123.3506511,41.7134421
325489755,13,motorway,123.3494288,41.7131248
325489755,14,motorway,123.347363,41.7125521
325489755,15,motorway,123.3443034,41.7116975
325489755,16,motorway,123.3325263,41.7085053
325489756,0,motorway,123.3818898,41.7063357
325489756,1,motorway,123.3841318,41.7055603
325489756,2,motorway,123.3873188,41.7045206
325489756,3,motorway,123.3894711,41.7039773
325489757,0,motorway,123.3818573,41.7066592
325489757,1,motorway,123.3671196,41.7118737
325489758,0,motorway,123.3669547,41.7116391
325489758,1,motorway,123.3818898,41.7063357
331993310,0,primary,123.3100825,41.6689102
331993310,1,primary,123.3100117,41.6684053
331993310,2,primary,123.3098561,41.6678935
331993310,3,primary,123.3067307,41.660418
331993310,4,primary,123.3066987,41.6603414
331993310,5,primary,123.3053436,41.6572057
331993310,6,primary,123.3046153,41.654717
331993312,0,primary,123.3046153,41.654717
331993312,1,primary,123.304455,41.6541539
331993312,2,primary,123.3042994,41.6537623
331993312,3,primary,123.3037055,41.6528212
331993312,4,primary,123.3028826,41.651672
331993312,5,primary,123.3019635,41.650274
331993312,6,primary,123.3008616,41.6485307
331993312,7,primary,123.3005752,41.6478128
331993312,8,primary,123.3004459,41.6469938
331993312,9,primary,123.3005773,41.6461528
331993312,10,primary,123.3009148,41.645244
331993312,11,primary,123.3009587,41.6451258
331993312,12,primary,123.302172,41.6427884
335035273,0,primary,123.4362322,41.9351211
335035273,1,primary,123.4364838,41.9345103
335035273,2,primary,123.4366612,41.9340758
335035273,3,primary,123.436701,41.933983
335035273,4,primary,123.4369378,41.9334583
335035273,5,primary,123.4385344,41.9301217
335035273,6,primary,123.4385591,41.93007
335035273,7,primary,123.4400671,41.9269037
335035273,8,primary,123.4403212,41.9262449
335035273,9,primary,123.4403558,41.9261417
335035273,10,primary,123.4406009,41.9254456
335035273,11,primary,123.4413797,41.9226049
335035273,12,primary,123.4423267,41.9191031
335035273,13,primary,123.442345,41.9190356
335035273,14,primary,123.4427467,41.9177341
335035273,15,primary,123.4431114,41.9167123
335035273,16,primary,123.4436146,41.9156776
335035273,17,primary,123.4446518,41.9136549
335035274,0,primary,123.4313392,41.9726771
335035274,1,primary,123.4313809,41.9721845
335035274,2,primary,123.4313836,41.9717638
335035274,3,primary,123.4313751,41.9715212
335035274,4,primary,123.431353,41.9712186
335035274,5,primary,123.4311381,41.9695731
335035274,6,primary,123.430394,41.9647083
335035274,7,primary,123.429859,41.9612099
335035274,8,primary,123.4298432,41.9611131
335035274,9,primary,123.4291553,41.9563546
335035274,10,primary,123.4291368,41.9562535
335035274,11,primary,123.4289526,41.9549333
335035274,12,primary,123.4289091,41.9545378
335035274,13,primary,123.4289065,41.9540003
335035274,14,primary,123.428979,41.9534328
335035274,15,primary,123.4290728,41.9529107
335035274,16,primary,123.4292165,41.9524396
335035274,17,primary,123.4294307,41.9517599
335035274,18,primary,123.4294488,41.9517024
335035274,19,primary,123.4297568,41.950967
335035274,20,primary,123.4305433,41.9486287
335035274,21,primary,123.4315983,41.9455454
335035274,22,primary,123.4316991,41.9453126
335035274,23,primary,123.4317336,41.9452329
335035274,24,primary,123.432006,41.9446037
335035274,25,primary,123.4329803,41.9424045
335035274,26,primary,123.434457,41.9390712
335035274,27,primary,123.4344908,41.938995
335035274,28,primary,123.4355803,41.9365781
335035274,29,primary,123.4358265,41.9360609
335368061,0,motorway,123.4362104,41.6964051
335368061,1,motorway,123.4368224,41.6966086
335368061,2,motorway,123.4385972,41.6974139
335368061,3,motorway,123.4397007,41.69804
335368061,4,motorway,123.4405697,41.6986652
335368061,5,motorway,123.4499204,41.7059668
335368061,6,motorway,123.4509381,41.7066913
335368061,7,motorway,123.452307,41.7075745
335368061,8,motorway,123.4528111,41.7078449
335368061,9,motorway,123.4534918,41.7081683
335368061,10,motorway,123.4551642,41.70885
335368062,0,motorway,123.3619371,41.7131993
335368062,1,motorway,123.3634309,41.7128222
335368062,2,motorway,123.3657842,41.7120639
335368062,3,motorway,123.3669547,41.7116391
335895665,0,motorway,123.3698561,41.8776454
335895665,1,motorway,123.3705186,41.8778852
335895666,0,motorway,123.3705335,41.878085
335895666,1,motorway,123.3698565,41.8778376
335895667,0,motorway,123.3698565,41.8778376
335895667,1,motorway,123.3672885,41.8769235
335895667,2,motorway,123.3647335,41.8761599
335895667,3,motorway,123.3624901,41.8755432
335895667,4,motorway,123.3604291,41.8750309
335895667,5,motorway,123.3586109,41.8746295
335895668,0,motorway,123.3705186,41.8778852
335895668,1,motorway,123.3718693,41.878417
335895668,2,motorway,123.3744515,41.8795001
335895668,3,motorway,123.382876,41.8832877
335895668,4,motorway,123.3859204,41.8845711
335895668,5,motorway,123.3890378,41.8857455
335900089,0,motorway,123.3332891,41.860727
335900089,1,motorway,123.3396677,41.8653665
335900089,2,motorway,123.3429577,41.8678349
335900089,3,motorway,123.3436919,41.8683844
335900090,0,motorway,123.3053326,41.8478571
335900090,1,motorway,123.2984346,41.8470135
335900090,2,motorway,123.2966757,41.8467612
335900090,3,motorway,123.2950744,41.8464749
335900090,4,motorway,123.2932589,41.8460451
335900090,5,motorway,123.2920227,41.845698
335900090,6,motorway,123.2905254,41.8451485
335900090,7,motorway,123.2895464,41.844677
335900090,8,motorway,123.2887582,41.8441787
335900090,9,motorway,123.2881617,41.8437127
335900091,0,motorway,123.3330774,41.860881
335900091,1,motorway,123.3322018,41.8602419
335900091,2,motorway,123.329118,41.8579539
335900091,3,motorway,123.3263781,41.8558441
335900091,4,motorway,123.3212718,41.851912
335900091,5,motorway,123.3192963,41.8506451
335900091,6,motorway,123.3178662,41.8500177
335900091,7,motorway,123.3164494,41.8494991
335900091,8,motorway,123.3151448,41.8491514
335900091,9,motorway,123.3133926,41.8488321
335900091,10,motorway,123.3103287,41.8484597
335900091,11,motorway,123.3053326,41.8478571
335903656,0,primary,123.2720983,41.7798194
335903656,1,primary,123.2721036,41.7799206
335903656,2,primary,123.2718769,41.7805914
335903656,3,primary,123.2716305,41.7810589
335903656,4,primary,123.27129,41.7816357
335903656,5,primary,123.2711955,41.7817402
335903656,6,primary,123.271003,41.7819533
335903656,7,primary,123.2705962,41.7823544
335903656,8,primary,123.269022,41.7836106
335903656,9,primary,123.2686013,41.7839475
335903656,10,primary,123.2683584,41.7842239
335903656,11,primary,123.268269,41.7844028
335903656,12,primary,123.2682273,41.7844863
335903656,13,primary,123.2676218,41.7857585
335903656,14,primary,123.2672122,41.7865882
335903656,15,primary,123.267147,41.7867202
335903656,16,primary,123.2669124,41.7874339
335903656,17,primary,123.2668253,41.7882089
335903656,18,primary,123.2667785,41.7886253
335918449,0,trunk,123.4967017,41.7393053
335918449,1,trunk,123.4959704,41.7416117
335918449,2,trunk,123.4959449,41.7417321
335918449,3,trunk,123.495718,41.7424887
335918449,4,trunk,123.4952911,41.7437797
335918449,5,trunk,123.4950182,41.7445256
335918449,6,trunk,123.4948523,41.7450114
335918449,7,trunk,123.4941112,41.7468881
335918449,8,trunk,123.4940701,41.7469921
335918453,0,trunk,123.5022922,41.7246788
335918453,1,trunk,123.5027946,41.7240612
335918453,2,trunk,123.5030803,41.7237091
335918453,3,trunk,123.5041389,41.722405
335918453,4,trunk,123.5045448,41.721909
335918453,5,trunk,123.5045653,41.721884
335918453,6,trunk,123.5046854,41.7217373
335918453,7,trunk,123.5063068,41.7197207
335918453,8,trunk,123.5065283,41.7194687
335918453,9,trunk,123.5066543,41.7193406
335918453,10,trunk,123.5068532,41.7191691
335918453,11,trunk,123.5071003,41.7189622
339675851,0,trunk,123.408864,41.8908754
339675851,1,trunk,123.4088391,41.8910587
339675851,2,trunk,123.4087049,41.8916217
339675851,3,trunk,123.4079498,41.8940689
339675853,0,trunk,123.4074236,41.8957902
339675853,1,trunk,123.4067276,41.8979733
339675853,2,trunk,123.4064678,41.8986299
339675854,0,trunk,123.4072921,41.8957042
339675854,1,trunk,123.407491,41.8950385
339675854,2,trunk,123.4076786,41.8944429
339675855,0,trunk,123.4087329,41.8909655
339675855,1,trunk,123.4088451,41.8896727
339675855,2,trunk,123.4089663,41.8879747
339987440,0,trunk,123.3860887,41.9326065
339987440,1,trunk,123.3862728,41.9318743
339987442,0,trunk,123.3590256,41.9948631
339987442,1,trunk,123.3589407,41.9941976
339987442,2,trunk,123.3588962,41.9935247
339987442,3,trunk,123.3588942,41.9930193
339987442,4,trunk,123.3589327,41.9925064
339987442,5,trunk,123.3590658,41.9917074
339987442,6,trunk,123.3594032,41.9901126
339987442,7,trunk,123.3594949,41.9897695
339987442,8,trunk,123.3596666,41.9892876
339987442,9,trunk,123.3598933,41.9887353
339987442,10,trunk,123.360391,41.9877628
339987442,11,trunk,123.3632254,41.9831796
339987442,12,trunk,123.3633712,41.9829508
339987442,13,trunk,123.3635171,41.9827429
339987442,14,trunk,123.3636648,41.982538
339987442,15,trunk,123.3638347,41.9823339
339987442,16,trunk,123.3643298,41.9817889
339987442,17,trunk,123.3647138,41.9814222
339987442,18,trunk,123.3658154,41.9804443
339987442,19,trunk,123.3663601,41.9799281
339987442,20,trunk,123.3665445,41.9797257
339987442,21,trunk,123.3669623,41.9792481
339987442,22,trunk,123.367027,41.9791651
339987442,23,trunk,123.3674247,41.9787182
339987442,24,trunk,123.3696222,41.9761473
339987442,25,trunk,123.3698595,41.9758784
339987442,26,trunk,123.3700899,41.9756355
339987442,27,trunk,123.3702326,41.9754949
339987442,28,trunk,123.3703754,41.9753612
339987442,29,trunk,123.3705298,41.9752172
339987442,30,trunk,123.3706843,41.9750836
339987442,31,trunk,123.3715275,41.9743879
339987442,32,trunk,123.3735933,41.9727042
339987442,33,trunk,123.3738555,41.9724681
339987442,34,trunk,123.3742959,41.9720474
339987442,35,trunk,123.3745217,41.971782
339987442,36,trunk,123.3747645,41.9714963
339987442,37,trunk,123.3749804,41.9711946
339987442,38,trunk,123.3787841,41.9658391
339987442,39,trunk,123.3790919,41.9654152
339987442,40,trunk,123.3798045,41.9645393
339987442,41,trunk,123.3806222,41.9635507
339987442,42,trunk,123.3811155,41.9629906
339987442,43,trunk,123.3815179,41.9625415
339987442,44,trunk,123.3816022,41.9624508
339987442,45,trunk,123.3818911,41.9621263
339987442,46,trunk,123.3825635,41.9613707
339987442,47,trunk,123.382877,41.960983
339987442,48,trunk,123.3831525,41.9606492
339987442,49,trunk,123.3834065,41.9603074
339987442,50,trunk,123.3836606,41.9599657
339987442,51,trunk,123.3836869,41.959927
339987442,52,trunk,123.3838986,41.9596159
339987442,53,trunk,123.3841145,41.9592727
339987442,54,trunk,123.3851966,41.9575284
339987442,55,trunk,123.3852348,41.9574564
339987442,56,trunk,123.3853734,41.9572087
339987442,57,trunk,123.3854055,41.9571296
339987442,58,trunk,123.3854566,41.9570039
339987442,59,trunk,123.3854752,41.9569475
339987442,60,trunk,123.3855623,41.9566108
339987442,61,trunk,123.3859646,41.9544789
339987442,62,trunk,123.3861727,41.953677
339987442,63,trunk,123.3863244,41.9531801
339987442,64,trunk,123.386497,41.9526149
339987442,65,trunk,123.3871722,41.9504042
339987442,66,trunk,123.3873304,41.9498397
339987442,67,trunk,123.3873602,41.9496633
339987442,68,trunk,123.3874752,41.9491595
339987442,69,trunk,123.3877891,41.9475476
339987442,70,trunk,123.3879151,41.9466718
339987442,71,trunk,123.3879634,41.9459736
339987442,72,trunk,123.3879636,41.9459043
339987442,73,trunk,123.387964,41.9457975
339987442,74,trunk,123.3879661,41.9452215
339987442,75,trunk,123.3877971,41.9441681
339987442,76,trunk,123.3873541,41.9420895
339987442,77,trunk,123.3873195,41.9418977
339987442,78,trunk,123.3868034,41.9392359
339987442,79,trunk,123.3861035,41.9358856
339987442,80,trunk,123.3859163,41.9347339
339987442,81,trunk,123.3858809,41.9343789
339987442,82,trunk,123.3858735,41.9343047
339987442,83,trunk,123.3858595,41.9341776
339987442,84,trunk,123.3858509,41.9338253
339987442,85,trunk,123.3858976,41.9333895
339987442,86,trunk,123.3860887,41.9326065
342448120,0,trunk,123.4139862,41.829427
342448120,1,trunk,123.41395,41.8297018
342716037,0,primary,123.3798761,41.7783406
342716037,1,primary,123.3788739,41.7786445
342716037,2,primary,123.3768304,41.7790366
342716037,3,primary,123.3763714,41.7790964
342716037,4,primary,123.3742588,41.7794536
342716037,5,primary,123.3729781,41.7795522
342716037,6,primary,123.3726678,41.7795623
342716037,7,primary,123.3723836,41.7795746
342716037,8,primary,123.3720876,41.7795843
342716037,9,primary,123.368534,41.7798095
342716037,10,primary,123.3637102,41.779947
342716037,11,primary,123.3634289,41.7799497
342716037,12,primary,123.3620678,41.7799773
342716037,13,primary,123.3611171,41.7798325
342716037,14,primary,123.3601648,41.77954
342716037,15,primary,123.3578299,41.7787324
342716037,16,primary,123.3574086,41.7786225
342716037,17,primary,123.356776,41.7785219
342716037,18,primary,123.3559838,41.7784131
342716037,19,primary,123.3546894,41.7783329
342716037,20,primary,123.3544706,41.7783223
343209313,0,trunk,123.2720983,41.7798194
343209313,1,trunk,123.2745767,41.7797893
345772408,0,trunk,123.4139862,41.829427
345772408,1,trunk,123.4139286,41.8292339
345772408,2,trunk,123.4142907,41.8251577
345772408,3,trunk,123.4144325,41.8235619
345772408,4,trunk,123.4145829,41.8219953
345772408,5,trunk,123.4147046,41.8207275
345772408,6,trunk,123.4151004,41.8162876
345772408,7,trunk,123.4151057,41.816191
345772408,8,trunk,123.4152158,41.8141917
345772408,9,trunk,123.4153224,41.812857
345772408,10,trunk,123.4152589,41.8118324
345772408,11,trunk,123.4152,41.8115992
345772408,12,trunk,123.4149197,41.8104891
345772408,13,trunk,123.414588,41.8096386
346330479,0,motorway,123.3573424,41.8743495
346330479,1,motorway,123.3559039,41.8740319
346330479,2,motorway,123.3531316,41.8733942
346330479,3,motorway,123.3517312,41.8730189
346330479,4,motorway,123.3505725,41.8726279
346330479,5,motorway,123.3496216,41.8722392
346330479,6,motorway,123.3484238,41.8717109
346330479,7,motorway,123.3470371,41.8709655
346330479,8,motorway,123.3455474,41.8700256
346330479,9,motorway,123.3438232,41.8687606
346330481,0,motorway,123.3586109,41.8746295
346330481,1,motorway,123.3573424,41.8743495
346330482,0,motorway,123.3985277,41.8893516
346330482,1,motorway,123.3980355,41.8891732
346330483,0,motorway,123.3438232,41.8687606
346330483,1,motorway,123.3436043,41.8685878
346330484,0,motorway,123.3898945,41.8862543
346330484,1,motorway,123.3889352,41.8858986
346330485,0,motorway,123.3980355,41.8891732
346330485,1,motorway,123.3940948,41.8878116
346330485,2,motorway,123.3898945,41.8862543
346330486,0,motorway,123.3436043,41.8685878
346330486,1,motorway,123.342719,41.8679328
346330486,2,motorway,123.3394569,41.8655375
346330486,3,motorway,123.3330774,41.860881
346330487,0,motorway,123.3889352,41.8858986
346330487,1,motorway,123.385772,41.8847067
346330487,2,motorway,123.3827843,41.8834355
346330487,3,motorway,123.3743614,41.8796582
346330487,4,motorway,123.3717642,41.878562
346330487,5,motorway,123.3705335,41.878085
346330503,0,motorway,123.3109254,41.8940847
346330503,1,motorway,123.3174901,41.8913501
346330503,2,motorway,123.3195321,41.8904773
346330503,3,motorway,123.3212995,41.8896732
346330503,4,motorway,123.323106,41.8888167
346330503,5,motorway,123.3253183,41.8876637
346330503,6,motorway,123.3273428,41.8865412
346330503,7,motorway,123.3291769,41.8854635
346330503,8,motorway,123.3313303,41.8840873
346330503,9,motorway,123.333751,41.8823789
346330503,10,motorway,123.3354137,41.8811184
346330503,11,motorway,123.3366317,41.8801473
346330564,0,motorway,123.3100793,41.8944372
346330564,1,motorway,123.3109254,41.8940847
346330582,0,motorway,123.3055658,41.8964511
346330582,1,motorway,123.3077046,41.8954618
346330582,2,motorway,123.3096162,41.89463
346330582,3,motorway,123.3100793,41.8944372
346330608,0,motorway,123.5823135,41.8610446
346330608,1,motorway,123.5811711,41.8609035
346330608,2,motorway,123.579431,41.8607077
346330608,3,motorway,123.5774603,41.8605225
346330608,4,motorway,123.5717092,41.8600255
346330608,5,motorway,123.5707152,41.8598884
346330608,6,motorway,123.5669601,41.8595423
346330610,0,motorway,123.3101355,41.8945627
346330610,1,motorway,123.3090276,41.8950714
346330611,0,motorway,123.3110205,41.8941899
346330611,1,motorway,123.3101355,41.8945627
346330612,0,motorway,123.3090276,41.8950714
346330612,1,motorway,123.3077548,41.8955486
346330612,2,motorway,123.304986,41.8968295
346330612,3,motorway,123.3035128,41.8975402
346330612,4,motorway,123.3016823,41.8984581
346330612,5,motorway,123.3005936,41.8990476
346330686,0,motorway,123.3439325,41.8685748
346330686,1,motorway,123.345722,41.8699039
346330686,2,motorway,123.3472667,41.870882
346330686,3,motorway,123.348523,41.8715202
346330686,4,motorway,123.3497431,41.8720666
346330686,5,motorway,123.350745,41.8724485
346330686,6,motorway,123.3519222,41.872851
346330686,7,motorway,123.3532571,41.8732248
346330686,8,motorway,123.3559098,41.8738324
346330686,9,motorway,123.3575312,41.8742035
346330687,0,motorway,123.3890378,41.8857455
346330687,1,motorway,123.3900286,41.8861089
346330688,0,motorway,123.3575312,41.8742035
346330688,1,motorway,123.358798,41.8744933
346330689,0,motorway,123.3436919,41.8683844
346330689,1,motorway,123.3439325,41.8685748
346330690,0,motorway,123.3981021,41.8890094
346330690,1,motorway,123.3985704,41.8891775
346330693,0,motorway,123.3985704,41.8891775
346330693,1,motorway,123.402925,41.8907402
346330693,2,motorway,123.405827,41.8918439
346330693,3,motorway,123.4073879,41.8924083
346330695,0,motorway,123.3900286,41.8861089
346330695,1,motorway,123.3942163,41.8876448
346330695,2,motorway,123.3981021,41.8890094
346330696,0,motorway,123.358798,41.8744933
346330696,1,motorway,123.359433,41.8746371
346330696,2,motorway,123.3602169,41.8748215
346330696,3,motorway,123.3626349,41.8753902
346330696,4,motorway,123.3647941,41.87598
346330696,5,motorway,123.3661963,41.8763961
346330696,6,motorway,123.3677452,41.8768917
346330696,7,motorway,123.3698561,41.8776454
346562987,0,motorway,123.196894,41.9427519
346562987,1,motorway,123.2045571,41.939951
346562987,2,motorway,123.2069343,41.93897
346562987,3,motorway,123.2086756,41.9381823
346562987,4,motorway,123.2116134,41.9367356
346562987,5,motorway,123.2132292,41.9358692
346562987,6,motorway,123.2150237,41.9348801
346562987,7,motorway,123.2203849,41.9318937
346562987,8,motorway,123.221918,41.931063
346562987,9,motorway,123.2244599,41.9296437
346562987,10,motorway,123.2271593,41.9282684
346562987,11,motorway,123.2306971,41.9266793
346562987,12,motorway,123.2331655,41.9257179
346562987,13,motorway,123.2361412,41.9246731
346562987,14,motorway,123.2391082,41.9237408
346562987,15,motorway,123.2419369,41.9230002
346562987,16,motorway,123.2451515,41.9222576
346562987,17,motorway,123.2489455,41.9215367
346562987,18,motorway,123.2551706,41.9205852
346562987,19,motorway,123.2605418,41.9197436
346562987,20,motorway,123.2643779,41.918951
346562987,21,motorway,123.2675378,41.9180992
346562987,22,motorway,123.2703933,41.9171034
346562987,23,motorway,123.2724838,41.9163023
346562987,24,motorway,123.2751269,41.9151418
346562987,25,motorway,123.2772383,41.9141098
346562987,26,motorway,123.2794462,41.9128855
346562987,27,motorway,123.2810661,41.9118719
346562987,28,motorway,123.2828942,41.9106501
346562987,29,motorway,123.2910096,41.9048889
346562987,30,motorway,123.2922835,41.9039954
346562987,31,motorway,123.29363,41.9030871
346562987,32,motorway,123.2951296,41.9021172
346562987,33,motorway,123.2964808,41.9012725
346562987,34,motorway,123.2982455,41.9002271
346590464,0,primary,123.302172,41.6427884
346590464,1,primary,123.3025483,41.6420954
346590465,0,primary,123.3025483,41.6420954
346590465,1,primary,123.3029504,41.6413275
346590465,2,primary,123.3034256,41.6402682
346590465,3,primary,123.3034804,41.6400835
346590465,4,primary,123.3037421,41.6392012
346590465,5,primary,123.303921,41.6383608
346590465,6,primary,123.3040148,41.6371163
346590465,7,primary,123.3040289,41.6363627
346590465,8,primary,123.3039879,41.6347423
346590465,9,primary,123.3038472,41.6297487
346590465,10,primary,123.3038714,41.6288316
346590465,11,primary,123.3038724,41.6287674
346590465,12,primary,123.3038745,41.6286366
352793552,0,motorway,123.5835201,41.7612284
352793552,1,motorway,123.5829022,41.759771
352793552,2,motorway,123.5817918,41.7579711
352793552,3,motorway,123.5803053,41.7560202
352793552,4,motorway,123.5791777,41.7547813
352793552,5,motorway,123.57821,41.7537708
352793552,6,motorway,123.5769214,41.7527059
352793552,7,motorway,123.5756399,41.7517254
352793552,8,motorway,123.5740783,41.7507072
352793552,9,motorway,123.5726717,41.7498808
352793552,10,motorway,123.5709991,41.7490047
352793552,11,motorway,123.566819,41.7471269
352793552,12,motorway,123.5665713,41.7470388
352793552,13,motorway,123.558099,41.7432184
352793552,14,motorway,123.5550829,41.7419854
352793552,15,motorway,123.5518846,41.7408591
352793552,16,motorway,123.5503212,41.7403379
352793552,17,motorway,123.5486391,41.7398532
352793552,18,motorway,123.5462952,41.7391893
352793552,19,motorway,123.544177,41.7386609
352793552,20,motorway,123.5424486,41.7382715
352793552,21,motorway,123.5404783,41.7378526
352793552,22,motorway,123.5356149,41.7369486
353787791,0,motorway,123.4570384,41.7165996
353787791,1,motorway,123.4574742,41.7159621
353787793,0,motorway,123.4587291,41.7140034
353787793,1,motorway,123.4597739,41.7124901
353787793,2,motorway,123.460678,41.7114677
353787793,3,motorway,123.461561,41.7105334
353787793,4,motorway,123.4621797,41.70997
353787796,0,motorway,123.4577996,41.7160816
353787796,1,motorway,123.4573435,41.7167089
361533001,0,trunk,123.3916836,41.7601738
361533001,1,trunk,123.3924059,41.7602908
361533001,2,trunk,123.392905,41.7603594
361533001,3,trunk,123.393374,41.7604156
361533001,4,trunk,123.3937171,41.7604464
361533001,5,trunk,123.3947296,41.7605235
361533004,0,trunk,123.3912073,41.7600862
361533004,1,trunk,123.3916836,41.7601738
361533006,0,trunk,123.3911669,41.7602003
361533006,1,trunk,123.3889459,41.7596657
361533008,0,trunk,123.391643,41.7602973
361533008,1,trunk,123.3911669,41.7602003
361974384,0,motorway,123.5142167,41.7327537
361974384,1,motorway,123.5180669,41.733512
361974385,0,motorway,123.5357549,41.7368193
361974385,1,motorway,123.5405743,41.7377201
361974385,2,motorway,123.5425277,41.7381262
361974385,3,motorway,123.5442266,41.7384934
361974385,4,motorway,123.5464153,41.739053
361974385,5,motorway,123.5487175,41.7396913
361974385,6,motorway,123.5503598,41.740178
361974385,7,motorway,123.5519836,41.7407314
361974385,8,motorway,123.5552854,41.7419022
361974385,9,motorway,123.5581891,41.7430581
361974385,10,motorway,123.5657036,41.746443
361974385,11,motorway,123.5668777,41.7469718
361974385,12,motorway,123.5670054,41.7470293
361974385,13,motorway,123.5711338,41.7488887
361974385,14,motorway,123.572838,41.7497515
361974385,15,motorway,123.574251,41.7505912
361974385,16,motorway,123.5758405,41.7516329
361974385,17,motorway,123.5770759,41.7525502
361974385,18,motorway,123.5784417,41.753686
361974385,19,motorway,123.5793579,41.754634
361974385,20,motorway,123.5805006,41.755911
361974385,21,motorway,123.5820192,41.7578402
361974385,22,motorway,123.5831227,41.7597018
361974385,23,motorway,123.5837611,41.7609407
361974385,24,motorway,123.5839975,41.7614522
361974387,0,motorway,123.5141483,41.7328991
361974387,1,motorway,123.5129915,41.7326263
361974387,2,motorway,123.5117724,41.7322757
361974387,3,motorway,123.5106628,41.7319191
361974387,4,motorway,123.5094268,41.7314473
361974387,5,motorway,123.5079792,41.7308263
361974387,6,motorway,123.5063058,41.7300235
361974387,7,motorway,123.4988208,41.7263526
361974387,8,motorway,123.4865634,41.7203713
361974387,9,motorway,123.4854865,41.7198461
361974388,0,motorway,123.5180362,41.7336703
361974388,1,motorway,123.5141483,41.7328991
367707631,0,trunk,123.4430048,41.7434433
367707631,1,trunk,123.4424363,41.7438769
367707633,0,trunk,123.4424363,41.7438769
367707633,1,trunk,123.4420025,41.7442169
367707633,2,trunk,123.4412848,41.7447788
367707635,0,trunk,123.4436976,41.7425566
367707635,1,trunk,123.4471857,41.7397363
367707635,2,trunk,123.4475173,41.7394361
367707635,3,trunk,123.4477964,41.7391775
367707635,4,trunk,123.448042,41.7388939
367707635,5,trunk,123.4483636,41.7385113
367707635,6,trunk,123.4485912,41.7382031
367707635,7,trunk,123.448844,41.7377573
367707635,8,trunk,123.4490633,41.7373705
367707635,9,trunk,123.449262,41.7368359
367707635,10,trunk,123.4494048,41.7363304
367707635,11,trunk,123.4495997,41.7351448
367707635,12,trunk,123.4496085,41.7327079
367707635,13,trunk,123.4496018,41.7305221
367707635,14,trunk,123.4496235,41.7294813
367707635,15,trunk,123.4496543,41.7288157
367707635,16,trunk,123.4497586,41.7282008
367707635,17,trunk,123.44991,41.7275859
367707635,18,trunk,123.4499826,41.7273703
367707635,19,trunk,123.4501303,41.7269803
367707635,20,trunk,123.4503218,41.7265779
367707635,21,trunk,123.4505574,41.726199
367707635,22,trunk,123.4509356,41.72571
367707636,0,trunk,123.4422645,41.7437588
367707636,1,trunk,123.4428161,41.7433321
369884943,0,trunk,123.5218253,41.8854912
369884943,1,trunk,123.5225198,41.8861783
369884946,0,trunk,123.5026133,41.8567551
369884946,1,trunk,123.5027924,41.8571686
369884946,2,trunk,123.5028718,41.8573251
369884946,3,trunk,123.5030726,41.8576607
369884946,4,trunk,123.5034486,41.8582538
369884946,5,trunk,123.5037678,41.8587727
369884946,6,trunk,123.5042756,41.8595982
369884946,7,trunk,123.5042798,41.859605
369884946,8,trunk,123.5045577,41.8600415
369884946,9,trunk,123.5047305,41.8603772
369884946,10,trunk,123.5049149,41.8607772
369884946,11,trunk,123.505062,41.8611841
369884946,12,trunk,123.5052628,41.8617843
369884946,13,trunk,123.5056995,41.8638065
369884946,14,trunk,123.505912,41.8647959
369884946,15,trunk,123.5060026,41.8652185
369884946,16,trunk,123.5060333,41.8653665
369884946,17,trunk,123.5062669,41.8664914
369884946,18,trunk,123.5065027,41.867599
369884946,19,trunk,123.5065751,41.8679103
369884946,20,trunk,123.5066545,41.8681885
369884946,21,trunk,123.5067176,41.8683763
369884946,22,trunk,123.5067783,41.8685449
369884946,23,trunk,123.5068693,41.868771
369884946,24,trunk,123.5070188,41.8691101
369884946,25,trunk,123.5071425,41.8693483
369884946,26,trunk,123.5073013,41.8696282
369884946,27,trunk,123.5074437,41.8698334
369884946,28,trunk,123.5076726,41.8701586
369884946,29,trunk,123.5084665,41.8711879
369884946,30,trunk,123.5089872,41.8718695
369884946,31,trunk,123.509662,41.8727945
369884946,32,trunk,123.5107758,41.8742324
369884946,33,trunk,123.5111914,41.8747714
369884946,34,trunk,123.5114646,41.8751226
369884946,35,trunk,123.5116631,41.8753555
369884946,36,trunk,123.5118452,41.8755729
369884946,37,trunk,123.5120554,41.8758076
369884946,38,trunk,123.5124453,41.8762057
369884946,39,trunk,123.5132929,41.877049
369884946,40,trunk,123.5142526,41.8779965
369884946,41,trunk,123.5151119,41.8788501
369884946,42,trunk,123.5157003,41.8794377
369884946,43,trunk,123.5163869,41.8801168
369884946,44,trunk,123.5171386,41.8808251
369884946,45,trunk,123.5179536,41.8815587
369884946,46,trunk,123.5189109,41.8824019
369884946,47,trunk,123.5195764,41.8829842
369884946,48,trunk,123.5201695,41.8835701
369884946,49,trunk,123.5205548,41.8839908
369884946,50,trunk,123.5207275,41.8842063
369884946,51,trunk,123.5208723,41.8843941
369884946,52,trunk,123.5209914,41.884561
369884946,53,trunk,123.5211572,41.8847783
369884946,54,trunk,123.521309,41.8849608
369884946,55,trunk,123.5214393,41.8851021
369884946,56,trunk,123.5218253,41.8854912
381829225,0,trunk,123.577839,41.9389702
381829225,1,trunk,123.5767115,41.9381986
381829225,2,trunk,123.5762312,41.9377954
381829225,3,trunk,123.5751783,41.9369115
381829225,4,trunk,123.5726788,41.9342661
381829225,5,trunk,123.5719044,41.9334464
381829225,6,trunk,123.5692918,41.930892
381829225,7,trunk,123.5689819,41.9305891
381829225,8,trunk,123.5689163,41.9305249
381829730,0,trunk,123.5462959,41.910338
381829730,1,trunk,123.5467636,41.9110511
381829730,2,trunk,123.5473119,41.9118487
381829730,3,trunk,123.5480919,41.9128511
381829730,4,trunk,123.5485006,41.9133212
381829730,5,trunk,123.5499331,41.9149689
381829730,6,trunk,123.5507494,41.9157401
381829730,7,trunk,123.5519157,41.9167599
381829730,8,trunk,123.5527356,41.9174767
381829730,9,trunk,123.5555504,41.919558
381829730,10,trunk,123.5582694,41.9215548
381829730,11,trunk,123.560241,41.923061
381829730,12,trunk,123.562709,41.9249535
381829730,13,trunk,123.5646711,41.9264774
381829730,14,trunk,123.5656736,41.9273593
381829730,15,trunk,123.568548,41.929912
381829730,16,trunk,123.5688813,41.9301916
381829730,17,trunk,123.5689554,41.9302571
381829731,0,trunk,123.5294485,41.8931581
381829731,1,trunk,123.5299102,41.8934935
381829731,2,trunk,123.5302036,41.8936869
381829731,3,trunk,123.5307593,41.8940373
381829731,4,trunk,123.5314911,41.8944701
381829731,5,trunk,123.5325647,41.8951292
381829731,6,trunk,123.5326989,41.8952152
381829731,7,trunk,123.532835,41.8953084
381829731,8,trunk,123.5329549,41.8953972
381829731,9,trunk,123.5331994,41.8955918
381829731,10,trunk,123.533368,41.8957375
381829731,11,trunk,123.5335206,41.8958828
381829731,12,trunk,123.5336652,41.8960244
381829731,13,trunk,123.5338057,41.8961733
381829731,14,trunk,123.5339544,41.8963431
381829731,15,trunk,123.5340851,41.8964914
381829731,16,trunk,123.5341977,41.8966363
381829731,17,trunk,123.534342,41.8968217
381829731,18,trunk,123.5344976,41.897037
381829731,19,trunk,123.5348326,41.8974666
381829731,20,trunk,123.5350473,41.8976986
381829731,21,trunk,123.5351943,41.8978477
381829731,22,trunk,123.5353394,41.8979811
381829731,23,trunk,123.535817,41.8984114
381829731,24,trunk,123.5363143,41.8988532
381829731,25,trunk,123.5374683,41.8998871
381829731,26,trunk,123.5380187,41.9004007
381829731,27,trunk,123.5383494,41.9006934
381829731,28,trunk,123.5384912,41.900828
381829731,29,trunk,123.5387146,41.9010577
381829731,30,trunk,123.5390932,41.9014397
381829731,31,trunk,123.5393341,41.901685
381829731,32,trunk,123.539573,41.9019302
381829731,33,trunk,123.5397703,41.9021468
381829731,34,trunk,123.5399728,41.9023674
381829731,35,trunk,123.5401634,41.9025818
381829731,36,trunk,123.540352,41.9028077
381829731,37,trunk,123.5406218,41.9031479
381829731,38,trunk,123.5408229,41.9034164
381829731,39,trunk,123.5412155,41.9039674
381829731,40,trunk,123.5413853,41.9042214
381829731,41,trunk,123.5417188,41.9047756
381829731,42,trunk,123.5420382,41.9052873
381829731,43,trunk,123.5421799,41.9054904
381829731,44,trunk,123.5423249,41.9056797
381829731,45,trunk,123.5426922,41.9060901
381829731,46,trunk,123.5437708,41.9072123
381829731,47,trunk,123.5445042,41.9079622
381829731,48,trunk,123.5446994,41.9081602
381829731,49,trunk,123.5447953,41.9082573
381829731,50,trunk,123.5451031,41.9086114
381829731,51,trunk,123.5453327,41.9088865
381829731,52,trunk,123.5454539,41.9090356
381829731,53,trunk,123.5456278,41.9092798
381829731,54,trunk,123.5457922,41.9095448
381829731,55,trunk,123.5462959,41.910338
384958507,0,trunk,123.5708382,41.9674837
384958507,1,trunk,123.5706925,41.9675196
384958507,2,trunk,123.568829,41.9679787
384958507,3,trunk,123.5640368,41.9691592
384958507,4,trunk,123.5625884,41.9697016
384958507,5,trunk,123.5613653,41.970276
384958507,6,trunk,123.5600065,41.9710449
384958507,7,trunk,123.558844,41.9718713
384958507,8,trunk,123.5578999,41.9726051
384958507,9,trunk,123.5556776,41.9746417
384958507,10,trunk,123.5542525,41.9759476
384958507,11,trunk,123.5538373,41.9763281
384958549,0,trunk,123.5308308,41.9896612
384958549,1,trunk,123.5275303,41.989915
384958549,2,trunk,123.5253758,41.9900659
384958549,3,trunk,123.5193797,41.9904858
384958554,0,trunk,123.5365281,41.9885562
384958554,1,trunk,123.5346827,41.9890346
384958554,2,trunk,123.5326587,41.9894286
384958554,3,trunk,123.5308308,41.9896612
384958587,0,trunk,123.5536208,41.9762769
384958587,1,trunk,123.5540159,41.9759158
384958587,2,trunk,123.5554794,41.9745782
384958587,3,trunk,123.5577606,41.9724932
384958587,4,trunk,123.5586296,41.9717594
384958587,5,trunk,123.5598741,41.9708899
384958587,6,trunk,123.5611938,41.9701632
384958587,7,trunk,123.5625027,41.969533
384958587,8,trunk,123.5639082,41.9690225
384958587,9,trunk,123.5690074,41.9677309
384958587,10,trunk,123.5706396,41.9673175
384958587,11,trunk,123.5707733,41.9672836
384958589,0,trunk,123.5193734,41.9903099
384958589,1,trunk,123.5254119,41.9899009
384958589,2,trunk,123.5274559,41.9897624
384958589,3,trunk,123.5308709,41.9894773
384958590,0,trunk,123.5308709,41.9894773
384958590,1,trunk,123.5326444,41.9892577
384958590,2,trunk,123.5345755,41.9888669
384958590,3,trunk,123.5365313,41.988372
384958598,0,trunk,123.5338544,41.9813936
384958598,1,trunk,123.5338479,41.9806009
384958599,0,trunk,123.5286691,42.0487996
384958599,1,trunk,123.5287115,42.0485844
384958599,2,trunk,123.5291145,42.0466068
384958599,3,trunk,123.5298403,42.0426856
384958599,4,trunk,123.5300586,42.0417016
384958599,5,trunk,123.5306112,42.038865
384958599,6,trunk,123.5309062,42.0372195
384958599,7,trunk,123.5311176,42.0361489
384958599,8,trunk,123.5319139,42.0320685
384958599,9,trunk,123.5335584,42.0235127
384958599,10,trunk,123.5337172,42.0225213
384958599,11,trunk,123.5338148,42.021666
384958599,12,trunk,123.5338267,42.0208926
384958599,13,trunk,123.5338352,42.0203406
384958599,14,trunk,123.5338329,42.0134773
384958599,15,trunk,123.5338286,42.000263
384958599,16,trunk,123.5338265,41.9945078
384958599,17,trunk,123.5338254,41.9909232
384958599,18,trunk,123.5338189,41.9894688
384958599,19,trunk,123.5338212,41.9889481
384958599,20,trunk,123.533849,41.9826186
384958599,21,trunk,123.5338544,41.9813936
385086806,0,trunk,123.2694525,41.7799449
385086806,1,trunk,123.2678057,41.77996
385086806,2,trunk,123.2676045,41.7799618
385086806,3,trunk,123.2663847,41.7799729
385086806,4,trunk,123.2654035,41.7800093
385086806,5,trunk,123.2646468,41.7800938
385086806,6,trunk,123.2621825,41.7805248
385086806,7,trunk,123.2611313,41.780669
385086806,8,trunk,123.2595375,41.7808446
385086806,9,trunk,123.2585606,41.7809601
385086806,10,trunk,123.258311,41.7809896
385086806,11,trunk,123.2577759,41.7810707
385086806,12,trunk,123.2563853,41.7812815
385086806,13,trunk,123.2535525,41.7817201
385086806,14,trunk,123.25221,41.7818643
385086806,15,trunk,123.2510663,41.7819633
385086806,16,trunk,123.2502062,41.7820346
385086806,17,trunk,123.249392,41.7821021
385086806,18,trunk,123.2472613,41.7822787
385086806,19,trunk,123.2454719,41.782447
385086806,20,trunk,123.2451881,41.7824836
385086806,21,trunk,123.2450712,41.7824987
385086806,22,trunk,123.2434113,41.7827129
385086806,23,trunk,123.2421254,41.7829013
385086806,24,trunk,123.241261,41.7829947
385086806,25,trunk,123.2396028,41.7831311
385086806,26,trunk,123.2394214,41.7831483
385086806,27,trunk,123.2377623,41.7832843
385086806,28,trunk,123.2370073,41.7833767
385086806,29,trunk,123.2362055,41.7835561
385086806,30,trunk,123.235612,41.7837285
385086806,31,trunk,123.2344101,41.7841801
385086806,32,trunk,123.2337929,41.7843713
385086806,33,trunk,123.2328844,41.7845779
385086806,34,trunk,123.2299469,41.7851241
385086806,35,trunk,123.2290971,41.7852821
385086806,36,trunk,123.2277786,41.7855272
385086806,37,trunk,123.2265535,41.7857764
385086806,38,trunk,123.2237161,41.7864423
385086806,39,trunk,123.2229877,41.7866132
385086806,40,trunk,123.2213148,41.7870058
385086806,41,trunk,123.2207292,41.7871035
385086806,42,trunk,123.2200772,41.7871748
385086806,43,trunk,123.2164103,41.7874438
385086806,44,trunk,123.2126985,41.7877634
385086806,45,trunk,123.2098738,41.7881226
385086811,0,motorway,123.4231925,41.8988331
385086811,1,motorway,123.4236374,41.8990151
385086812,0,motorway,123.4235321,41.8991562
385086812,1,motorway,123.4230859,41.8989717
385086813,0,motorway,123.4723626,41.9105852
385086813,1,motorway,123.4711485,41.9109251
385086813,2,motorway,123.4701146,41.9111302
385086814,0,motorway,123.4701715,41.9109351
385086814,1,motorway,123.4711274,41.9107462
385086814,2,motorway,123.4722813,41.9104198
385086815,0,motorway,123.4722813,41.9104198
385086815,1,motorway,123.4731389,41.9101321
385086815,2,motorway,123.4736695,41.9099254
385086815,3,motorway,123.4761445,41.9089182
385086815,4,motorway,123.4768978,41.9086286
385086815,5,motorway,123.4771901,41.9085145
385086815,6,motorway,123.4825684,41.9063565
385086816,0,motorway,123.4826728,41.9064503
385086816,1,motorway,123.4770534,41.9086923
385086816,2,motorway,123.4752117,41.9094353
385086816,3,motorway,123.473741,41.9101007
385086816,4,motorway,123.4732041,41.9103055
385086816,5,motorway,123.4723626,41.9105852
385086817,0,motorway,123.4087778,41.8929198
385086817,1,motorway,123.4091799,41.8930667
385086817,2,motorway,123.4112901,41.8938726
385086817,3,motorway,123.413849,41.8948839
385086817,4,motorway,123.4187682,41.8969081
385086817,5,motorway,123.4226349,41.8986049
385086817,6,motorway,123.4231925,41.8988331
385086818,0,motorway,123.4230859,41.8989717
385086818,1,motorway,123.4223701,41.8986757
385086818,2,motorway,123.4186623,41.8970997
385086818,3,motorway,123.413563,41.8949597
385086818,4,motorway,123.4113827,41.8940909
385086818,5,motorway,123.4090735,41.8932285
385086818,6,motorway,123.4087312,41.8930993
385086825,0,trunk,123.3770044,41.9646335
385086825,1,trunk,123.3609742,41.9558466
385086825,2,trunk,123.3553193,41.9527378
385086825,3,trunk,123.3521932,41.9511129
385086825,4,trunk,123.349647,41.9500284
385086825,5,trunk,123.3463352,41.9488685
385086825,6,trunk,123.3433253,41.9480961
385086825,7,trunk,123.3382321,41.9468915
385086825,8,trunk,123.3361595,41.9462951
385086825,9,trunk,123.3319589,41.9452523
385086825,10,trunk,123.3296943,41.9446554
385086842,0,trunk,123.2568211,41.8887337
385086842,1,trunk,123.2472431,41.8802648
385086847,0,motorway,123.5727224,41.8230474
385086847,1,motorway,123.5728207,41.8233899
385086848,0,motorway,123.5715909,41.8200968
385086848,1,motorway,123.5727224,41.8230474
385086852,0,trunk,123.5533086,41.9768125
385086852,1,trunk,123.5525141,41.9775406
385086852,2,trunk,123.5513619,41.9785964
385086852,3,trunk,123.5506519,41.979247
385086853,0,motorway,123.5728207,41.8233899
385086853,1,motorway,123.5732187,41.8248833
385086856,0,motorway,123.5710653,41.8187081
385086856,1,motorway,123.5714052,41.8195637
385086863,0,motorway,123.5708298,41.8180649
385086863,1,motorway,123.5710653,41.8187081
385086871,0,motorway,123.5714052,41.8195637
385086871,1,motorway,123.5715909,41.8200968
385086872,0,trunk,123.5538373,41.9763281
385086872,1,trunk,123.5533086,41.9768125
385086883,0,trunk,123.5722917,41.9671206
385086883,1,trunk,123.5708382,41.9674837
385086885,0,trunk,123.5506519,41.979247
385086885,1,trunk,123.5501059,41.9797474
385086895,0,motorway,123.5732187,41.8248833
385086895,1,motorway,123.5732738,41.825301
385086902,0,motorway,123.5658297,41.8448243
385086902,1,motorway,123.564989,41.8467485
385086922,0,trunk,123.3807653,41.9666631
385086922,1,trunk,123.3797625,41.9661475
385086922,2,trunk,123.3770044,41.9646335
385086925,0,motorway,123.5704812,41.8167474
385086925,1,motorway,123.5705408,41.8171303
385086925,2,motorway,123.5706238,41.8174327
385086925,3,motorway,123.5708298,41.8180649
385086975,0,trunk,123.5904646,41.965003
385086975,1,trunk,123.5894396,41.965106
385086975,2,trunk,123.576214,41.9662555
385086975,3,trunk,123.5743258,41.9665746
385086975,4,trunk,123.5731621,41.966887
385086975,5,trunk,123.5722917,41.9671206
385086981,0,trunk,123.5501059,41.9797474
385086981,1,trunk,123.5492396,41.9805412
385086981,2,trunk,123.5477251,41.9819289
385086981,3,trunk,123.546059,41.9834555
385086981,4,trunk,123.5441708,41.9849149
385086981,5,trunk,123.5423683,41.9860633
385086981,6,trunk,123.540251,41.9871845
385086981,7,trunk,123.5398862,41.9873317
385086981,8,trunk,123.538227,41.9880011
385086981,9,trunk,123.5365281,41.9885562
385086987,0,motorway,123.5732738,41.825301
385086987,1,motorway,123.573283,41.8260882
385086987,2,motorway,123.5731766,41.8272996
385086987,3,motorway,123.5728831,41.8284679
385086987,4,motorway,123.5725036,41.8295141
385086987,5,motorway,123.5692857,41.8369134
385086987,6,motorway,123.5658297,41.8448243
385086989,0,primary,123.5126253,41.927863
385086989,1,primary,123.5127434,41.9278463
385086989,2,primary,123.5141981,41.9275763
385086989,3,primary,123.5191796,41.9266492
385086989,4,primary,123.5218511,41.9265933
385086989,5,primary,123.5273153,41.9266322
385086989,6,primary,123.5274515,41.9266332
385086989,7,primary,123.5283366,41.9267512
385086989,8,primary,123.5293687,41.9270495
385086989,9,primary,123.5301667,41.927399
385086989,10,primary,123.5307562,41.9277454
385086989,11,primary,123.5314574,41.9281627
385086989,12,primary,123.5331748,41.9292601
385086989,13,primary,123.5333282,41.9293581
385086989,14,primary,123.5348618,41.9303381
385086989,15,primary,123.5375226,41.9320462
385086989,16,primary,123.5407766,41.9340743
385086989,17,primary,123.5420832,41.934897
385086989,18,primary,123.5428667,41.9354042
385086989,19,primary,123.5436145,41.935847
385086989,20,primary,123.5447697,41.9364413
385086989,21,primary,123.5455097,41.9367554
385086989,22,primary,123.5465577,41.937102
385086989,23,primary,123.5478478,41.9374428
385086989,24,primary,123.5486083,41.9376152
385086989,25,primary,123.5487307,41.9376295
385086989,26,primary,123.5498668,41.9378021
385086989,27,primary,123.5507572,41.9378378
385086989,28,primary,123.5517442,41.9378675
385086989,29,primary,123.5526068,41.9378476
385086989,30,primary,123.5534963,41.9377656
385086989,31,primary,123.5547483,41.937575
385086989,32,primary,123.5554934,41.9374551
385087071,0,trunk,123.3099577,41.8359923
385087071,1,trunk,123.3099765,41.8365612
385087071,2,trunk,123.3099786,41.8366259
385087071,3,trunk,123.3099694,41.8368391
385087071,4,trunk,123.3098955,41.8373183
385087071,5,trunk,123.309805,41.8377717
385087071,6,trunk,123.3095842,41.8382252
385087071,7,trunk,123.3091693,41.8387977
385087071,8,trunk,123.3087601,41.8392631
385087071,9,trunk,123.3082534,41.8396213
385087071,10,trunk,123.3081426,41.8396883
385087071,11,trunk,123.3079784,41.8397738
385087071,12,trunk,123.307667,41.8399359
385087071,13,trunk,123.3070094,41.8401789
385087071,14,trunk,123.3067076,41.8402794
385087071,15,trunk,123.3059638,41.8404177
385087071,16,trunk,123.3055276,41.8404593
385087071,17,trunk,123.3054228,41.8404693
385087071,18,trunk,123.3042278,41.8404906
385087071,19,trunk,123.2995357,41.8405094
385087071,20,trunk,123.2980526,41.8405153
385087071,21,trunk,123.2961458,41.8405229
385087071,22,trunk,123.2942809,41.8405305
385087071,23,trunk,123.2901033,41.8405475
385087071,24,trunk,123.2888602,41.8405465
385087071,25,trunk,123.288674,41.8405371
385087071,26,trunk,123.2879034,41.8405497
385087071,27,trunk,123.2871738,41.8405954
385087071,28,trunk,123.286788,41.8406446
385087071,29,trunk,123.2865098,41.8407043
385087071,30,trunk,123.286232,41.8407836
385087071,31,trunk,123.2858614,41.8408912
385087071,32,trunk,123.2851336,41.8411547
385087071,33,trunk,123.2843441,41.841447
385087071,34,trunk,123.2832461,41.8418599
385087071,35,trunk,123.2810272,41.8427126
385087071,36,trunk,123.2767065,41.8443592
385087071,37,trunk,123.2746902,41.8451253
385087071,38,trunk,123.2726785,41.8458955
385087071,39,trunk,123.2722765,41.8460538
385087071,40,trunk,123.27204,41.8461557
385087071,41,trunk,123.2718611,41.8462442
385087071,42,trunk,123.2716606,41.846359
385087071,43,trunk,123.2714583,41.8464921
385087071,44,trunk,123.2712539,41.8466434
385087071,45,trunk,123.2710771,41.8468011
385087071,46,trunk,123.2706624,41.8472054
385087071,47,trunk,123.2694701,41.8484303
385087072,0,trunk,123.2295172,41.8589079
385087072,1,trunk,123.2272775,41.8593306
385087072,2,trunk,123.2243795,41.8597908
385087072,3,trunk,123.22327,41.859967
385087072,4,trunk,123.221514,41.860353
385087072,5,trunk,123.2203103,41.8607173
385087072,6,trunk,123.2198736,41.8608495
385087072,7,trunk,123.2192874,41.8610434
385087072,8,trunk,123.2161647,41.8621862
385087072,9,trunk,123.2136897,41.8630411
385087072,10,trunk,123.2129547,41.8632461
385087072,11,trunk,123.2095355,41.8641713
385087072,12,trunk,123.2094215,41.8642021
385087072,13,trunk,123.2092789,41.8642407
385087072,14,trunk,123.2041455,41.8656686
385087072,15,trunk,123.2029,41.8660241
385087072,16,trunk,123.2015977,41.8663896
385087072,17,trunk,123.1985536,41.8672293
385087072,18,trunk,123.197352,41.867546
385087073,0,trunk,123.2082939,41.8644253
385087073,1,trunk,123.2092479,41.8641286
385087073,2,trunk,123.2117088,41.8634458
385087073,3,trunk,123.2136149,41.8629085
385087073,4,trunk,123.2160821,41.8620563
385087073,5,trunk,123.2178795,41.8614085
385087073,6,trunk,123.2180636,41.8613421
385087073,7,trunk,123.2197952,41.8607181
385087073,8,trunk,123.2214502,41.8602171
385087073,9,trunk,123.2232222,41.8598277
385087073,10,trunk,123.2267519,41.8592656
385087073,11,trunk,123.2272271,41.8591899
385087073,12,trunk,123.2294844,41.8588308
385087074,0,trunk,123.5887258,41.9592394
385087074,1,trunk,123.5884049,41.9587451
385087074,2,trunk,123.5860022,41.9551825
385087074,3,trunk,123.5845005,41.9529558
385087074,4,trunk,123.5841533,41.9523788
385087074,5,trunk,123.5840284,41.9521287
385087074,6,trunk,123.5839785,41.9520226
385087074,7,trunk,123.5837406,41.9515167
385087074,8,trunk,123.5834557,41.9507939
385087074,9,trunk,123.5833224,41.9503497
385087074,10,trunk,123.5830426,41.9491194
385087074,11,trunk,123.5827851,41.9471579
385087074,12,trunk,123.5824829,41.9451551
385087074,13,trunk,123.5823542,41.9444956
385087074,14,trunk,123.5819345,41.943409
385087074,15,trunk,123.5817314,41.9429664
385087074,16,trunk,123.5813282,41.9423261
385087074,17,trunk,123.5809156,41.9417205
385087074,18,trunk,123.5805309,41.9412927
385087074,19,trunk,123.5800935,41.9408125
385087074,20,trunk,123.5796304,41.9403712
385087074,21,trunk,123.5789334,41.9398067
385087074,22,trunk,123.578868,41.9397538
385087074,23,trunk,123.5783646,41.9393792
385087100,0,trunk,123.3297798,41.9444884
385087100,1,trunk,123.3320257,41.9450819
385087100,2,trunk,123.3362343,41.9461265
385087100,3,trunk,123.3381619,41.9466895
385087100,4,trunk,123.3434108,41.9479227
385087100,5,trunk,123.346424,41.948717
385087100,6,trunk,123.3497766,41.9498432
385087100,7,trunk,123.3523316,41.9509705
385087100,8,trunk,123.3554716,41.9526186
385087100,9,trunk,123.3611325,41.9557113
385087100,10,trunk,123.377141,41.9645008
385087103,0,trunk,123.553059,41.9767903
385087103,1,trunk,123.5536208,41.9762769
385087106,0,trunk,123.2474124,41.8801451
385087106,1,trunk,123.2569915,41.888628
385087108,0,trunk,123.5707733,41.9672836
385087108,1,trunk,123.5722161,41.966935
385087111,0,trunk,123.5504642,41.9791618
385087111,1,trunk,123.5510864,41.9785932
385087111,2,trunk,123.5525575,41.9772487
385087111,3,trunk,123.553059,41.9767903
385087116,0,trunk,123.549933,41.9796473
385087116,1,trunk,123.5504642,41.9791618
385087119,0,trunk,123.377141,41.9645008
385087119,1,trunk,123.3798584,41.966016
385087119,2,trunk,123.3809155,41.9665239
385087123,0,trunk,123.5722161,41.966935
385087123,1,trunk,123.572903,41.9667621
385087123,2,trunk,123.574283,41.9664148
385087123,3,trunk,123.5760854,41.9661029
385087123,4,trunk,123.5894428,41.964943
385087123,5,trunk,123.5904196,41.9648236
385087124,0,trunk,123.5365313,41.988372
385087124,1,trunk,123.5381804,41.9878143
385087124,2,trunk,123.5387808,41.987574
385087124,3,trunk,123.5401545,41.987024
385087124,4,trunk,123.5421608,41.9859402
385087124,5,trunk,123.5441242,41.9847121
385087124,6,trunk,123.5459267,41.9833085
385087124,7,trunk,123.547612,41.9817684
385087124,8,trunk,123.5491424,41.9803698
385087124,9,trunk,123.549933,41.9796473
385087139,0,trunk,123.4714819,41.8508609
385087139,1,trunk,123.4718368,41.8514577
385087139,2,trunk,123.471849,41.8515524
385087139,3,trunk,123.4718906,41.8518757
385087139,4,trunk,123.4719463,41.8523088
385087141,0,trunk,123.4658413,41.845949
385087141,1,trunk,123.4650074,41.8435927
385087141,2,trunk,123.4649532,41.8434312
385087141,3,trunk,123.4646934,41.8426572
385087142,0,trunk,123.5249542,41.8884061
385087142,1,trunk,123.5252908,41.8887822
385087143,0,trunk,123.5229633,41.8866
385087143,1,trunk,123.5232811,41.8868684
385087143,2,trunk,123.5237641,41.8872429
385087143,3,trunk,123.5239999,41.8874396
385087143,4,trunk,123.5241803,41.8875994
385087143,5,trunk,123.5243599,41.8877634
385087143,6,trunk,123.5245516,41.8879569
385087143,7,trunk,123.5247388,41.8881669
385087143,8,trunk,123.5249542,41.8884061
385087150,0,primary,123.5851025,41.9237549
385087150,1,primary,123.5829492,41.924444
385087150,2,primary,123.582609,41.9245529
385087150,3,primary,123.5749521,41.9270032
385087166,0,motorway,123.5713365,41.8200382
385087166,1,motorway,123.571147,41.8195036
385087167,0,motorway,123.5726271,41.8235982
385087167,1,motorway,123.5725138,41.8232282
385087168,0,motorway,123.5725138,41.8232282
385087168,1,motorway,123.5713365,41.8200382
385087169,0,motorway,123.571147,41.8195036
385087169,1,motorway,123.5708963,41.8188666
385087170,0,motorway,123.5708963,41.8188666
385087170,1,motorway,123.5706545,41.8182144
385087171,0,motorway,123.5648164,41.846604
385087171,1,motorway,123.5656539,41.8446825
385087172,0,motorway,123.5729551,41.8248357
385087172,1,motorway,123.5726271,41.8235982
385087173,0,motorway,123.5730034,41.8252456
385087173,1,motorway,123.5729551,41.8248357
385087174,0,motorway,123.5706545,41.8182144
385087174,1,motorway,123.5704909,41.81774
385087174,2,motorway,123.5704165,41.8174794
385087174,3,motorway,123.5703598,41.8172367
385087174,4,motorway,123.5703119,41.8170313
385087174,5,motorway,123.5702578,41.8167437
385087175,0,motorway,123.5656539,41.8446825
385087175,1,motorway,123.569055,41.8368794
385087175,2,motorway,123.5723027,41.8294206
385087175,3,motorway,123.5726672,41.8284403
385087175,4,motorway,123.572955,41.8272671
385087175,5,motorway,123.5730454,41.826146
385087175,6,motorway,123.5730034,41.8252456
385087186,0,trunk,123.5783646,41.9393792
385087186,1,trunk,123.577839,41.9389702
385087190,0,primary,123.4358265,41.9360609
385087190,1,primary,123.4362322,41.9351211
385360671,0,motorway,123.4483529,41.9070518
385360671,1,motorway,123.4489238,41.9071974
385360672,0,motorway,123.4488339,41.9073409
385360672,1,motorway,123.448266,41.9071939
385360673,0,motorway,123.4236374,41.8990151
385360673,1,motorway,123.4307029,41.9019063
385360673,2,motorway,123.4328809,41.9027772
385360673,3,motorway,123.4352315,41.9035789
385360673,4,motorway,123.4376761,41.9043482
385360673,5,motorway,123.4390672,41.9047478
385360673,6,motorway,123.4420608,41.9055167
385360673,7,motorway,123.4483529,41.9070518
385360674,0,motorway,123.448266,41.9071939
385360674,1,motorway,123.4470095,41.9069012
385360674,2,motorway,123.4420229,41.9056788
385360674,3,motorway,123.438991,41.9048824
385360674,4,motorway,123.4374716,41.9044828
385360674,5,motorway,123.4351521,41.90374
385360674,6,motorway,123.4328513,41.9029539
385360674,7,motorway,123.4303824,41.9019887
385360674,8,motorway,123.4235321,41.8991562
385360685,0,trunk,123.5422366,41.800989
385360685,1,trunk,123.5419316,41.8012924
385360687,0,trunk,123.3469111,41.8447981
385360687,1,trunk,123.3466583,41.8444123
385360688,0,trunk,123.5431687,41.8002476
385360688,1,trunk,123.5426603,41.8000119
385360689,0,trunk,123.5413186,41.7996044
385360689,1,trunk,123.5402522,41.799224
385360690,0,trunk,123.538328,41.7977525
385360690,1,trunk,123.5372683,41.7972444
385360691,0,trunk,123.537351,41.7970413
385360691,1,trunk,123.5384091,41.7976617
385360697,0,trunk,123.5455214,41.797557
385360697,1,trunk,123.545781,41.7972938
385360698,0,trunk,123.5459605,41.7973539
385360698,1,trunk,123.5456751,41.7976351
385360700,0,trunk,123.5483407,41.7949572
385360700,1,trunk,123.5546117,41.7896232
385360701,0,trunk,123.5547718,41.7897178
385360701,1,trunk,123.553265,41.7909992
385360701,2,trunk,123.548473,41.7950745
385360706,0,trunk,123.5456751,41.7976351
385360706,1,trunk,123.5442883,41.7989641
385360706,2,trunk,123.5422366,41.800989
385360710,0,trunk,123.5420491,41.8008788
385360710,1,trunk,123.5424639,41.8004953
385360710,2,trunk,123.5441635,41.7988843
385360710,3,trunk,123.5455214,41.797557
385360711,0,trunk,123.3466583,41.8444123
385360711,1,trunk,123.3443837,41.8407469
385360711,2,trunk,123.3426006,41.8379114
385360793,0,trunk,123.5356096,41.8148863
385360793,1,trunk,123.5359271,41.8149937
385360794,0,trunk,123.5358935,41.8150809
385360794,1,trunk,123.5355632,41.8149531
385360818,0,primary,123.5793012,41.7976117
385360818,1,primary,123.5791787,41.7975602
385360818,2,primary,123.5778928,41.7970163
385360818,3,primary,123.5772909,41.7967825
385360818,4,primary,123.5768306,41.7966275
385360818,5,primary,123.5761691,41.7964201
385360818,6,primary,123.5753898,41.7961857
385360818,7,primary,123.5750756,41.7960815
385360818,8,primary,123.5747857,41.7959682
385360818,9,primary,123.5744262,41.7958115
385360818,10,primary,123.5728386,41.7949702
385360818,11,primary,123.5727683,41.7949344
385360823,0,trunk,123.3467669,41.8443779
385360823,1,trunk,123.3470201,41.84479
385360824,0,trunk,123.3470201,41.84479
385360824,1,trunk,123.3475672,41.8455914
391813797,0,motorway,123.266669,41.7925281
391813797,1,motorway,123.2664141,41.7915749
391813799,0,motorway,123.3042998,41.7106684
391813799,1,motorway,123.3046837,41.7098514
391813809,0,motorway,123.4574742,41.7159621
391813809,1,motorway,123.4587291,41.7140034
391813839,0,motorway,123.4623181,41.7101189
391813839,1,motorway,123.4617302,41.7106353
391813839,2,motorway,123.4608563,41.71157
391813839,3,motorway,123.4600707,41.7126081
391813839,4,motorway,123.4590919,41.7140647
391813839,5,motorway,123.4578449,41.7160193
391813839,6,motorway,123.4577996,41.7160816
391813894,0,motorway,123.2662369,41.7885088
391813894,1,motorway,123.2662375,41.789131
391813894,2,motorway,123.2662742,41.7897364
391813894,3,motorway,123.2663729,41.7903579
391813894,4,motorway,123.2665959,41.7911474
391882291,0,motorway,123.5420376,41.8814917
391882291,1,motorway,123.5378631,41.8821528
391882291,2,motorway,123.5334452,41.8827872
391882292,0,motorway,123.5331396,41.8826543
391882292,1,motorway,123.5373505,41.8820324
391882292,2,motorway,123.5417815,41.8813295
397154100,0,motorway,123.5197904,41.6640063
397154100,1,motorway,123.5188591,41.6647425
397154101,0,motorway,123.5185791,41.6645854
397154101,1,motorway,123.5195468,41.6638226
397154102,0,motorway,123.5195468,41.6638226
397154102,1,motorway,123.5210819,41.6628016
397154102,2,motorway,123.5237405,41.6613306
397154102,3,motorway,123.5280473,41.6589394
397154102,4,motorway,123.5289458,41.6583695
397154102,5,motorway,123.5302738,41.6574022
397154103,0,motorway,123.5304637,41.6575056
397154103,1,motorway,123.5290413,41.6585895
397154103,2,motorway,123.5280803,41.6591913
397154103,3,motorway,123.5239116,41.6615581
397154103,4,motorway,123.52147,41.6629231
397154103,5,motorway,123.5197904,41.6640063
397154104,0,primary,123.4254226,41.6144922
397154104,1,primary,123.4257099,41.614494
397154104,2,primary,123.4261353,41.6145169
397154104,3,primary,123.4265227,41.6145468
397154104,4,primary,123.4268799,41.6145835
397154104,5,primary,123.4273166,41.6146352
397154104,6,primary,123.4277677,41.6146996
397154104,7,primary,123.4279732,41.6147375
397154104,8,primary,123.4282015,41.6147823
397154104,9,primary,123.4285484,41.6148482
397154104,10,primary,123.4289694,41.6149465
397154104,11,primary,123.4292924,41.6150277
397154104,12,primary,123.4296268,41.6151204
397154104,13,primary,123.4298834,41.6151967
397154104,14,primary,123.4301997,41.6153017
397154104,15,primary,123.4304283,41.6153784
397154104,16,primary,123.4310165,41.6156054
397154104,17,primary,123.4313696,41.615759
397154104,18,primary,123.4317266,41.6159171
397154104,19,primary,123.4321824,41.6161381
397154104,20,primary,123.4328164,41.6164948
397154104,21,primary,123.4337356,41.6170691
397154104,22,primary,123.4358345,41.6184623
397154104,23,primary,123.4412656,41.6220673
397154107,0,trunk,123.4685627,41.6401927
397154107,1,trunk,123.4691358,41.6405692
397154107,2,trunk,123.4695854,41.6408576
397154107,3,trunk,123.4700723,41.6411554
397154107,4,trunk,123.4713895,41.641868
397154107,5,trunk,123.4731203,41.642706
397154107,6,trunk,123.4744898,41.6434637
397154107,7,trunk,123.4760485,41.6445041
397154107,8,trunk,123.4768657,41.6450808
397154107,9,trunk,123.4776711,41.6456118
397154107,10,trunk,123.4780234,41.6458441
397154107,11,trunk,123.4819531,41.6483661
397154107,12,trunk,123.4835577,41.6494039
397154107,13,trunk,123.4842974,41.6498469
397154107,14,trunk,123.4850716,41.6502816
397154111,0,trunk,123.5063784,41.6595201
397154111,1,trunk,123.5090569,41.6604278
397154111,2,trunk,123.5114258,41.6612801
397154111,3,trunk,123.5323704,41.6691393
397154111,4,trunk,123.5390673,41.6716587
397154111,5,trunk,123.5439127,41.6734661
397154111,6,trunk,123.5466883,41.6744987
397154111,7,trunk,123.5492785,41.6753283
397154111,8,trunk,123.5508886,41.675784
397154111,9,trunk,123.5556683,41.6770871
397154111,10,trunk,123.5601269,41.6782394
397154111,11,trunk,123.5630725,41.6790387
397154111,12,trunk,123.5676589,41.6804248
397154111,13,trunk,123.5693425,41.681069
397154111,14,trunk,123.571311,41.681935
397154111,15,trunk,123.5715758,41.6820647
397154111,16,trunk,123.5736437,41.683078
397154111,17,trunk,123.5770757,41.6847653
397154112,0,primary,123.4528788,41.6303245
397154112,1,primary,123.4419716,41.6231244
397154113,0,trunk,123.4531231,41.6301056
397154113,1,trunk,123.4547716,41.6311974
397154114,0,primary,123.4419716,41.6231244
397154114,1,primary,123.440741,41.622312
397154115,0,primary,123.4424853,41.6228768
397154115,1,primary,123.4532597,41.6300278
397154116,0,trunk,123.4411023,41.6221441
397154116,1,trunk,123.4445253,41.6243585
397154118,0,primary,123.4412656,41.6220673
397154118,1,primary,123.4424853,41.6228768
397154119,0,trunk,123.4445253,41.6243585
397154119,1,trunk,123.4531231,41.6301056
397154121,0,primary,123.4532597,41.6300278
397154121,1,primary,123.4548834,41.6311053
397154125,0,trunk,123.5034662,41.6584606
397154125,1,trunk,123.5037248,41.6585547
397154125,2,trunk,123.5063784,41.6595201
397154127,0,trunk,123.4850716,41.6502816
397154127,1,trunk,123.4870458,41.6513269
397154129,0,primary,123.4545057,41.631396
397154129,1,primary,123.4535441,41.6307637
397154129,2,primary,123.4528788,41.6303245
397154131,0,trunk,123.4870458,41.6513269
397154131,1,trunk,123.4900767,41.6528652
397154131,2,trunk,123.4920252,41.653857
397154131,3,trunk,123.4943997,41.6550655
397154131,4,trunk,123.4964786,41.6559439
397154131,5,trunk,123.4969059,41.6561244
397154131,6,trunk,123.4985137,41.656697
397154131,7,trunk,123.5034662,41.6584606
397154136,0,primary,123.4548834,41.6311053
397154136,1,primary,123.457784,41.6330303
397154136,2,primary,123.466788,41.6388908
397154136,3,primary,123.4670181,41.6390367
397154136,4,primary,123.4680925,41.6397342
397154136,5,primary,123.4699597,41.6409031
397154136,6,primary,123.4706937,41.6413298
397154136,7,primary,123.4714802,41.6417464
397154136,8,primary,123.4739072,41.64287
397154136,9,primary,123.47536,41.6438256
397154136,10,primary,123.4763626,41.6445918
397154136,11,primary,123.4770594,41.6450628
397154136,12,primary,123.4776711,41.6456118
397154137,0,primary,123.440741,41.622312
397154137,1,primary,123.43332,41.6174052
397154137,2,primary,123.4328581,41.6171051
397154137,3,primary,123.4323636,41.6168064
397154137,4,primary,123.4318399,41.6165137
397154137,5,primary,123.4314803,41.616336
397154137,6,primary,123.4312088,41.6162074
397154137,7,primary,123.4309136,41.6160766
397154137,8,primary,123.430638,41.615969
397154137,9,primary,123.4301147,41.6157729
397154137,10,primary,123.4297452,41.6156478
397154137,11,primary,123.4294249,41.615551
397154137,12,primary,123.4291225,41.6154681
397154137,13,primary,123.4287991,41.6153814
397154137,14,primary,123.428472,41.6153026
397154137,15,primary,123.4281703,41.6152341
397154137,16,primary,123.4279229,41.6151876
397154137,17,primary,123.4276593,41.6151416
397154137,18,primary,123.4265001,41.614977
397154137,19,primary,123.4253867,41.6149716
397154141,0,trunk,123.4849568,41.6504163
397154141,1,trunk,123.4845423,41.650185
397154141,2,trunk,123.4837815,41.6497332
397154141,3,trunk,123.4830928,41.6493048
397154141,4,trunk,123.4818544,41.6485152
397154141,5,trunk,123.4774096,41.6455677
397154141,6,trunk,123.4773162,41.6455072
397154141,7,trunk,123.4749287,41.6439613
397154141,8,trunk,123.4732716,41.6430057
397154141,9,trunk,123.4722577,41.6424572
397154141,10,trunk,123.4712815,41.6419782
397154141,11,trunk,123.4700296,41.6413381
397154141,12,trunk,123.469645,41.6411088
397154141,13,trunk,123.4693031,41.6408994
397154141,14,trunk,123.4686262,41.6404668
397154141,15,trunk,123.4684054,41.6403207
397154142,0,trunk,123.5768862,41.6848664
397154142,1,trunk,123.5735101,41.6832455
397154142,2,trunk,123.5713688,41.6821765
397154142,3,trunk,123.5710932,41.6820389
397154142,4,trunk,123.569214,41.6811934
397154142,5,trunk,123.5675331,41.6805714
397154142,6,trunk,123.5629991,41.6791955
397154142,7,trunk,123.5600052,41.6783911
397154142,8,trunk,123.5509166,41.6759911
397154142,9,trunk,123.5492079,41.675504
397154142,10,trunk,123.5465858,41.6746575
397154142,11,trunk,123.5437845,41.6736226
397154142,12,trunk,123.5390322,41.6718258
397154142,13,trunk,123.532302,41.6692877
397154142,14,trunk,123.5113259,41.6614406
397154142,15,trunk,123.5106042,41.661176
397154142,16,trunk,123.5089748,41.6605785
397154142,17,trunk,123.5063087,41.6596634
397154143,0,trunk,123.4444045,41.6244869
397154143,1,trunk,123.4410943,41.6223502
397154143,2,trunk,123.4409166,41.6222328
397154144,0,trunk,123.4546292,41.6312906
397154144,1,trunk,123.4530104,41.6302214
397154145,0,trunk,123.4530104,41.6302214
397154145,1,trunk,123.4444045,41.6244869
397154146,0,trunk,123.4869273,41.6514636
397154146,1,trunk,123.4849568,41.6504163
397154147,0,trunk,123.5063087,41.6596634
397154147,1,trunk,123.5033958,41.6586335
397154149,0,trunk,123.5033958,41.6586335
397154149,1,trunk,123.50208,41.6581556
397154149,2,trunk,123.4968214,41.6562455
397154149,3,trunk,123.4965351,41.6561245
397154149,4,trunk,123.4943055,41.6551825
397154149,5,trunk,123.4920321,41.6540238
397154149,6,trunk,123.4899279,41.6529513
397154149,7,trunk,123.4869273,41.6514636
397154628,0,motorway,123.4573435,41.7167089
397154628,1,motorway,123.4567465,41.7176535
397154628,2,motorway,123.456171,41.7190468
397154628,3,motorway,123.4559225,41.7194056
397156398,0,motorway,123.5368205,41.647414
397156398,1,motorway,123.5361685,41.6497864
397156398,2,motorway,123.5352635,41.6517894
397156398,3,motorway,123.5345251,41.6530733
397156398,4,motorway,123.5338969,41.6539755
397156398,5,motorway,123.5332535,41.6548126
397156398,6,motorway,123.5326717,41.6554336
397156398,7,motorway,123.531882,41.6562541
397156398,8,motorway,123.5308907,41.6571715
397156399,0,motorway,123.5306976,41.6570709
397156399,1,motorway,123.5317957,41.6560944
397156399,2,motorway,123.5325861,41.6553052
397156399,3,motorway,123.5331215,41.6546871
397156399,4,motorway,123.533824,41.6537675
397156399,5,motorway,123.5344178,41.6529446
397156399,6,motorway,123.5350988,41.6517287
397156399,7,motorway,123.5359735,41.6497514
397156399,8,motorway,123.5366306,41.6474196
397156400,0,motorway,123.4807728,41.7028048
397156400,1,motorway,123.4834161,41.7018614
397156400,2,motorway,123.4852499,41.7010692
397156400,3,motorway,123.4870796,41.699918
397156400,4,motorway,123.4885862,41.6986908
397156400,5,motorway,123.4895635,41.6976571
397156400,6,motorway,123.490215,41.6968382
397156400,7,motorway,123.4915886,41.6950302
397156401,0,motorway,123.5385475,41.6398038
397156401,1,motorway,123.5386838,41.6392571
397156402,0,motorway,123.538831,41.63928
397156402,1,motorway,123.5387011,41.6398095
397156404,0,motorway,123.4919306,41.6951518
397156404,1,motorway,123.4906982,41.6967328
397156404,2,motorway,123.4896992,41.6979814
397156404,3,motorway,123.4887871,41.6989097
397156404,4,motorway,123.4875194,41.6999342
397156404,5,motorway,123.4854454,41.7012557
397156404,6,motorway,123.4836585,41.7020592
397156404,7,motorway,123.4809659,41.7029983
397156405,0,motorway,123.4726654,41.7054801
397156405,1,motorway,123.4694303,41.7064797
397156405,2,motorway,123.467425,41.7071741
397156405,3,motorway,123.4670149,41.7073359
397156405,4,motorway,123.4666377,41.7075025
397156405,5,motorway,123.4662323,41.7076857
397156405,6,motorway,123.4658709,41.7078647
397156405,7,motorway,123.4655529,41.7080261
397156405,8,motorway,123.4652321,41.7082022
397156405,9,motorway,123.4649208,41.7083873
397156405,10,motorway,123.4646178,41.7085618
397156405,11,motorway,123.4643001,41.7087615
397156405,12,motorway,123.4639958,41.7089531
397156405,13,motorway,123.463699,41.7091526
397156405,14,motorway,123.4634667,41.7093192
397156406,0,primary,123.4939646,41.7040061
397156406,1,primary,123.4932963,41.7029827
397156406,2,primary,123.4921167,41.701181
397156406,3,primary,123.4912647,41.6998346
397156406,4,primary,123.49065,41.6989142
397156406,5,primary,123.4903251,41.6983668
397156406,6,primary,123.4896752,41.6973987
397156406,7,primary,123.4889618,41.696287
397156406,8,primary,123.4885787,41.6957283
397156406,9,primary,123.4870031,41.6932714
397156406,10,primary,123.486512,41.6925035
397156406,11,primary,123.4860008,41.6917061
397156406,12,primary,123.4842241,41.6890693
397156406,13,primary,123.4837292,41.6885174
397156406,14,primary,123.4831677,41.687971
397156406,15,primary,123.4823749,41.6873708
397156406,16,primary,123.4816028,41.6868554
397156406,17,primary,123.4806844,41.6863561
397156406,18,primary,123.4800097,41.6860345
397156406,19,primary,123.4796043,41.6858128
397156406,20,primary,123.479402,41.6857022
397156406,21,primary,123.4793261,41.6856664
397156406,22,primary,123.4792489,41.6856299
397156406,23,primary,123.4791582,41.6855871
397156406,24,primary,123.4791191,41.6855669
397156406,25,primary,123.4790253,41.6855147
397156406,26,primary,123.4786132,41.6853054
397156406,27,primary,123.4774101,41.684709
397156406,28,primary,123.4739716,41.6829246
397156406,29,primary,123.4738434,41.6828657
397156406,30,primary,123.4728895,41.6824832
397156406,31,primary,123.4722628,41.6822716
397156406,32,primary,123.471811,41.6821354
397156406,33,primary,123.4713747,41.6820345
397156406,34,primary,123.4701739,41.6818065
397156406,35,primary,123.4693617,41.681684
397156406,36,primary,123.4689224,41.6816579
397156406,37,primary,123.4688101,41.681651
397156406,38,primary,123.4680477,41.681614
397156888,0,motorway,123.4621797,41.70997
397156888,1,motorway,123.4632741,41.7091382
397156890,0,motorway,123.4634667,41.7093192
397156890,1,motorway,123.4623181,41.7101189
397156893,0,motorway,123.4632741,41.7091382
397156893,1,motorway,123.4635578,41.7089288
397156893,2,motorway,123.4638873,41.7087026
397156893,3,motorway,123.4641672,41.708524
397156893,4,motorway,123.4645654,41.7082828
397156893,5,motorway,123.4649484,41.7080643
397156893,6,motorway,123.4653422,41.7078503
397156893,7,motorway,123.4656716,41.7076788
397156893,8,motorway,123.4660075,41.7075164
397156893,9,motorway,123.4664755,41.7073037
397156893,10,motorway,123.4669505,41.7071003
397156893,11,motorway,123.4675168,41.7068897
397156893,12,motorway,123.4693345,41.7062602
397156893,13,motorway,123.4723135,41.7053056
397166899,0,primary,123.4523161,41.768282
397166899,1,primary,123.452411,41.7683256
397166899,2,primary,123.4525432,41.7683864
397166899,3,primary,123.4550633,41.7707515
397166899,4,primary,123.4586917,41.7741464
397166899,5,primary,123.4588097,41.774244
397166899,6,primary,123.4620193,41.7763674
397166900,0,trunk,123.4821716,41.8070047
397166900,1,trunk,123.4818729,41.8078565
397166900,2,trunk,123.4813011,41.8092994
397166900,3,trunk,123.4811339,41.8095944
397166901,0,trunk,123.4880819,41.8115054
397166901,1,trunk,123.4878959,41.8114099
397166901,2,trunk,123.4867633,41.8108295
397166901,3,trunk,123.4858502,41.8103257
397166901,4,trunk,123.4849583,41.8097242
397166904,0,trunk,123.4745299,41.80509
397166904,1,trunk,123.4746842,41.8050958
397166904,2,trunk,123.4748663,41.805104
397166904,3,trunk,123.4750512,41.8051584
397166904,4,trunk,123.47641,41.8057203
397166904,5,trunk,123.4781508,41.8064621
397166904,6,trunk,123.4790228,41.8067745
397166905,0,trunk,123.4809759,41.8095557
397166905,1,trunk,123.4811394,41.8091551
397166905,2,trunk,123.4814569,41.8084428
397166905,3,trunk,123.4817425,41.8078274
397166905,4,trunk,123.4822647,41.8066013
397170077,0,trunk,123.4068604,41.8020111
397170077,1,trunk,123.4037988,41.801912
397170077,2,trunk,123.4030132,41.8018866
397170077,3,trunk,123.4021945,41.8018885
397170077,4,trunk,123.4017876,41.8019147
397170077,5,trunk,123.4013731,41.8019631
397170077,6,trunk,123.400741,41.8020864
397170480,0,trunk,123.400722,41.8020156
397170480,1,trunk,123.4010572,41.8019514
397170480,2,trunk,123.4013539,41.8019119
397170480,3,trunk,123.4020096,41.8018546
397170480,4,trunk,123.4024481,41.8018299
397170480,5,trunk,123.4030243,41.8018241
397170480,6,trunk,123.406866,41.8019633
402521641,0,trunk,123.2704759,41.7799355
402521641,1,trunk,123.2694525,41.7799449
402521642,0,trunk,123.269469,41.7798514
402521642,1,trunk,123.2704616,41.7798393
402521643,0,trunk,123.2704616,41.7798393
402521643,1,trunk,123.2713444,41.7798286
402521643,2,trunk,123.2715235,41.7798264
402521643,3,trunk,123.2720983,41.7798194
402521644,0,trunk,123.2721036,41.7799206
402521644,1,trunk,123.2715133,41.779926
402521644,2,trunk,123.2712738,41.7799282
402521644,3,trunk,123.2704759,41.7799355
402522574,0,motorway,123.2078184,41.7806125
402522574,1,motorway,123.2073046,41.7803658
402522575,0,motorway,123.2209367,41.7866114
402522575,1,motorway,123.2078184,41.7806125
402522576,0,motorway,123.2078669,41.7804283
402522576,1,motorway,123.2210564,41.7864662
402522577,0,motorway,123.2072088,41.7801261
402522577,1,motorway,123.2078669,41.7804283
402784840,0,trunk,123.3459672,41.6275543
402784840,1,trunk,123.3464766,41.6275432
402784841,0,trunk,123.3464766,41.6275432
402784841,1,trunk,123.3483165,41.6274939
402784841,2,trunk,123.3489776,41.6274932
402784841,3,trunk,123.3494389,41.6275135
402784841,4,trunk,123.3505605,41.627604
402784841,5,trunk,123.3517525,41.627779
402784841,6,trunk,123.3525446,41.6279462
402784842,0,trunk,123.3464636,41.6277059
402784842,1,trunk,123.345983,41.6277164
402784843,0,trunk,123.3524363,41.6280751
402784843,1,trunk,123.3516868,41.6279283
402784843,2,trunk,123.3505643,41.6277641
402784843,3,trunk,123.3502715,41.6277378
402784843,4,trunk,123.34948,41.6276832
402784843,5,trunk,123.3483319,41.6276492
402784843,6,trunk,123.3464636,41.6277059
402918805,0,trunk,123.3062507,41.6283989
402918805,1,trunk,123.311606,41.6282912
402918807,0,primary,123.3108368,41.628169
402918807,1,primary,123.316153,41.6280586
402918807,2,primary,123.3165771,41.6280543
402918807,3,primary,123.3183774,41.6280184
402918807,4,primary,123.3188718,41.6280067
402918807,5,primary,123.3204527,41.6279674
402918807,6,primary,123.3256698,41.6278318
402918807,7,primary,123.3258113,41.6278314
402918807,8,primary,123.3331685,41.6276769
402918807,9,primary,123.3334271,41.6276711
402918807,10,primary,123.3395839,41.6275317
402918807,11,primary,123.34388,41.6274346
402918807,12,primary,123.3458435,41.6274175
402918807,13,primary,123.3459726,41.6274147
402918808,0,trunk,123.3258065,41.6279722
402918808,1,trunk,123.3432257,41.6275974
402918808,2,trunk,123.3458356,41.6275571
402918808,3,trunk,123.3459672,41.6275543
402918809,0,primary,123.3459964,41.6278417
402918809,1,primary,123.3458194,41.6278456
402918809,2,primary,123.3439409,41.6278871
402918809,3,primary,123.3336435,41.6281146
402918809,4,primary,123.3258121,41.62828
402918809,5,primary,123.3256701,41.628283
402918809,6,primary,123.3240312,41.628327
402918809,7,primary,123.3196531,41.6284237
402918809,8,primary,123.3192512,41.6284326
402918809,9,primary,123.3182848,41.6284661
402918809,10,primary,123.3162601,41.6285078
402918809,11,primary,123.3109939,41.6286161
402918809,12,primary,123.3107639,41.6286063
402918809,13,primary,123.3106379,41.628568
402918809,14,primary,123.3105771,41.6284318
402918809,15,primary,123.3105771,41.628369
402918809,16,primary,123.3106285,41.6282363
402918809,17,primary,123.3107172,41.628191
402918809,18,primary,123.3108368,41.628169
402918810,0,trunk,123.3116353,41.6284497
402918810,1,trunk,123.3062442,41.6285707
402918811,0,trunk,123.345983,41.6277164
402918811,1,trunk,123.3458265,41.6277198
402918811,2,trunk,123.3433892,41.6277624
402918811,3,trunk,123.3258093,41.6281625
402918811,4,trunk,123.3256721,41.628165
402918811,5,trunk,123.3184428,41.628323
402918811,6,trunk,123.3183068,41.6283243
402918811,7,trunk,123.3157747,41.6283719
402918811,8,trunk,123.3116353,41.6284497
402929477,0,primary,123.4039299,41.7141723
402929477,1,primary,123.4048796,41.7159127
402929477,2,primary,123.4050286,41.7162156
402929477,3,primary,123.4051355,41.7164627
402929477,4,primary,123.4052281,41.716728
402929477,5,primary,123.4053227,41.7170834
402929477,6,primary,123.4053827,41.7175575
402929477,7,primary,123.4053999,41.7180187
402929477,8,primary,123.4053662,41.718356
402929477,9,primary,123.4053118,41.7186628
402929477,10,primary,123.4051167,41.7193641
402929477,11,primary,123.4032375,41.7243013
402929477,12,primary,123.4031643,41.7244692
402929477,13,primary,123.4030413,41.7247371
402929477,14,primary,123.4029775,41.7249095
402929477,15,primary,123.4018045,41.7277841
402929477,16,primary,123.4017412,41.7279452
402929477,17,primary,123.4003559,41.7314406
402929477,18,primary,123.4001026,41.7320885
402929478,0,primary,123.3963329,41.7008818
402929478,1,primary,123.3945096,41.6975269
402955708,0,trunk,123.2054301,41.7073922
402955708,1,trunk,123.2057085,41.7068827
402955709,0,trunk,123.2019331,41.7146209
402955709,1,trunk,123.2025875,41.7128413
402955709,2,trunk,123.2030201,41.7118093
402955709,3,trunk,123.2050761,41.7080398
402955709,4,trunk,123.2054301,41.7073922
402955710,0,trunk,123.2059174,41.7069755
402955710,1,trunk,123.2056345,41.7075021
402955711,0,trunk,123.2145118,41.6911057
402955711,1,trunk,123.2142224,41.6916536
402955711,2,trunk,123.2116309,41.6963862
402955711,3,trunk,123.2114923,41.6966428
402955711,4,trunk,123.2113689,41.6968713
402955711,5,trunk,123.2069815,41.704995
402955711,6,trunk,123.2060645,41.7067018
402955711,7,trunk,123.2059174,41.7069755
402969262,0,trunk,123.4455487,41.7023813
402969262,1,trunk,123.4461793,41.7018044
402969262,2,trunk,123.4464141,41.7015432
402969262,3,trunk,123.4468005,41.7010741
402969262,4,trunk,123.4468762,41.7009707
402969263,0,trunk,123.4452204,41.7026614
402969263,1,trunk,123.4455487,41.7023813
402969264,0,trunk,123.4456457,41.7024618
402969264,1,trunk,123.4452698,41.7027552
402969265,0,trunk,123.4452698,41.7027552
402969265,1,trunk,123.4449286,41.7030275
402969265,2,trunk,123.4446594,41.7032082
402970183,0,primary,123.4832897,41.7180763
402970183,1,primary,123.4825672,41.7188995
403099758,0,primary,123.4939817,41.689118
403099758,1,primary,123.4948478,41.6903939
403099759,0,primary,123.4948478,41.6903939
403099759,1,primary,123.4951769,41.6908953
403891840,0,trunk,123.3525446,41.6279462
403891840,1,trunk,123.3530331,41.6280493
403891840,2,trunk,123.3541528,41.6283483
403891841,0,trunk,123.3540705,41.6285173
403891841,1,trunk,123.3529555,41.6281945
403891841,2,trunk,123.3524363,41.6280751
404300501,0,motorway,123.4171371,41.6978394
404300501,1,motorway,123.4202238,41.697151
404300501,2,motorway,123.4249003,41.6961027
404300502,0,motorway,123.3894711,41.7039773
404300502,1,motorway,123.4059335,41.7003194
404300502,2,motorway,123.4169236,41.697887
404300502,3,motorway,123.4171371,41.6978394
404300503,0,motorway,123.4171676,41.6980153
404300503,1,motorway,123.4060416,41.7004582
404300503,2,motorway,123.3946393,41.7029946
404300503,3,motorway,123.3904441,41.7039278
404300503,4,motorway,123.3875966,41.7047297
404300503,5,motorway,123.3842128,41.7058262
404300503,6,motorway,123.3818573,41.7066592
406674362,0,trunk,123.2021351,41.7146881
406674362,1,trunk,123.2008817,41.7182183
406674363,0,trunk,123.2008817,41.7182183
406674363,1,trunk,123.2002792,41.7200634
406674363,2,trunk,123.1999657,41.7217188
406674363,3,trunk,123.1999327,41.7229851
406674363,4,trunk,123.1999579,41.7242687
411812286,0,motorway,123.4249003,41.6961027
411812286,1,motorway,123.4269186,41.6957042
411812286,2,motorway,123.4282581,41.6955243
411812286,3,motorway,123.4293264,41.6954558
411812286,4,motorway,123.4304522,41.6954274
411812286,5,motorway,123.4316278,41.6954715
411812286,6,motorway,123.4329587,41.6956123
411812286,7,motorway,123.4342901,41.6958558
411812286,8,motorway,123.4354156,41.6961408
411812286,9,motorway,123.4362104,41.6964051
411812287,0,motorway,123.4360631,41.6965423
411812287,1,motorway,123.4352388,41.6962724
411812287,2,motorway,123.4349085,41.6961865
411812287,3,motorway,123.4342571,41.696017
411812287,4,motorway,123.4329533,41.6957925
411812287,5,motorway,123.4316495,41.6956393
411812287,6,motorway,123.4304873,41.6955854
411812287,7,motorway,123.4293208,41.6956044
411812287,8,motorway,123.4282788,41.6956773
411812287,9,motorway,123.4269873,41.695844
411812287,10,motorway,123.4250769,41.6962418
411812287,11,motorway,123.4249212,41.6962742
413718962,0,trunk,123.5098927,41.7756575
413718962,1,trunk,123.5116054,41.7778692
413718962,2,trunk,123.5117657,41.7780787
413718962,3,trunk,123.5149528,41.7822455
413718962,4,trunk,123.5180848,41.7861469
413718962,5,trunk,123.5189118,41.7868535
413718962,6,trunk,123.5207679,41.7883654
413718962,7,trunk,123.521814,41.7891173
413718962,8,trunk,123.5219524,41.7892003
413718962,9,trunk,123.5228713,41.7897506
413718962,10,trunk,123.5243567,41.7905372
413718962,11,trunk,123.5245253,41.7906234
413718962,12,trunk,123.5254423,41.7910921
413718963,0,trunk,123.5093442,41.7752735
413718963,1,trunk,123.5086335,41.7743487
413718963,2,trunk,123.5077365,41.7732013
413718963,3,trunk,123.5074695,41.7728765
413718963,4,trunk,123.5045479,41.7688975
413718963,5,trunk,123.5015625,41.7660274
413718963,6,trunk,123.5011448,41.7656627
413718963,7,trunk,123.4995031,41.7644099
413718963,8,trunk,123.4984356,41.7637056
413718963,9,trunk,123.49732,41.7630379
413718963,10,trunk,123.4967388,41.762737
413718963,11,trunk,123.4955335,41.7621131
413718963,12,trunk,123.4938331,41.7613513
413718963,13,trunk,123.492176,41.7607395
413718963,14,trunk,123.4913157,41.7604589
413718963,15,trunk,123.4905909,41.7602526
413718963,16,trunk,123.4894188,41.7599189
413718964,0,trunk,123.5097076,41.7757446
413718964,1,trunk,123.5094128,41.7753624
413718964,2,trunk,123.5093442,41.7752735
413718965,0,trunk,123.509552,41.7751965
413718965,1,trunk,123.5098927,41.7756575
417392512,0,trunk,123.4934373,41.6314006
417392512,1,trunk,123.4944763,41.6320762
417392512,2,trunk,123.4946411,41.6322078
417392512,3,trunk,123.4947326,41.6323121
417392512,4,trunk,123.494797,41.632444
417392512,5,trunk,123.4948399,41.6325839
417392512,6,trunk,123.4948407,41.6327122
417392512,7,trunk,123.4948201,41.6328486
417392512,8,trunk,123.4947636,41.6329948
417392512,9,trunk,123.4946964,41.6331409
417392512,10,trunk,123.4944991,41.6334682
417392512,11,trunk,123.4942857,41.6337956
417392512,12,trunk,123.4942122,41.6339652
417392512,13,trunk,123.494187,41.6341568
417392512,14,trunk,123.4941899,41.6342727
417392512,15,trunk,123.4942144,41.6343886
417392512,16,trunk,123.4943042,41.6345499
417392512,17,trunk,123.4944235,41.6347013
417392512,18,trunk,123.4945599,41.6348131
417392512,19,trunk,123.4947217,41.6349367
417392512,20,trunk,123.495145,41.6353647
417398384,0,trunk,123.4968893,41.6387441
417398384,1,trunk,123.4966172,41.638477
417398384,2,trunk,123.4965242,41.6383494
417398384,3,trunk,123.4964419,41.6381938
417398384,4,trunk,123.4964037,41.6380893
417398384,5,trunk,123.4963763,41.6379927
417398384,6,trunk,123.4963375,41.6377916
417398384,7,trunk,123.4962875,41.6374614
417398384,8,trunk,123.4962412,41.6372501
417398384,9,trunk,123.4962127,41.6371505
417398384,10,trunk,123.4961681,41.6370508
417398384,11,trunk,123.4961232,41.6369585
417398384,12,trunk,123.4960623,41.6368662
417398384,13,trunk,123.4959036,41.636688
417398384,14,trunk,123.495555,41.6364078
417398384,15,trunk,123.4951662,41.6361456
417398393,0,trunk,123.4774189,41.6253517
417398393,1,trunk,123.4794119,41.6254289
417398393,2,trunk,123.4800937,41.6255383
417398393,3,trunk,123.4804297,41.6256429
417398393,4,trunk,123.4807593,41.6258421
417398393,5,trunk,123.4823553,41.6269154
417398399,0,trunk,123.4823553,41.6269154
417398399,1,trunk,123.4840529,41.6280277
417398399,2,trunk,123.4857896,41.6291481
417398399,3,trunk,123.4889523,41.6312822
417398407,0,trunk,123.4818815,41.6273803
417398407,1,trunk,123.4805405,41.6263853
417398407,2,trunk,123.4797428,41.6259101
417398407,3,trunk,123.4791716,41.6256359
417398407,4,trunk,123.4785158,41.6254653
417398407,5,trunk,123.4774189,41.6253517
417398413,0,trunk,123.4884625,41.6317055
417398413,1,trunk,123.4861983,41.6302113
417398413,2,trunk,123.4824778,41.6277559
417398413,3,trunk,123.482329,41.6276622
417398413,4,trunk,123.4818815,41.6273803
417398418,0,trunk,123.4889523,41.6312822
417398418,1,trunk,123.4898051,41.6318487
417398418,2,trunk,123.4906035,41.6323737
417398418,3,trunk,123.4915138,41.6329585
422115363,0,primary,123.3910394,41.8841395
422115363,1,primary,123.3910216,41.8842016
422115363,2,primary,123.3909827,41.8843371
422115363,3,primary,123.3909203,41.8844583
422115363,4,primary,123.3903036,41.885277
422115363,5,primary,123.3890087,41.8869553
422115363,6,primary,123.3864511,41.8899543
422115363,7,primary,123.3855261,41.8912424
422115363,8,primary,123.3853452,41.8915179
422115363,9,primary,123.3841091,41.8934168
422115363,10,primary,123.3839232,41.8937089
422115363,11,primary,123.3818969,41.8969612
422115363,12,primary,123.380708,41.89887
422115363,13,primary,123.3802627,41.8995822
422115363,14,primary,123.3795943,41.9006483
422115363,15,primary,123.3785342,41.9022923
422115363,16,primary,123.3780953,41.9029319
422115363,17,primary,123.3777497,41.9033455
422115363,18,primary,123.3773107,41.9037695
422115363,19,primary,123.3769044,41.9041414
422115363,20,primary,123.3761899,41.904635
422115363,21,primary,123.3756108,41.9049825
422115363,22,primary,123.3749617,41.9053127
422115363,23,primary,123.3738409,41.9057055
422115363,24,primary,123.3729305,41.906015
422115363,25,primary,123.3728553,41.9060406
422115363,26,primary,123.3721644,41.9062755
422115363,27,primary,123.37089,41.90673
422115363,28,primary,123.370353,41.9069524
422115363,29,primary,123.3697459,41.9073
422115363,30,primary,123.3688633,41.9079221
422115363,31,primary,123.368018,41.908711
422115363,32,primary,123.3676491,41.9091385
422115363,33,primary,123.3673688,41.9095659
422115363,34,primary,123.3670793,41.9100768
422115363,35,primary,123.3667833,41.9107797
422115363,36,primary,123.3667656,41.910853
422115363,37,primary,123.3666637,41.9111994
422115363,38,primary,123.3665796,41.9117589
422115363,39,primary,123.3664265,41.9133293
422115363,40,primary,123.366338,41.9142363
422115363,41,primary,123.366246,41.9150211
422115363,42,primary,123.3662165,41.9151543
422115363,43,primary,123.366154,41.9154372
422115363,44,primary,123.3660086,41.9161938
422115363,45,primary,123.3655627,41.9177986
422115363,46,primary,123.3654363,41.9178917
423528922,0,primary,123.3500989,41.7977506
423528922,1,primary,123.3502032,41.7978812
423528922,2,primary,123.3521962,41.8005492
423528922,3,primary,123.353109,41.8017332
423528922,4,primary,123.354089,41.8030025
423528922,5,primary,123.3544823,41.8035263
423528922,6,primary,123.3552061,41.8044785
423528922,7,primary,123.3554295,41.804771
423528922,8,primary,123.3560367,41.8055659
423528922,9,primary,123.3562594,41.8058574
423528922,10,primary,123.3577295,41.8077922
423528922,11,primary,123.3586067,41.8090301
423528922,12,primary,123.3587773,41.8092709
423528922,13,primary,123.358868,41.8093839
423528922,14,primary,123.3615029,41.8128706
423528922,15,primary,123.3637619,41.8159513
423528922,16,primary,123.3638237,41.8160342
423528922,17,primary,123.3639143,41.8161557
423528930,0,trunk,123.4129747,41.8421327
423528930,1,trunk,123.4129461,41.8425578
423528932,0,primary,123.364933,41.8174865
423528932,1,primary,123.3653432,41.8180374
423528942,0,trunk,123.41395,41.8297018
423528942,1,trunk,123.4140625,41.8301204
423528942,2,trunk,123.4138863,41.8320392
423528942,3,trunk,123.4136737,41.8343543
423528942,4,trunk,123.4135396,41.8362609
423528942,5,trunk,123.4135503,41.8364327
423528942,6,trunk,123.4129747,41.8421327
423528944,0,trunk,123.4284007,41.8302246
423528944,1,trunk,123.4285117,41.8302271
423528944,2,trunk,123.4389323,41.8306548
423528944,3,trunk,123.4448306,41.8309446
423528944,4,trunk,123.450908,41.8312983
423528944,5,trunk,123.45128,41.831319
423528944,6,trunk,123.4516519,41.8313296
423528944,7,trunk,123.4520537,41.8313154
423528944,8,trunk,123.4524096,41.8312909
423528944,9,trunk,123.4527376,41.8312567
423528944,10,trunk,123.4530657,41.8311986
423528944,11,trunk,123.4535955,41.831081
423528945,0,trunk,123.45425,41.8310219
423528945,1,trunk,123.4540474,41.8310749
423528945,2,trunk,123.4536341,41.8311781
423529091,0,primary,123.4648055,41.8157417
423529091,1,primary,123.4643179,41.815479
423529093,0,primary,123.46447,41.8153872
423529093,1,primary,123.464907,41.8156146
423529096,0,primary,123.3651648,41.8181007
423529096,1,primary,123.3647392,41.8175444
423529097,0,primary,123.3662137,41.8197203
423529097,1,primary,123.3657247,41.8187649
423529097,2,primary,123.3651648,41.8181007
423529100,0,primary,123.3930908,41.8355131
423529100,1,primary,123.3930376,41.8361145
423529120,0,trunk,123.4127646,41.8425561
423529120,1,trunk,123.4127885,41.8421256
441257132,0,trunk,123.4769164,41.7870828
441257132,1,trunk,123.4769697,41.7871813
441257132,2,trunk,123.4777526,41.7886046
441257132,3,trunk,123.4779921,41.7892479
441257132,4,trunk,123.4783176,41.7904762
441257132,5,trunk,123.4788981,41.7924089
441257132,6,trunk,123.4793991,41.7943154
441257132,7,trunk,123.4796879,41.7955657
441257132,8,trunk,123.4802051,41.7976881
441257132,9,trunk,123.4804993,41.7987148
441257132,10,trunk,123.4806019,41.7989533
441257132,11,trunk,123.4807358,41.7992228
441257132,12,trunk,123.4812341,41.799984
441257132,13,trunk,123.4825111,41.8017923
441257132,14,trunk,123.4827066,41.8021313
441257132,15,trunk,123.4830249,41.8025922
441257132,16,trunk,123.4831802,41.8030642
441257132,17,trunk,123.4832626,41.8034801
441257132,18,trunk,123.4832889,41.803896
441257136,0,trunk,123.4580856,41.8299115
441257136,1,trunk,123.4547461,41.8308783
441257136,2,trunk,123.45425,41.8310219
441257145,0,primary,123.4225333,41.8323213
441257145,1,primary,123.4227755,41.8312623
441257145,2,primary,123.4229159,41.8308192
441257145,3,primary,123.4230128,41.8304336
441257145,4,primary,123.4230425,41.8301441
441257146,0,trunk,123.4231413,41.8300262
441257146,1,trunk,123.420802,41.8299119
441257146,2,trunk,123.4191578,41.8298779
441257147,0,trunk,123.4231089,41.8299472
441257147,1,trunk,123.4250653,41.8300444
441257147,2,trunk,123.4267243,41.8301478
441257147,3,trunk,123.426982,41.8301562
441257149,0,primary,123.4230425,41.8301441
441257149,1,primary,123.4230971,41.8298731
441257150,0,primary,123.393517,41.8287412
441257150,1,primary,123.3897582,41.8285261
441257150,2,primary,123.3847106,41.8282848
441257150,3,primary,123.3846003,41.8282795
441257150,4,primary,123.3797636,41.8280647
441257150,5,primary,123.376449,41.8278753
441257150,6,primary,123.3702638,41.8276355
441257150,7,primary,123.369773,41.8275754
441257152,0,trunk,123.3976764,41.8287386
441257152,1,trunk,123.4020509,41.8289767
441257152,2,trunk,123.402647,41.8289856
441257155,0,primary,123.3499863,41.7979689
441257155,1,primary,123.3480611,41.7987097
441257155,2,primary,123.3476662,41.7988243
441257155,3,primary,123.3469723,41.7990106
441257155,4,primary,123.3458897,41.7993013
441257155,5,primary,123.3456572,41.7993612
441257155,6,primary,123.3433843,41.7999471
441257155,7,primary,123.3430056,41.8000442
441257156,0,primary,123.3498814,41.7978427
441257156,1,primary,123.3486122,41.7960499
441257156,2,primary,123.3470588,41.7940414
441257156,3,primary,123.3454558,41.7919201
441257156,4,primary,123.3441718,41.7902208
441257156,5,primary,123.3429535,41.7886278
441257156,6,primary,123.3419576,41.7873333
441257156,7,primary,123.3400599,41.7848665
441257156,8,primary,123.3393425,41.7839339
441257156,9,primary,123.3390313,41.7834539
441257156,10,primary,123.3387309,41.7829259
441257156,11,primary,123.3382667,41.7818605
441257156,12,primary,123.3356639,41.7761224
441257157,0,primary,123.3498814,41.7978427
441257157,1,primary,123.3500989,41.7977506
441257157,2,primary,123.3534809,41.796319
441257157,3,primary,123.3560085,41.7952288
441257157,4,primary,123.3582825,41.794255
441257157,5,primary,123.3600504,41.7934881
441257157,6,primary,123.362213,41.7925647
441257157,7,primary,123.3642121,41.7917036
441257157,8,primary,123.3642951,41.7916678
441257157,9,primary,123.3644635,41.7915953
441257158,0,primary,123.369867,41.8273851
441257158,1,primary,123.3702692,41.8274276
441257158,2,primary,123.3728441,41.8275315
441257158,3,primary,123.3749317,41.8276423
441257158,4,primary,123.3750638,41.8276494
441257158,5,primary,123.3796974,41.8278954
441257158,6,primary,123.3806121,41.8279311
441257158,7,primary,123.3846122,41.8280986
441257158,8,primary,123.3847294,41.8281045
441257158,9,primary,123.3868419,41.8282112
441257158,10,primary,123.3897835,41.8283381
441257158,11,primary,123.3935269,41.8285771
441257159,0,primary,123.369773,41.8275754
441257159,1,primary,123.3695074,41.8271478
441257159,2,primary,123.3691099,41.8263154
441257159,3,primary,123.3690161,41.8261778
441257159,4,primary,123.3674736,41.8226236
441257159,5,primary,123.3662137,41.8197203
441257161,0,primary,123.3639143,41.8161557
441257161,1,primary,123.364933,41.8174865
441257163,0,primary,123.3637562,41.8162146
441257163,1,primary,123.3636643,41.8160936
441257163,2,primary,123.3636127,41.8160248
441257163,3,primary,123.3612658,41.8128643
441257163,4,primary,123.3594798,41.8105122
441257163,5,primary,123.3593303,41.8103128
441257163,6,primary,123.359148,41.8100709
441257163,7,primary,123.3586857,41.8094574
441257163,8,primary,123.3586122,41.809349
441257163,9,primary,123.3575121,41.8078827
441257163,10,primary,123.3560491,41.8059326
441257163,11,primary,123.3550067,41.8045589
441257163,12,primary,123.3529258,41.801823
441257163,13,primary,123.3520546,41.8006807
441257163,14,primary,123.3514101,41.7998358
441257163,15,primary,123.3499863,41.7979689
441257163,16,primary,123.3498814,41.7978427
441263468,0,trunk,123.4743296,41.7735434
441263468,1,trunk,123.4770435,41.7712119
441263468,2,trunk,123.4776082,41.7707592
441263468,3,trunk,123.4786879,41.7698879
441263468,4,trunk,123.4811353,41.7677878
441263468,5,trunk,123.4841392,41.7651914
441263468,6,trunk,123.484993,41.7644588
441263468,7,trunk,123.4856863,41.7638969
441263468,8,trunk,123.4870052,41.7627762
441263468,9,trunk,123.4875248,41.7622551
441263468,10,trunk,123.4878101,41.7619137
441263468,11,trunk,123.4880813,41.7615724
441263468,12,trunk,123.4883279,41.7611964
441263468,13,trunk,123.4884807,41.7609634
441263468,14,trunk,123.4885177,41.7609071
441263468,15,trunk,123.488656,41.7606804
441263468,16,trunk,123.4889825,41.7600671
444825778,0,trunk,123.5315465,41.8141189
444825778,1,trunk,123.5313175,41.8151458
444834653,0,trunk,123.537351,41.7970413
444834653,1,trunk,123.5396238,41.7981801
444834653,2,trunk,123.540071,41.7984331
444834654,0,trunk,123.4660384,41.848786
444834654,1,trunk,123.466808,41.8485496
444834656,0,trunk,123.3475672,41.8455914
444834656,1,trunk,123.3479822,41.8459613
444834656,2,trunk,123.3484333,41.8462748
444834656,3,trunk,123.3492562,41.8467804
444834656,4,trunk,123.3498725,41.8470477
444834656,5,trunk,123.3504608,41.8472594
444834656,6,trunk,123.3513062,41.8476072
444834657,0,trunk,123.3512578,41.8477105
444834657,1,trunk,123.3496881,41.8470869
444834657,2,trunk,123.3490453,41.8468011
444834657,3,trunk,123.3485407,41.8464668
444834657,4,trunk,123.3481879,41.8462374
444834657,5,trunk,123.3477205,41.8458788
444834657,6,trunk,123.3474711,41.8456406
444834657,7,trunk,123.3469111,41.8447981
444834658,0,trunk,123.3204212,41.7792546
444834658,1,trunk,123.3204115,41.7752657
444834658,2,trunk,123.3204171,41.775134
444834658,3,trunk,123.3204299,41.7750244
444834658,4,trunk,123.3204413,41.7749426
444834658,5,trunk,123.3204582,41.7748552
444834658,6,trunk,123.3204777,41.7747911
444834658,7,trunk,123.320517,41.774689
444834659,0,trunk,123.4661029,41.848907
444834659,1,trunk,123.4633948,41.8497
455310686,0,motorway,123.2678059,41.794848
455310686,1,motorway,123.2684254,41.7968014
455310687,0,motorway,123.2689082,41.7997316
455310687,1,motorway,123.2674581,41.7949417
457631976,0,primary,123.4367384,41.7753846
457631976,1,primary,123.4367111,41.7749801
457631977,0,primary,123.4367754,41.7758337
457631977,1,primary,123.4367715,41.7757165
457631977,2,primary,123.4367384,41.7753846
457632006,0,trunk,123.4767087,41.7867602
457632006,1,trunk,123.4769164,41.7870828
457632007,0,trunk,123.4767758,41.7871404
457632007,1,trunk,123.4765568,41.7868072
457632045,0,primary,123.3327041,41.7768504
457632045,1,primary,123.3323554,41.7769324
457632046,0,primary,123.3323554,41.7769324
457632046,1,primary,123.3321135,41.7769293
457632047,0,primary,123.3426863,41.800126
457632047,1,primary,123.3425113,41.800152
457632048,0,primary,123.3430056,41.8000442
457632048,1,primary,123.3426863,41.800126
457632049,0,primary,123.3426397,41.7999922
457632049,1,primary,123.3429476,41.7999122
457632050,0,primary,123.3424191,41.8000725
457632050,1,primary,123.3426397,41.7999922
457632055,0,trunk,123.3472344,41.8210245
457632055,1,trunk,123.3518232,41.8198155
457632055,2,trunk,123.3591562,41.8178587
457632055,3,trunk,123.3603279,41.8174911
457632055,4,trunk,123.3634613,41.816178
457632055,5,trunk,123.3639464,41.8159779
457632055,6,trunk,123.3671975,41.8146169
457632055,7,trunk,123.3700462,41.8134186
457632055,8,trunk,123.3708777,41.8130428
457632055,9,trunk,123.371486,41.8128324
457632055,10,trunk,123.3721872,41.8126792
457632055,11,trunk,123.3722071,41.812675
457632055,12,trunk,123.3778143,41.8114966
457632055,13,trunk,123.3806236,41.810868
457632056,0,trunk,123.3297742,41.8253012
457632056,1,trunk,123.3301702,41.8252105
457632056,2,trunk,123.3353535,41.8239666
457632056,3,trunk,123.3383039,41.8232703
457632056,4,trunk,123.3421314,41.8222788
457632056,5,trunk,123.3423004,41.8222377
457632056,6,trunk,123.3423542,41.8222246
457632056,7,trunk,123.3425008,41.8221889
457632056,8,trunk,123.3447987,41.8216296
457632056,9,trunk,123.3467564,41.8211248
457632056,10,trunk,123.3468086,41.8211138
457632056,11,trunk,123.3472344,41.8210245
482693994,0,trunk,123.4765568,41.7868072
482693994,1,trunk,123.4762474,41.7863348
482693994,2,trunk,123.4759984,41.7859808
482693994,3,trunk,123.4756266,41.7855894
482693994,4,trunk,123.4751564,41.7851853
482693994,5,trunk,123.4741572,41.7845264
482693994,6,trunk,123.4709284,41.782393
482693994,7,trunk,123.4671652,41.779928
482693994,8,trunk,123.4668777,41.7797388
482693994,9,trunk,123.4644843,41.7781661
503405581,0,trunk,123.4828373,41.8051944
503405581,1,trunk,123.482899,41.8050258
503405581,2,trunk,123.4829214,41.8049646
503405581,3,trunk,123.482957,41.8048106
503405581,4,trunk,123.4830243,41.8045188
503405581,5,trunk,123.4830381,41.8043991
503405581,6,trunk,123.4830935,41.8039205
503405582,0,trunk,123.4829809,41.805229
503405582,1,trunk,123.4821716,41.8070047
509132457,0,trunk,123.5641922,41.781568
509132457,1,trunk,123.5650485,41.7808426
509132457,2,trunk,123.5654844,41.7804778
509132457,3,trunk,123.5657777,41.7802592
509132457,4,trunk,123.5660916,41.780029
509132457,5,trunk,123.5664396,41.7797978
509132457,6,trunk,123.5665719,41.7797215
509132457,7,trunk,123.5668231,41.7795767
509132457,8,trunk,123.5675193,41.7791803
509132457,9,trunk,123.5680401,41.7789119
509132457,10,trunk,123.5690029,41.778488
509132457,11,trunk,123.5694489,41.778317
509132457,12,trunk,123.5698768,41.7781525
509132457,13,trunk,123.5702059,41.7780456
509132457,14,trunk,123.5706065,41.777917
509132457,15,trunk,123.5710396,41.7777972
509132457,16,trunk,123.5721124,41.7775318
509132457,17,trunk,123.5723746,41.7774777
509132457,18,trunk,123.5727668,41.7774043
509132457,19,trunk,123.5731795,41.7773387
509132457,20,trunk,123.5735674,41.7772859
509132457,21,trunk,123.5739533,41.777249
509132457,22,trunk,123.574415,41.7772055
509132457,23,trunk,123.574917,41.7771714
509132457,24,trunk,123.575486,41.7771523
509132457,25,trunk,123.5771781,41.7771413
509132457,26,trunk,123.5777407,41.7771322
509132457,27,trunk,123.5780509,41.7771205
509132457,28,trunk,123.5784583,41.7771021
509132457,29,trunk,123.5791088,41.7770626
509132457,30,trunk,123.579573,41.7770183
509132457,31,trunk,123.5800505,41.7769672
509132457,32,trunk,123.5805475,41.7768874
509132457,33,trunk,123.5809661,41.7768188
509132457,34,trunk,123.5818372,41.776671
509132457,35,trunk,123.5825395,41.7765122
509132457,36,trunk,123.5831988,41.7763435
509132457,37,trunk,123.5839159,41.7761324
509132457,38,trunk,123.5845868,41.7759043
509132457,39,trunk,123.5852947,41.7756487
509132457,40,trunk,123.5863027,41.7752233
509132457,41,trunk,123.5889656,41.774022
509132457,42,trunk,123.5911021,41.7729538
509132457,43,trunk,123.5934112,41.7715016
509132457,44,trunk,123.5935583,41.7714027
509132457,45,trunk,123.5940942,41.7711237
511496358,0,primary,123.4824175,41.7188313
511496358,1,primary,123.4831631,41.7179984
511496362,0,primary,123.4656614,41.7468752
511496362,1,primary,123.4654774,41.7449118
511496362,2,primary,123.465455,41.7444523
511496362,3,primary,123.4654814,41.7433641
511496362,4,primary,123.465466,41.7431042
511496362,5,primary,123.4654581,41.7429712
511496362,6,primary,123.4654526,41.7429145
511496362,7,primary,123.4654462,41.7428484
511496362,8,primary,123.4654329,41.7427103
511496362,9,primary,123.4654277,41.7426736
511496362,10,primary,123.465313,41.7415805
511496362,11,primary,123.4652782,41.740905
511496362,12,primary,123.4650961,41.7369656
511496362,13,primary,123.4650972,41.7363404
511496362,14,primary,123.4650977,41.7360852
511496367,0,trunk,123.4359259,41.748791
511496367,1,trunk,123.4364413,41.7484046
511496367,2,trunk,123.4366229,41.7482663
511496367,3,trunk,123.4366984,41.7482088
511496367,4,trunk,123.4370293,41.7479447
511496367,5,trunk,123.4411186,41.7446815
518277421,0,primary,123.4369834,41.775824
518277421,1,primary,123.4370261,41.7761185
518277421,2,primary,123.437107,41.7774267
518277421,3,primary,123.4372357,41.7793929
518277421,4,primary,123.4372535,41.7795251
518277421,5,primary,123.4373178,41.7802052
518277421,6,primary,123.4373572,41.7803561
518277421,7,primary,123.4373929,41.7804932
518277421,8,primary,123.4375753,41.7807492
518277421,9,primary,123.4389393,41.7821366
518277421,10,primary,123.4394892,41.7826701
518277421,11,primary,123.4404886,41.7836722
518277421,12,primary,123.4410321,41.7842167
518277421,13,primary,123.4419098,41.7850613
518277421,14,primary,123.4420711,41.7852913
518277421,15,primary,123.4421773,41.7854495
518277421,16,primary,123.4422427,41.7855865
518277421,17,primary,123.4422852,41.78572
518277421,18,primary,123.4429586,41.7876068
518277422,0,primary,123.4369424,41.7749785
518277422,1,primary,123.4369634,41.7753807
518277423,0,primary,123.4369634,41.7753807
518277423,1,primary,123.4369724,41.7755109
518277423,2,primary,123.4369717,41.775709
518277423,3,primary,123.4369834,41.775824
518277424,0,primary,123.4426421,41.7905992
518277424,1,primary,123.4426103,41.7907421
518277424,2,primary,123.4425727,41.7909074
518277424,3,primary,123.4425588,41.7911556
518277424,4,primary,123.4424617,41.7950674
518277424,5,primary,123.4424356,41.7952446
518277424,6,primary,123.4423856,41.7989849
518277424,7,primary,123.4424044,41.8003537
518277424,8,primary,123.4424631,41.8019439
518277424,9,primary,123.4424876,41.8021627
518277424,10,primary,123.4426074,41.8025702
518277424,11,primary,123.4427243,41.8027469
543998992,0,primary,123.4261975,41.7689868
543998992,1,primary,123.4316973,41.7688194
543998992,2,primary,123.432101,41.7688092
543998992,3,primary,123.4332021,41.7687662
543998992,4,primary,123.4338844,41.7687641
543998992,5,primary,123.4364059,41.7686991
543998992,6,primary,123.4366363,41.7686932
543998992,7,primary,123.4385247,41.7686468
543998992,8,primary,123.4399842,41.7686137
543998992,9,primary,123.4422634,41.7685523
543998992,10,primary,123.4435129,41.7685209
543998992,11,primary,123.4467449,41.7684452
543998992,12,primary,123.4471004,41.7684369
543998992,13,primary,123.4479426,41.7684142
543998992,14,primary,123.4480509,41.7684121
543998992,15,primary,123.4499475,41.768358
543998992,16,primary,123.4523161,41.768282
543998993,0,primary,123.4250086,41.7691012
543998993,1,primary,123.4240605,41.7691335
543998993,2,primary,123.4216193,41.769162
543998993,3,primary,123.4215064,41.7691653
543998993,4,primary,123.4184671,41.7692655
543998993,5,primary,123.4180486,41.7693075
543998993,6,primary,123.4175739,41.7693908
543998993,7,primary,123.4170266,41.7695252
543998993,8,primary,123.4139366,41.7708773
544784289,0,trunk,123.3082875,41.7772805
544784289,1,trunk,123.3084399,41.7772639
544784289,2,trunk,123.3096997,41.7770591
544784289,3,trunk,123.3137313,41.7764038
544784290,0,trunk,123.2992673,41.778699
544784290,1,trunk,123.2994006,41.7786793
544784290,2,trunk,123.2997799,41.7786233
544784291,0,primary,123.2393064,41.7768583
544784291,1,primary,123.2393502,41.77651
544784291,2,primary,123.2393478,41.7750106
544784291,3,primary,123.2393716,41.7730925
544784291,4,primary,123.2393184,41.769389
544784291,5,primary,123.2392516,41.7662281
544784291,6,primary,123.2393206,41.7640587
544784291,7,primary,123.2392823,41.7638993
544784291,8,primary,123.2392059,41.7637778
544784291,9,primary,123.2391487,41.763693
544784291,10,primary,123.2389987,41.7635326
544784292,0,primary,123.2394214,41.7831483
544784292,1,primary,123.2394069,41.7830751
544784292,2,primary,123.2393482,41.7775496
544785866,0,primary,123.3543689,41.7781804
544785866,1,primary,123.3545653,41.7781838
544785866,2,primary,123.356004,41.7782697
544785866,3,primary,123.3568136,41.7783809
544785866,4,primary,123.3574607,41.7784838
544785866,5,primary,123.3579024,41.7785991
544785866,6,primary,123.3602929,41.7793108
544785866,7,primary,123.3612172,41.7796078
544785866,8,primary,123.362093,41.7797575
544785866,9,primary,123.363106,41.7797511
544785866,10,primary,123.3635691,41.7797446
544785866,11,primary,123.3685172,41.7796567
544785866,12,primary,123.372083,41.7794536
544785866,13,primary,123.3723672,41.7794424
544785866,14,primary,123.3726212,41.7794258
544785866,15,primary,123.3729349,41.7794046
544785866,16,primary,123.374113,41.7793208
544785866,17,primary,123.3763042,41.7788627
544785866,18,primary,123.3767518,41.7788269
544785866,19,primary,123.3787734,41.7784519
544785866,20,primary,123.3797271,41.7781467
544785866,21,primary,123.3799492,41.7780668
544785868,0,primary,123.3326101,41.7767295
544785868,1,primary,123.3328633,41.7766633
544785868,2,primary,123.3356352,41.7759289
544785868,3,primary,123.3358405,41.7758735
544785868,4,primary,123.3369676,41.7755581
544785868,5,primary,123.3370251,41.7755568
544785868,6,primary,123.3381426,41.7755312
544785868,7,primary,123.3394285,41.7757097
544785868,8,primary,123.3409256,41.776135
544785868,9,primary,123.3417935,41.7763816
544785868,10,primary,123.3448533,41.7772508
544785868,11,primary,123.3456323,41.7774683
544785868,12,primary,123.3456484,41.7774728
544785868,13,primary,123.3457521,41.7775017
544785868,14,primary,123.3464404,41.7776939
544785868,15,primary,123.3481082,41.7779264
544785868,16,primary,123.3494885,41.7779853
544785868,17,primary,123.3494992,41.7779858
544785868,18,primary,123.3511184,41.778057
544785868,19,primary,123.3542084,41.7781518
544785868,20,primary,123.3543689,41.7781804
544785869,0,primary,123.3323471,41.7767736
544785869,1,primary,123.3326101,41.7767295
544785870,0,primary,123.3321394,41.7767709
544785870,1,primary,123.3323471,41.7767736
544785871,0,primary,123.3259438,41.7760273
544785871,1,primary,123.326747,41.776087
544785871,2,primary,123.3275665,41.7761406
544785871,3,primary,123.327667,41.7761437
544785871,4,primary,123.3278454,41.7761494
544785871,5,primary,123.3284584,41.7761943
544785871,6,primary,123.3292508,41.7763068
544785871,7,primary,123.3293722,41.7763241
544785871,8,primary,123.3319153,41.7767347
544785871,9,primary,123.3320356,41.7767541
544785871,10,primary,123.3321394,41.7767709
544993388,0,primary,123.3661403,41.7497037
544993388,1,primary,123.3657858,41.7497414
544993388,2,primary,123.3654707,41.7497506
544993388,3,primary,123.3648953,41.7497412
544993388,4,primary,123.3640128,41.7497233
544993388,5,primary,123.3633861,41.7497142
544993388,6,primary,123.3629915,41.7497135
544993388,7,primary,123.3624417,41.7497126
544993388,8,primary,123.3618953,41.7497166
544993388,9,primary,123.3614512,41.749712
544993388,10,primary,123.361041,41.7496958
544993388,11,primary,123.3605968,41.7496692
544993388,12,primary,123.3603014,41.749633
544993388,13,primary,123.3599368,41.7495728
544993388,14,primary,123.3592472,41.7494362
544993388,15,primary,123.3555717,41.7483046
544993388,16,primary,123.3513224,41.7470024
544993388,17,primary,123.3476453,41.7458762
544993388,18,primary,123.3439686,41.7447705
544993388,19,primary,123.3438452,41.7447334
544993388,20,primary,123.3404385,41.7437137
544993388,21,primary,123.3394219,41.7434159
544993388,22,primary,123.3378692,41.7430243
544993388,23,primary,123.3367198,41.7427086
544993388,24,primary,123.3362068,41.7425583
544993388,25,primary,123.3357266,41.742401
544993388,26,primary,123.3353067,41.7422526
544993388,27,primary,123.3349323,41.742102
544993388,28,primary,123.334559,41.7419574
544993388,29,primary,123.3342852,41.7418363
544993388,30,primary,123.3339951,41.7417179
544993388,31,primary,123.3337022,41.7415731
544993388,32,primary,123.3330981,41.7412568
544993388,33,primary,123.3327931,41.7411074
544993388,34,primary,123.3327007,41.7410683
544993388,35,primary,123.3326021,41.7410339
544993388,36,primary,123.332408,41.7409879
544993388,37,primary,123.3322508,41.7409465
544993388,38,primary,123.3319797,41.740866
544993388,39,primary,123.3318904,41.7408269
544993388,40,primary,123.3318133,41.7407787
544993388,41,primary,123.3317425,41.7407212
544993388,42,primary,123.3316624,41.7406545
544993388,43,primary,123.3315484,41.7405787
544993388,44,primary,123.3304053,41.739997
544993388,45,primary,123.3294286,41.7394958
544993388,46,primary,123.3290311,41.7392567
544993388,47,primary,123.3282979,41.7388406
544993388,48,primary,123.3255056,41.7374578
544993388,49,primary,123.3236763,41.736576
544993388,50,primary,123.3222336,41.7358828
544993388,51,primary,123.3200283,41.7347459
544993388,52,primary,123.3184416,41.7339435
544993388,53,primary,123.3163187,41.7328651
544993388,54,primary,123.3155596,41.7324974
544993388,55,primary,123.3154265,41.7324298
544993388,56,primary,123.3144455,41.7319523
544993388,57,primary,123.3121285,41.7308004
544993388,58,primary,123.3098978,41.7296898
544993388,59,primary,123.3073529,41.7284159
544993388,60,primary,123.3057939,41.7276456
544993388,61,primary,123.3051931,41.7273352
544993388,62,primary,123.3049558,41.7272018
544993388,63,primary,123.3047864,41.7271029
544993388,64,primary,123.3045491,41.7269466
544993388,65,primary,123.3040038,41.7265948
544993388,66,primary,123.3037511,41.7264384
544993388,67,primary,123.3036419,41.7263789
544993388,68,primary,123.3034769,41.7262889
544993388,69,primary,123.3026173,41.7258497
544993388,70,primary,123.3011127,41.7251057
544993388,71,primary,123.3010248,41.7250623
544993389,0,primary,123.3013254,41.7249355
544993389,1,primary,123.3013845,41.7249653
544993389,2,primary,123.3023348,41.7254439
544993389,3,primary,123.3039427,41.7262326
544993389,4,primary,123.303991,41.7262563
544993389,5,primary,123.3047415,41.7266344
544993389,6,primary,123.3066774,41.7276024
544993389,7,primary,123.3097535,41.7291383
544993389,8,primary,123.314292,41.7313976
544993389,9,primary,123.3156228,41.7321764
544993389,10,primary,123.3157447,41.7322539
544993389,11,primary,123.3182254,41.7335186
544993389,12,primary,123.3224313,41.735659
544993389,13,primary,123.3257027,41.737258
544993389,14,primary,123.3281058,41.7385173
544993389,15,primary,123.329222,41.7390098
544993389,16,primary,123.3300002,41.7393531
544993389,17,primary,123.3303697,41.739513
544993389,18,primary,123.331085,41.7398722
544993389,19,primary,123.3319915,41.7402999
544993389,20,primary,123.332153,41.7403855
544993389,21,primary,123.3326426,41.7407099
544993389,22,primary,123.3328141,41.7408059
544993389,23,primary,123.3339616,41.7413596
544993389,24,primary,123.3342547,41.7415175
544993390,0,primary,123.3470532,41.7340674
544993390,1,primary,123.3477918,41.7336966
544993390,2,primary,123.3478314,41.7336755
544993390,3,primary,123.3553286,41.7296836
544993390,4,primary,123.355427,41.7296312
544993390,5,primary,123.3598854,41.7272572
544993390,6,primary,123.3629196,41.7256966
544993390,7,primary,123.363125,41.725591
544993390,8,primary,123.3633922,41.7254536
544993390,9,primary,123.3656704,41.7244884
544993390,10,primary,123.3676714,41.7237808
544993390,11,primary,123.370863,41.7230084
544993391,0,primary,123.3195309,41.7527726
544993391,1,primary,123.3204854,41.7520458
544993391,2,primary,123.3217111,41.7511126
544993391,3,primary,123.3220338,41.750818
544993391,4,primary,123.3224815,41.7504092
544993391,5,primary,123.3241755,41.7490314
544993391,6,primary,123.324586,41.7486969
544993391,7,primary,123.3278948,41.7461921
544993391,8,primary,123.3309514,41.7437631
544993391,9,primary,123.3337022,41.7415731
544993391,10,primary,123.3339616,41.7413596
544993392,0,primary,123.3339616,41.7413596
544993392,1,primary,123.3344374,41.7409555
544993392,2,primary,123.3346624,41.7407768
544993392,3,primary,123.334806,41.7406669
544993392,4,primary,123.3350106,41.7405155
544993392,5,primary,123.3353725,41.7403454
544993393,0,primary,123.3353725,41.7403454
544993393,1,primary,123.3356087,41.7401967
544993393,2,primary,123.3357603,41.7401061
544993393,3,primary,123.3359247,41.7400116
544993393,4,primary,123.3384077,41.7386617
544993393,5,primary,123.3392657,41.7381953
544993393,6,primary,123.3394117,41.7381165
544993393,7,primary,123.3445691,41.7353341
544993393,8,primary,123.3470532,41.7340674
544993394,0,trunk,123.3862456,41.7148376
544993394,1,trunk,123.3864961,41.7156824
544993394,2,trunk,123.3867359,41.7164911
544993394,3,trunk,123.3870128,41.717478
544993394,4,trunk,123.3872288,41.7182478
544993394,5,trunk,123.3874264,41.7190084
544993394,6,trunk,123.3876857,41.7201734
544993394,7,trunk,123.387726,41.7206499
544993394,8,trunk,123.3877221,41.7211532
544993394,9,trunk,123.387668,41.7217348
544993394,10,trunk,123.387602,41.7221286
544993394,11,trunk,123.3875179,41.7225089
544993394,12,trunk,123.387041,41.7236773
544993394,13,trunk,123.3865988,41.7246763
544993394,14,trunk,123.3864486,41.7250452
544993394,15,trunk,123.385424,41.727562
544993394,16,trunk,123.3851794,41.7281981
544993394,17,trunk,123.3842868,41.7303933
544993394,18,trunk,123.3839366,41.7312637
544993394,19,trunk,123.3832029,41.7330795
544993394,20,trunk,123.3822323,41.735547
544993394,21,trunk,123.3815245,41.7372016
544993394,22,trunk,123.3812981,41.7378162
544993395,0,trunk,123.3836618,41.7215526
544993395,1,trunk,123.3834032,41.7215901
544993395,2,trunk,123.3822683,41.7217009
544993395,3,trunk,123.3807486,41.7219346
544993395,4,trunk,123.3801397,41.7220282
544993395,5,trunk,123.3779012,41.7223706
544993395,6,trunk,123.3764024,41.7225263
544993396,0,trunk,123.564076,41.781864
544993396,1,trunk,123.5586743,41.7864326
544993396,2,trunk,123.5586227,41.7864762
544993396,3,trunk,123.5571128,41.7877532
544993396,4,trunk,123.5565511,41.7882246
544993396,5,trunk,123.5547718,41.7897178
544993397,0,trunk,123.5940942,41.7711237
544993397,1,trunk,123.5937111,41.7715246
544993397,2,trunk,123.5935646,41.7716145
544993397,3,trunk,123.5911754,41.7730626
544993397,4,trunk,123.5902341,41.7735572
544993397,5,trunk,123.5889183,41.7741976
544993397,6,trunk,123.5856155,41.7756609
544993397,7,trunk,123.5850211,41.7758898
544993397,8,trunk,123.5843945,41.7761071
544993397,9,trunk,123.5834564,41.7763799
544993397,10,trunk,123.5827825,41.7765608
544993397,11,trunk,123.582034,41.7767346
544993397,12,trunk,123.5811386,41.7769044
544993397,13,trunk,123.5805424,41.7769965
544993397,14,trunk,123.5799144,41.777083
544993397,15,trunk,123.5790232,41.7771712
544993397,16,trunk,123.5785435,41.7772052
544993397,17,trunk,123.578081,41.7772252
544993397,18,trunk,123.5774791,41.7772436
544993397,19,trunk,123.5768665,41.7772461
544993397,20,trunk,123.5751925,41.7772665
544993397,21,trunk,123.5746689,41.7772944
544993397,22,trunk,123.5742014,41.7773346
544993397,23,trunk,123.5736767,41.7773877
544993397,24,trunk,123.5731302,41.7774677
544993397,25,trunk,123.5726518,41.7775407
544993397,26,trunk,123.572186,41.7776315
544993397,27,trunk,123.5714073,41.7778118
544993397,28,trunk,123.5709442,41.7779296
544993397,29,trunk,123.5701983,41.778154
544993397,30,trunk,123.5692188,41.7785055
544993397,31,trunk,123.5681115,41.7789825
544993397,32,trunk,123.5671051,41.7795368
544993397,33,trunk,123.5667161,41.7797637
544993397,34,trunk,123.5663166,41.7800266
544993397,35,trunk,123.5659465,41.7802873
544993397,36,trunk,123.5656328,41.7805292
544993397,37,trunk,123.565297,41.7807985
544993397,38,trunk,123.5643201,41.7816547
545028438,0,trunk,123.3098057,41.836003
545028438,1,trunk,123.3095357,41.8338798
545028438,2,trunk,123.3095754,41.8329638
545028438,3,trunk,123.3097935,41.8322919
545028438,4,trunk,123.3100836,41.8316959
545028438,5,trunk,123.310459,41.831184
545028438,6,trunk,123.31089,41.8307655
545028438,7,trunk,123.3113699,41.8303518
545028438,8,trunk,123.3119443,41.8299683
545028438,9,trunk,123.3125713,41.8296722
545028438,10,trunk,123.3135097,41.8293359
545028438,11,trunk,123.3162404,41.828702
545028438,12,trunk,123.3168643,41.8285508
545028439,0,trunk,123.3298271,41.8254505
545028439,1,trunk,123.3250256,41.8266553
545028439,2,trunk,123.3249433,41.8266759
545028439,3,trunk,123.3228809,41.8271935
545028439,4,trunk,123.3222965,41.8273401
545028439,5,trunk,123.3187267,41.8281937
545028439,6,trunk,123.3175649,41.8284715
545028439,7,trunk,123.3175188,41.8284825
545028439,8,trunk,123.3169115,41.828659
545028440,0,trunk,123.2696107,41.84817
545028440,1,trunk,123.2705682,41.8471504
545028440,2,trunk,123.2708837,41.8468395
545028440,3,trunk,123.2710934,41.8466511
545028440,4,trunk,123.2712395,41.8465344
545028440,5,trunk,123.271406,41.8464077
545028440,6,trunk,123.2715602,41.8463042
545028440,7,trunk,123.2718258,41.8461677
545028440,8,trunk,123.2720689,41.8460543
545028440,9,trunk,123.2724099,41.8459152
545028440,10,trunk,123.274566,41.8450885
545028440,11,trunk,123.2766543,41.8442714
545028440,12,trunk,123.2808272,41.8426765
545028440,13,trunk,123.2845213,41.8412523
545028440,14,trunk,123.2856565,41.8408279
545028440,15,trunk,123.2861047,41.8407093
545028440,16,trunk,123.28643,41.8406191
545028440,17,trunk,123.2866751,41.8405651
545028440,18,trunk,123.2870109,41.8405119
545028440,19,trunk,123.2878571,41.8404261
545028440,20,trunk,123.2883518,41.8404183
545028440,21,trunk,123.2887879,41.8404007
545028440,22,trunk,123.2889013,41.8404019
545028440,23,trunk,123.2898211,41.8404124
545028440,24,trunk,123.2901243,41.8404158
545028440,25,trunk,123.294277,41.8403564
545028440,26,trunk,123.2961662,41.8403912
545028440,27,trunk,123.2980731,41.8403836
545028440,28,trunk,123.3042466,41.8403589
545028440,29,trunk,123.3054308,41.8403378
545028440,30,trunk,123.3054586,41.8403351
545028440,31,trunk,123.3055265,41.8403286
545028440,32,trunk,123.3059525,41.840288
545028440,33,trunk,123.3066711,41.8401544
545028440,34,trunk,123.3067397,41.8401316
545028440,35,trunk,123.3069586,41.8400586
545028440,36,trunk,123.3076535,41.8398273
545028440,37,trunk,123.3080526,41.839586
545028440,38,trunk,123.3080797,41.8395696
545028440,39,trunk,123.3081581,41.8395222
545028440,40,trunk,123.3086449,41.8391781
545028440,41,trunk,123.3090387,41.8387302
545028440,42,trunk,123.3094438,41.8381712
545028440,43,trunk,123.3096541,41.8377392
545028440,44,trunk,123.3097735,41.8373041
545028440,45,trunk,123.3098353,41.8368346
545028440,46,trunk,123.3098178,41.8365728
545028440,47,trunk,123.3098057,41.836003
545028442,0,trunk,123.2294844,41.8588308
545028442,1,trunk,123.2305251,41.8585854
545028442,2,trunk,123.2320246,41.8581244
545028442,3,trunk,123.2345154,41.8571716
545028442,4,trunk,123.2362128,41.8565494
545028442,5,trunk,123.2362336,41.8565418
545028442,6,trunk,123.2370795,41.856297
545028442,7,trunk,123.237761,41.8561526
545028442,8,trunk,123.239262,41.8558681
545028442,9,trunk,123.2441837,41.8552348
545028442,10,trunk,123.2516781,41.8542556
545028442,11,trunk,123.2518206,41.8542351
545028442,12,trunk,123.2532237,41.854036
545028442,13,trunk,123.2544936,41.8538705
545028442,14,trunk,123.2559732,41.8536561
545028442,15,trunk,123.2562564,41.8535928
545028442,16,trunk,123.2564564,41.8535396
545028442,17,trunk,123.2567034,41.8534601
545028442,18,trunk,123.2569426,41.8533678
545028442,19,trunk,123.2571948,41.8532624
545028442,20,trunk,123.2577955,41.8529545
545028442,21,trunk,123.2583031,41.8527021
545028442,22,trunk,123.2587874,41.852466
545028442,23,trunk,123.2590078,41.8523671
545028442,24,trunk,123.2599995,41.852021
545028442,25,trunk,123.2610769,41.8516617
545028442,26,trunk,123.2616304,41.8514918
545028442,27,trunk,123.2620834,41.8513593
545028442,28,trunk,123.2625893,41.8512418
545028442,29,trunk,123.2646085,41.8508688
545028442,30,trunk,123.2662718,41.8505485
545028442,31,trunk,123.266721,41.8504031
545028442,32,trunk,123.2672345,41.8502011
545028442,33,trunk,123.2677089,41.849953
545028442,34,trunk,123.2680747,41.849662
545028442,35,trunk,123.2686533,41.8491373
545028442,36,trunk,123.2687368,41.8490627
545028442,37,trunk,123.2692535,41.8485244
545028442,38,trunk,123.2696107,41.84817
545028458,0,primary,123.2076889,41.6844777
545028458,1,primary,123.2072814,41.6840831
545028458,2,primary,123.2059008,41.6830324
545028458,3,primary,123.2045416,41.6819712
545028458,4,primary,123.2039113,41.6815256
545028458,5,primary,123.2033283,41.6812384
545028458,6,primary,123.2026822,41.6809976
545028458,7,primary,123.1996921,41.6802463
545028458,8,primary,123.1992053,41.6800488
545028458,9,primary,123.1983578,41.6795326
545028458,10,primary,123.197871,41.6791196
545028458,11,primary,123.1974984,41.6785989
545028458,12,primary,123.1972579,41.6782039
545028458,13,primary,123.1966629,41.6765923
545028458,14,primary,123.1962242,41.6759997
545028458,15,primary,123.1958515,41.6756137
545028458,16,primary,123.1952686,41.6752007
545028458,17,primary,123.1946615,41.6749044
545028458,18,primary,123.1930817,41.6742721
545028458,19,primary,123.192296,41.6739744
545028458,20,primary,123.1916101,41.6737573
545028458,21,primary,123.1910376,41.6736135
545028458,22,primary,123.1888623,41.6730919
545028458,23,primary,123.1887376,41.6730668
545028458,24,primary,123.1873376,41.6727577
545028458,25,primary,123.1868426,41.672637
545028458,26,primary,123.1864486,41.6725305
545028458,27,primary,123.1861225,41.6724296
545028458,28,primary,123.1857877,41.6723095
545028458,29,primary,123.184937,41.6717888
545028458,30,primary,123.1840234,41.6711468
545028458,31,primary,123.1831413,41.6704108
545028458,32,primary,123.183006,41.670298
545028458,33,primary,123.1829763,41.6702732
545028458,34,primary,123.181389,41.6688618
545028458,35,primary,123.1791311,41.6667531
545028458,36,primary,123.1790667,41.6666929
545028458,37,primary,123.1790431,41.6666709
545028458,38,primary,123.1755983,41.6637185
545028458,39,primary,123.1746466,41.6629253
545028458,40,primary,123.1732624,41.6620528
545028458,41,primary,123.1723422,41.661571
545028458,42,primary,123.1700654,41.6606485
545028458,43,primary,123.169943,41.6605811
545028458,44,primary,123.1694823,41.6603273
545028458,45,primary,123.1687935,41.6599998
545028458,46,primary,123.1677413,41.6594997
545028458,47,primary,123.1672817,41.6593189
545028458,48,primary,123.1667013,41.6591735
545028458,49,primary,123.1661756,41.6590996
545028458,50,primary,123.1655611,41.6590741
545028458,51,primary,123.1645266,41.6591378
545028458,52,primary,123.1607509,41.6593852
545028458,53,primary,123.1603169,41.6593981
545028458,54,primary,123.1595741,41.6593398
545028458,55,primary,123.1570263,41.6589491
545028458,56,primary,123.1555856,41.6588139
545028458,57,primary,123.1546796,41.658816
545028458,58,primary,123.1539019,41.6587606
545028458,59,primary,123.1533347,41.6587043
545028458,60,primary,123.1527984,41.6586238
545028458,61,primary,123.1522425,41.6585025
545028458,62,primary,123.1517036,41.6583596
545028458,63,primary,123.1509381,41.6580867
545028458,64,primary,123.150433,41.6578599
545028458,65,primary,123.1502994,41.6577899
545028458,66,primary,123.14997,41.6576176
545028458,67,primary,123.1496035,41.6573812
545028458,68,primary,123.1493819,41.6572282
545028458,69,primary,123.1484356,41.6565394
545028458,70,primary,123.1481527,41.656343
545028458,71,primary,123.1470441,41.6556868
545028458,72,primary,123.142494,41.653109
545028458,73,primary,123.1409857,41.652218
545028458,74,primary,123.1402683,41.6518027
545028458,75,primary,123.1398757,41.6515823
545028458,76,primary,123.1393639,41.6513263
545028458,77,primary,123.138842,41.6510906
545028458,78,primary,123.1383455,41.6508696
545028458,79,primary,123.1381747,41.650803
545028460,0,primary,123.2963691,41.7237437
545028460,1,primary,123.2957735,41.7237769
545028460,2,primary,123.2954955,41.7238064
545028460,3,primary,123.2951471,41.7238651
545028460,4,primary,123.2947759,41.7239404
545028460,5,primary,123.2944671,41.7240101
545028460,6,primary,123.2941768,41.7240981
545028460,7,primary,123.2937924,41.7242286
545028460,8,primary,123.2933455,41.7243866
545028460,9,primary,123.290529,41.7254352
545028460,10,primary,123.2900267,41.7256447
545028460,11,primary,123.2897265,41.7257762
545028460,12,primary,123.2893302,41.7259677
545028460,13,primary,123.2881677,41.7264999
545028460,14,primary,123.2878302,41.726654
545028460,15,primary,123.2858673,41.7274256
545028461,0,primary,123.2858673,41.7274256
545028461,1,primary,123.2853492,41.7276195
545028462,0,primary,123.2853492,41.7276195
545028462,1,primary,123.2826985,41.7286309
545028462,2,primary,123.2822785,41.7287853
545028462,3,primary,123.281939,41.7289055
545028462,4,primary,123.2817442,41.7289711
545028462,5,primary,123.2815484,41.7290258
545028462,6,primary,123.2813187,41.7290874
545028462,7,primary,123.2809906,41.7291677
545028462,8,primary,123.2803134,41.7292673
545028462,9,primary,123.2800233,41.7292918
545028462,10,primary,123.2798501,41.7292967
545028462,11,primary,123.2795896,41.7292993
545028462,12,primary,123.2793324,41.7292878
545028462,13,primary,123.2791004,41.729273
545028462,14,primary,123.2788799,41.7292566
545028462,15,primary,123.2786229,41.7292257
545028462,16,primary,123.2779286,41.7290935
545028462,17,primary,123.2770105,41.7287778
545028462,18,primary,123.2766792,41.728652
545028462,19,primary,123.2756701,41.7281967
545028462,20,primary,123.2748441,41.727824
545028462,21,primary,123.2743872,41.7276204
545028462,22,primary,123.2740695,41.7274518
545028462,23,primary,123.273411,41.7270926
545028462,24,primary,123.2727117,41.7265906
545028462,25,primary,123.2722861,41.7262851
545028462,26,primary,123.2717537,41.7258823
545028462,27,primary,123.2714633,41.7256627
545028462,28,primary,123.2706987,41.7251164
545028462,29,primary,123.2697836,41.7244402
545028462,30,primary,123.2692657,41.7240574
545028462,31,primary,123.268905,41.7237701
545028462,32,primary,123.2683625,41.7233379
545028462,33,primary,123.2675801,41.7226695
545028462,34,primary,123.2668862,41.722046
545028462,35,primary,123.2659988,41.7213747
545028462,36,primary,123.2652703,41.7207191
545028462,37,primary,123.2649631,41.7203839
545028462,38,primary,123.2646961,41.7200878
545028462,39,primary,123.2642553,41.7195035
545028462,40,primary,123.2634365,41.7183165
545028462,41,primary,123.2633648,41.7182203
545028462,42,primary,123.2628375,41.7173824
545028462,43,primary,123.2611499,41.7149238
545028462,44,primary,123.2608643,41.7144943
545028462,45,primary,123.2604955,41.7137803
545028462,46,primary,123.2593652,41.712119
545028462,47,primary,123.2577419,41.7097323
545028462,48,primary,123.2575989,41.7095241
545028462,49,primary,123.2574619,41.7093212
545028462,50,primary,123.2573229,41.7091164
545028462,51,primary,123.2571857,41.7089261
545028462,52,primary,123.2571112,41.7088215
545028462,53,primary,123.2569949,41.7086771
545028462,54,primary,123.2568129,41.7084635
545028462,55,primary,123.2565534,41.7081729
545028462,56,primary,123.2563384,41.7079393
545028462,57,primary,123.2560945,41.7076803
545028462,58,primary,123.2558722,41.707448
545028462,59,primary,123.2553913,41.7069355
545028462,60,primary,123.2550493,41.7065817
545028462,61,primary,123.2548952,41.7064148
545028462,62,primary,123.2547627,41.7062733
545028462,63,primary,123.2545312,41.7060249
545028462,64,primary,123.2543401,41.7058161
545028462,65,primary,123.2541032,41.7055892
545028462,66,primary,123.2539103,41.7054216
545028462,67,primary,123.253784,41.7053167
545028462,68,primary,123.253639,41.7052235
545028462,69,primary,123.2535033,41.7051529
545028462,70,primary,123.2533471,41.7050732
545028462,71,primary,123.2531694,41.7050098
545028462,72,primary,123.2529852,41.7049558
545028462,73,primary,123.2527825,41.7049087
545028462,74,primary,123.2524826,41.7048671
545028462,75,primary,123.251428,41.7047659
545028462,76,primary,123.2511414,41.7047252
545028462,77,primary,123.2508408,41.7046802
545028462,78,primary,123.2505274,41.7046216
545028462,79,primary,123.2502234,41.7045549
545028462,80,primary,123.2499122,41.704481
545028462,81,primary,123.2493774,41.7043423
545028462,82,primary,123.2468399,41.7036681
545028462,83,primary,123.2448886,41.7031691
545028462,84,primary,123.2437173,41.7028589
545028462,85,primary,123.2424711,41.7024756
545028462,86,primary,123.2410429,41.7020321
545028462,87,primary,123.2387119,41.7013238
545028462,88,primary,123.2379657,41.7010934
545028462,89,primary,123.2356885,41.7003434
545028462,90,primary,123.2350313,41.7000327
545028462,91,primary,123.2344798,41.6997413
545028462,92,primary,123.2331653,41.6988407
545028462,93,primary,123.2323039,41.6981576
545028462,94,primary,123.2309147,41.6972357
545028462,95,primary,123.2298538,41.6966088
545028462,96,primary,123.2292706,41.6963514
545028462,97,primary,123.2285778,41.6961413
545028462,98,primary,123.2277489,41.6960997
545028462,99,primary,123.2268725,41.6961553
545028462,100,primary,123.2265237,41.6962278
545028464,0,trunk,123.2716765,41.7553439
545028464,1,trunk,123.2719784,41.7554096
545028464,2,trunk,123.2723851,41.755469
545028464,3,trunk,123.272601,41.7554878
545028464,4,trunk,123.2728421,41.7555003
545028464,5,trunk,123.2732279,41.7555003
545028464,6,trunk,123.2736849,41.7554752
545028464,7,trunk,123.2753556,41.7553807
545028464,8,trunk,123.2758545,41.7553713
545028464,9,trunk,123.2764415,41.7553995
545028464,10,trunk,123.2774939,41.7555996
545028464,11,trunk,123.2781773,41.7557685
545028464,12,trunk,123.2798083,41.7561001
545028464,13,trunk,123.2818543,41.7565161
545028464,14,trunk,123.2834559,41.7568089
545028464,15,trunk,123.2852608,41.7571838
545028464,16,trunk,123.2856714,41.7572841
545028464,17,trunk,123.2860041,41.7573818
545028464,18,trunk,123.2861986,41.7574662
545028464,19,trunk,123.286505,41.7575933
545028464,20,trunk,123.2880597,41.7583039
545028464,21,trunk,123.2884993,41.7584774
545028464,22,trunk,123.2889389,41.7586211
545028464,23,trunk,123.2893382,41.7587389
545028464,24,trunk,123.2896345,41.7588082
545028464,25,trunk,123.2901251,41.7589229
545028464,26,trunk,123.2911559,41.759074
545028464,27,trunk,123.2951499,41.7594928
545028464,28,trunk,123.2966165,41.7596641
545028464,29,trunk,123.2973852,41.7598033
545028464,30,trunk,123.2980387,41.7599158
545028464,31,trunk,123.3003667,41.76037
545028464,32,trunk,123.301594,41.7606146
545028464,33,trunk,123.3023496,41.7607653
545028464,34,trunk,123.3035291,41.7610004
545028464,35,trunk,123.3050262,41.7613139
545028464,36,trunk,123.3054716,41.7614372
545028464,37,trunk,123.3062493,41.7616753
545028464,38,trunk,123.3067495,41.7618691
545028464,39,trunk,123.3077113,41.7623304
545028466,0,primary,123.3204923,41.6827474
545028466,1,primary,123.319827,41.6755761
545028466,2,primary,123.3193636,41.6709725
545028466,3,primary,123.3188379,41.6658481
545028466,4,primary,123.3190868,41.6647896
545028466,5,primary,123.3200118,41.66124
545028466,6,primary,123.3201198,41.6608843
545028466,7,primary,123.3201465,41.6607897
545028466,8,primary,123.3201738,41.6607045
545028466,9,primary,123.3202099,41.6605638
545028466,10,primary,123.3206187,41.6590956
545028466,11,primary,123.3207723,41.6585644
545028466,12,primary,123.3208853,41.6581294
545028466,13,primary,123.3213161,41.6564587
545028466,14,primary,123.3213784,41.6562118
545028466,15,primary,123.3213983,41.6560633
545028466,16,primary,123.3218811,41.6543287
545028466,17,primary,123.32214,41.6533241
545028466,18,primary,123.3222018,41.6530547
545028466,19,primary,123.3222594,41.6528099
545028466,20,primary,123.3223564,41.6524285
545028466,21,primary,123.3229636,41.6502607
545028466,22,primary,123.3231319,41.6496007
545028466,23,primary,123.3232585,41.6491124
545028466,24,primary,123.3233997,41.6485597
545038033,0,primary,123.4183471,41.8365001
545038033,1,primary,123.4177543,41.83646
545038035,0,primary,123.4226996,41.8323289
545038035,1,primary,123.4226706,41.8328648
545038036,0,primary,123.4232712,41.8301522
545038036,1,primary,123.4231928,41.8303556
545038036,2,primary,123.4226978,41.8322439
545038036,3,primary,123.4226996,41.8323289
545038037,0,primary,123.4232146,41.8147467
545038037,1,primary,123.4232001,41.8155369
545038038,0,primary,123.4232001,41.8155369
545038038,1,primary,123.42317,41.8163808
545038038,2,primary,123.4231887,41.816565
545038039,0,primary,123.4231869,41.8166488
545038039,1,primary,123.4231187,41.8168301
545038039,2,primary,123.4230614,41.8189223
545038039,3,primary,123.4231047,41.8192076
545038039,4,primary,123.4230871,41.8202793
545038039,5,primary,123.4231087,41.8208498
545038039,6,primary,123.4231939,41.8211824
545038041,0,primary,123.429948,41.7813634
545038041,1,primary,123.4299506,41.7814186
545038041,2,primary,123.4299833,41.7821168
545038041,3,primary,123.4299246,41.7822464
545038041,4,primary,123.4290547,41.7838782
545038041,5,primary,123.4286426,41.7847181
545038041,6,primary,123.4282452,41.7856662
545038041,7,primary,123.4270996,41.7887068
545038041,8,primary,123.4266852,41.7897993
545038041,9,primary,123.4263347,41.7906984
545038041,10,primary,123.4261982,41.791068
545038041,11,primary,123.4261237,41.7914343
545038041,12,primary,123.4259232,41.7927649
545038041,13,primary,123.4257379,41.7944526
545038041,14,primary,123.4255268,41.7958675
545038041,15,primary,123.4253501,41.797204
545038041,16,primary,123.4263536,41.7993952
545038041,17,primary,123.426524,41.7998189
545038041,18,primary,123.4266491,41.8002126
545038041,19,primary,123.4266798,41.8004042
545038041,20,primary,123.4267311,41.8006293
545038041,21,primary,123.426667,41.8022858
545038041,22,primary,123.4266773,41.8025772
545038042,0,primary,123.4266773,41.8025772
545038042,1,primary,123.4266893,41.8028104
545038042,2,primary,123.4266551,41.8038333
545038042,3,primary,123.4266167,41.80425
545038042,4,primary,123.426584,41.8047333
545038042,5,primary,123.4265675,41.804814
545038042,6,primary,123.4265475,41.8048922
545038042,7,primary,123.4264622,41.80513
545038042,8,primary,123.426384,41.8053513
545038042,9,primary,123.4262287,41.8056245
545038042,10,primary,123.42594,41.8060319
545038042,11,primary,123.424951,41.8074113
545038042,12,primary,123.4247091,41.8078314
545038042,13,primary,123.4245684,41.8081712
545038042,14,primary,123.4244968,41.8083994
545038042,15,primary,123.4244469,41.8087128
545070743,0,primary,123.4175824,41.6963315
545070743,1,primary,123.4162634,41.6965459
545070743,2,primary,123.4162184,41.6965487
545070748,0,primary,123.3754148,41.6961668
545070748,1,primary,123.3755332,41.6961191
545070748,2,primary,123.378191,41.694981
545070748,3,primary,123.383541,41.6927282
545070748,4,primary,123.3837091,41.6926588
545070748,5,primary,123.3891009,41.6903914
545070748,6,primary,123.3899656,41.6900278
545070748,7,primary,123.3902586,41.6899206
545070748,8,primary,123.3904218,41.6898571
545070748,9,primary,123.3911012,41.6896306
545070748,10,primary,123.3984105,41.6871931
545070748,11,primary,123.399573,41.6868231
545070749,0,primary,123.4157648,41.6822024
545070749,1,primary,123.4150632,41.6822191
545070749,2,primary,123.4133781,41.6822686
545070749,3,primary,123.4124957,41.6823223
545070749,4,primary,123.4118324,41.6823796
545070749,5,primary,123.4111553,41.6825
545070749,6,primary,123.4102373,41.6827179
545070749,7,primary,123.4101523,41.6827493
545070749,8,primary,123.409102,41.6831368
545070749,9,primary,123.4076917,41.6837005
545070749,10,primary,123.4040673,41.6852092
545070749,11,primary,123.4039804,41.6852443
545070749,12,primary,123.4021456,41.6859857
545070749,13,primary,123.4012138,41.6864051
545070749,14,primary,123.400979,41.6864923
545070749,15,primary,123.4007881,41.6865468
545070749,16,primary,123.4005439,41.6866089
545070749,17,primary,123.400222,41.686706
545070749,18,primary,123.3995773,41.6869319
545070751,0,primary,123.4159478,41.6821977
545070751,1,primary,123.4159358,41.6826138
545070751,2,primary,123.4158859,41.6832548
545070751,3,primary,123.4158076,41.6842322
545070751,4,primary,123.4157357,41.6850213
545070751,5,primary,123.4157199,41.6854216
545070751,6,primary,123.4157261,41.6856204
545070751,7,primary,123.4157426,41.685847
545070751,8,primary,123.415776,41.6861048
545070751,9,primary,123.4158108,41.686315
545070751,10,primary,123.4158518,41.6865229
545070751,11,primary,123.4160497,41.6873919
545070751,12,primary,123.4160744,41.6875001
545070751,13,primary,123.4163926,41.6889897
545070751,14,primary,123.4164755,41.6895769
545070751,15,primary,123.4165607,41.6902927
545070751,16,primary,123.4166095,41.6909206
545070751,17,primary,123.4166293,41.6914716
545070753,0,primary,123.433858,41.7192552
545070753,1,primary,123.4340589,41.7178743
545070754,0,primary,123.4341884,41.7179256
545070754,1,primary,123.4340176,41.7191118
545070754,2,primary,123.4339901,41.7192917
545070761,0,primary,123.4441727,41.7409472
545070761,1,primary,123.4441937,41.74074
545070761,2,primary,123.4443134,41.7397334
545070761,3,primary,123.4444408,41.7391244
545070761,4,primary,123.4447233,41.7380219
545070761,5,primary,123.4448156,41.7376763
545070761,6,primary,123.4450422,41.7367094
545070761,7,primary,123.4451112,41.7364175
545070761,8,primary,123.44512,41.736357
545070761,9,primary,123.4451402,41.7362182
545070761,10,primary,123.4451453,41.7360668
545070761,11,primary,123.4451267,41.7359001
545070761,12,primary,123.445099,41.7357503
545070761,13,primary,123.4450635,41.7356359
545070761,14,primary,123.4450186,41.735529
545070761,15,primary,123.4449632,41.7354248
545070761,16,primary,123.4447727,41.7351199
545070761,17,primary,123.4442094,41.7343751
545070761,18,primary,123.4439215,41.7340206
545070761,19,primary,123.4438411,41.7338966
545070761,20,primary,123.4437051,41.7336991
545070761,21,primary,123.4435475,41.7334664
545070761,22,primary,123.4434525,41.7333325
545070761,23,primary,123.4433841,41.7332351
545070761,24,primary,123.4421404,41.7314757
545070761,25,primary,123.4420929,41.7314122
545070761,26,primary,123.4387386,41.7268999
545070761,27,primary,123.4375116,41.7252746
545070761,28,primary,123.4348573,41.7218637
545070761,29,primary,123.4346746,41.7216675
545070761,30,primary,123.4345392,41.7214503
545070761,31,primary,123.434005,41.7206184
545070761,32,primary,123.4339352,41.7204833
545070761,33,primary,123.4338859,41.7203623
545070761,34,primary,123.4338204,41.7201725
545070766,0,trunk,123.5402522,41.799224
545070766,1,trunk,123.5398831,41.799045
545070766,2,trunk,123.5394218,41.7987012
545070766,3,trunk,123.5392921,41.7986046
545070766,4,trunk,123.5382252,41.7978882
545070766,5,trunk,123.5372683,41.7972444
545070769,0,trunk,123.5437443,41.8005572
545070769,1,trunk,123.5431687,41.8002476
545070779,0,trunk,123.531507,41.8136
545070779,1,trunk,123.5317406,41.8130388
545070779,2,trunk,123.5320381,41.8124824
545070779,3,trunk,123.5326545,41.8112473
545070781,0,trunk,123.5337354,41.8097019
545070781,1,trunk,123.5335331,41.8100595
545070781,2,trunk,123.5328269,41.8113076
545070783,0,trunk,123.5313175,41.8151458
545070783,1,trunk,123.531231,41.8156486
545070785,0,trunk,123.5311317,41.8150859
545070785,1,trunk,123.5313817,41.8139924
545070785,2,trunk,123.531507,41.8136
545070802,0,primary,123.481346,41.8094158
545070802,1,primary,123.4809057,41.8093126
545070804,0,trunk,123.4645918,41.8279221
545070804,1,trunk,123.4686667,41.8267571
545070804,2,trunk,123.4693313,41.8265018
545070804,3,trunk,123.4696411,41.8263363
545070804,4,trunk,123.4698989,41.8261759
545070804,5,trunk,123.4701078,41.8260027
545070804,6,trunk,123.470305,41.8258091
545070804,7,trunk,123.470488,41.8256067
545070804,8,trunk,123.4718451,41.8240384
545070804,9,trunk,123.4719258,41.8239354
545070804,10,trunk,123.4723913,41.8233043
545070804,11,trunk,123.4744547,41.8203407
545070804,12,trunk,123.4760078,41.8179683
545070804,13,trunk,123.4768953,41.8166753
545070804,14,trunk,123.4772617,41.8161435
545070804,15,trunk,123.478101,41.8149
545070804,16,trunk,123.4783535,41.8145107
545070804,17,trunk,123.4783918,41.8144516
545070804,18,trunk,123.4784642,41.8143401
545070804,19,trunk,123.4793915,41.8128843
545070807,0,trunk,123.4811339,41.8095944
545070807,1,trunk,123.4809266,41.8099296
545070807,2,trunk,123.4802889,41.8114113
545070807,3,trunk,123.479812,41.8124349
545070807,4,trunk,123.4795169,41.8129511
545070807,5,trunk,123.478426,41.8145791
545070807,6,trunk,123.4782044,41.8149294
545070807,7,trunk,123.4773963,41.8161773
545070807,8,trunk,123.4770207,41.816761
545070807,9,trunk,123.4755901,41.8188432
545070807,10,trunk,123.4746308,41.8204063
545070807,11,trunk,123.4721884,41.8238035
545070807,12,trunk,123.4718577,41.8241867
545070807,13,trunk,123.470693,41.8255551
545070807,14,trunk,123.4704802,41.8258005
545070807,15,trunk,123.4702653,41.8260269
545070807,16,trunk,123.4700152,41.8262183
545070807,17,trunk,123.4697424,41.8264046
545070807,18,trunk,123.469412,41.8265843
545070807,19,trunk,123.468664,41.826865
545070807,20,trunk,123.4646486,41.8280181
545070809,0,primary,123.4799457,41.811604
545070809,1,primary,123.4809057,41.8093126
545070819,0,trunk,123.4646486,41.8280181
545070819,1,trunk,123.4629034,41.8285215
545070819,2,trunk,123.4620137,41.8287782
545070819,3,trunk,123.4603828,41.8292488
545070819,4,trunk,123.4580856,41.8299115
545070821,0,trunk,123.4580032,41.82981
545070821,1,trunk,123.4603487,41.8291461
545070821,2,trunk,123.4617487,41.828751
545070821,3,trunk,123.4628443,41.8284319
545070821,4,trunk,123.4640232,41.8280885
545070821,5,trunk,123.4645918,41.8279221
551657670,0,primary,123.3092255,41.7041674
551657670,1,primary,123.3096676,41.7037242
551657670,2,primary,123.3097668,41.7036123
551657670,3,primary,123.3099134,41.7034112
551657670,4,primary,123.3100238,41.7032513
551657670,5,primary,123.3102692,41.702872
551657670,6,primary,123.3108312,41.7019895
551657670,7,primary,123.3114559,41.7009629
551657670,8,primary,123.3115852,41.7007473
551657670,9,primary,123.3116666,41.700595
551657670,10,primary,123.3117909,41.7003002
551657670,11,primary,123.3118406,41.7000993
551657670,12,primary,123.3118718,41.6999372
551657670,13,primary,123.3118854,41.6996413
551657670,14,primary,123.3118838,41.6992199
551657671,0,primary,123.3046868,41.7110988
551657671,1,primary,123.3048198,41.7108087
551657671,2,primary,123.3049264,41.7105898
551657671,3,primary,123.3050747,41.7103093
551657671,4,primary,123.3053379,41.7098431
551657671,5,primary,123.305763,41.7091245
551657671,6,primary,123.3066542,41.707602
551657671,7,primary,123.3070346,41.7069517
551657671,8,primary,123.3074292,41.7062868
551657671,9,primary,123.3076142,41.7059795
551657671,10,primary,123.3077342,41.7057797
551657671,11,primary,123.3078359,41.705623
551657671,12,primary,123.3079181,41.7055047
551657671,13,primary,123.3080206,41.7053665
551657671,14,primary,123.3081144,41.7052558
551657671,15,primary,123.3083325,41.7050355
551657671,16,primary,123.3092255,41.7041674
551657672,0,primary,123.3132748,41.6939113
551657672,1,primary,123.3130653,41.6944244
551657672,2,primary,123.3128959,41.6948523
551657672,3,primary,123.3125847,41.6955678
551657672,4,primary,123.3123536,41.6961153
551657672,5,primary,123.3122211,41.6964834
551657672,6,primary,123.3121657,41.6966651
551657672,7,primary,123.3121009,41.6969412
551657672,8,primary,123.3120486,41.6971828
551657672,9,primary,123.3120178,41.6973507
551657672,10,primary,123.311987,41.69756
551657672,11,primary,123.3119715,41.6977326
551657672,12,primary,123.3119623,41.6979603
551657672,13,primary,123.3119561,41.6982295
551657672,14,primary,123.3119561,41.698402
551657672,15,primary,123.3119916,41.6992061
551657672,16,primary,123.3120024,41.6997915
551657672,17,primary,123.311994,41.7001112
551657672,18,primary,123.3119832,41.7002362
551657672,19,primary,123.3119479,41.7003954
551657672,20,primary,123.3118764,41.7005918
551657672,21,primary,123.3117211,41.7008959
551657672,22,primary,123.3115159,41.7012517
551657672,23,primary,123.3110173,41.7020865
551657672,24,primary,123.310461,41.7029627
551657672,25,primary,123.3102134,41.7033058
551657672,26,primary,123.3100436,41.7034908
551657672,27,primary,123.3098453,41.7037001
551657672,28,primary,123.3093095,41.7042127
551657672,29,primary,123.3086079,41.7048763
551657672,30,primary,123.3083585,41.7051266
551657672,31,primary,123.3082485,41.7052467
551657672,32,primary,123.3081251,41.7053949
551657672,33,primary,123.308042,41.705505
551657672,34,primary,123.3078864,41.7057273
551657672,35,primary,123.30713,41.7069989
551657672,36,primary,123.3067518,41.707635
551657672,37,primary,123.305872,41.7091298
551657672,38,primary,123.3054313,41.7098895
551657672,39,primary,123.3052348,41.7102237
551657672,40,primary,123.3050901,41.7104921
551657672,41,primary,123.3047653,41.7111596
551662736,0,trunk,123.4079498,41.8940689
551662736,1,trunk,123.407829,41.8944642
551665406,0,trunk,123.4089663,41.8879747
551665406,1,trunk,123.4089677,41.8877912
551665406,2,trunk,123.4092067,41.8850675
551665406,3,trunk,123.4092126,41.8850003
551665406,4,trunk,123.409219,41.88491
551665406,5,trunk,123.4096982,41.8800905
551665406,6,trunk,123.4102669,41.8734227
551665406,7,trunk,123.4105399,41.8702224
551665406,8,trunk,123.4108267,41.8671485
551665406,9,trunk,123.4108461,41.8670655
551665406,10,trunk,123.4110578,41.8642984
551665406,11,trunk,123.4113051,41.8615428
551665406,12,trunk,123.4113791,41.8607181
551667000,0,trunk,123.4091274,41.8879716
551667000,1,trunk,123.4090316,41.8890236
551667000,2,trunk,123.4089708,41.8896917
551667000,3,trunk,123.408926,41.8903388
551667000,4,trunk,123.408864,41.8908754
551667003,0,trunk,123.4060794,41.8991697
551667003,1,trunk,123.4063824,41.8984513
551667003,2,trunk,123.4065732,41.897964
551667003,3,trunk,123.4068686,41.8970605
551667003,4,trunk,123.4070698,41.8964153
551667003,5,trunk,123.4072921,41.8957042
551667004,0,trunk,123.4032792,41.904826
551667004,1,trunk,123.4001685,41.9104254
551667004,2,trunk,123.3979375,41.914004
551667004,3,trunk,123.3977443,41.9143047
551667004,4,trunk,123.3976912,41.9143804
551667004,5,trunk,123.3975416,41.9146151
551667004,6,trunk,123.396762,41.915568
551667004,7,trunk,123.3949453,41.9174978
551667004,8,trunk,123.3935129,41.9189695
551667004,9,trunk,123.3931892,41.9192936
551667004,10,trunk,123.3931248,41.9193747
551667004,11,trunk,123.3928174,41.9197028
551667004,12,trunk,123.3926786,41.9198634
551667004,13,trunk,123.3924006,41.9201658
551667004,14,trunk,123.3916793,41.920913
551667004,15,trunk,123.3913251,41.9213261
552616656,0,trunk,123.4910451,41.6334156
552616656,1,trunk,123.4894732,41.6323748
552616656,2,trunk,123.4884625,41.6317055
552616657,0,trunk,123.4915138,41.6329585
552616657,1,trunk,123.4919512,41.6332503
552616657,2,trunk,123.493533,41.6343055
552616657,3,trunk,123.493762,41.6344752
552616657,4,trunk,123.4946368,41.6350203
552616657,5,trunk,123.495145,41.6353647
555933231,0,trunk,123.534004,41.9813939
555933231,1,trunk,123.5340002,41.9826265
555933231,2,trunk,123.5339925,41.9851427
555933231,3,trunk,123.5339811,41.9888876
555933231,4,trunk,123.5339794,41.9894368
555933231,5,trunk,123.533975,41.9909192
555933231,6,trunk,123.5339761,41.9945078
555933231,7,trunk,123.5339782,42.0002299
555933231,8,trunk,123.5339782,42.000263
555933231,9,trunk,123.5339825,42.0134753
555933231,10,trunk,123.5339848,42.0203412
555933231,11,trunk,123.5339808,42.0206021
555933231,12,trunk,123.5339765,42.0208826
555933231,13,trunk,123.5339643,42.0216713
555933231,14,trunk,123.533866,42.0225326
555933231,15,trunk,123.5337067,42.0235271
555933231,16,trunk,123.5320677,42.0320589
555933231,17,trunk,123.5312656,42.036165
555933231,18,trunk,123.5310543,42.0372349
555933231,19,trunk,123.5307594,42.0388803
555933231,20,trunk,123.5302208,42.0416448
555933231,21,trunk,123.5302064,42.0417186
555933231,22,trunk,123.5299882,42.0427022
555933231,23,trunk,123.5292626,42.0466227
555933231,24,trunk,123.5288595,42.0486008
555933231,25,trunk,123.5288171,42.0488156
555933233,0,trunk,123.4733676,41.8729012
555933233,1,trunk,123.4732745,41.8735023
555933233,2,trunk,123.4732746,41.8737622
555933233,3,trunk,123.4739149,41.879089
555933233,4,trunk,123.4742787,41.8827638
555933234,0,primary,123.5054318,41.9620832
555933234,1,primary,123.4967601,41.9619178
555933234,2,primary,123.496662,41.9619126
555933234,3,primary,123.4953808,41.9618886
555933234,4,primary,123.4914279,41.9617637
555933234,5,primary,123.490749,41.9617234
555933234,6,primary,123.4906019,41.9617093
555933234,7,primary,123.4885525,41.9614446
555933234,8,primary,123.4858489,41.9609021
555933234,9,primary,123.4842183,41.9604458
555933234,10,primary,123.4834051,41.9601466
555933234,11,primary,123.4833169,41.9601142
555933234,12,primary,123.4794681,41.9588563
555933234,13,primary,123.4732543,41.9567565
555933234,14,primary,123.4703035,41.9557732
555933234,15,primary,123.4667226,41.9545799
555933234,16,primary,123.463805,41.9535904
555933234,17,primary,123.463196,41.9533932
555933235,0,trunk,123.4191578,41.8298779
555933235,1,trunk,123.4190246,41.8298726
555933235,2,trunk,123.4186824,41.8298537
555933236,0,primary,123.3936582,41.8285832
555933236,1,primary,123.3936465,41.8287469
555933236,2,primary,123.3930908,41.8355131
555933237,0,trunk,123.4535955,41.831081
555933237,1,trunk,123.4539925,41.8309713
555933237,2,trunk,123.4541787,41.8308548
555933237,3,trunk,123.454632,41.830731
555933237,4,trunk,123.45487,41.8307131
555933237,5,trunk,123.4569757,41.8301062
555933238,0,primary,123.4632308,41.9532792
555933238,1,primary,123.4638872,41.9535019
555933238,2,primary,123.4667911,41.9544351
555933238,3,primary,123.4702943,41.9556026
555933238,4,primary,123.4703716,41.9556283
555933238,5,primary,123.4733228,41.9566117
555933238,6,primary,123.4795361,41.9587113
555933238,7,primary,123.4833874,41.9599701
555933238,8,primary,123.4834789,41.9600038
555933238,9,primary,123.4842847,41.9603002
555933238,10,primary,123.4859,41.9607522
555933238,11,primary,123.4885866,41.9612913
555933238,12,primary,123.4905359,41.9615766
555933238,13,primary,123.4906123,41.9615841
555933238,14,primary,123.490747,41.9615973
555933238,15,primary,123.4915708,41.961678
555933238,16,primary,123.4953829,41.9617677
555933238,17,primary,123.4966711,41.9617917
555933238,18,primary,123.4967691,41.9617935
555933238,19,primary,123.5054161,41.9619547
555933243,0,trunk,123.4841567,41.8976609
555933243,1,trunk,123.4830131,41.8966503
555933243,2,trunk,123.4829064,41.8965561
555933243,3,trunk,123.4820348,41.8957859
555933245,0,trunk,123.4821187,41.8957324
555933245,1,trunk,123.4826822,41.8962304
555933245,2,trunk,123.4829644,41.8964892
555933245,3,trunk,123.4842367,41.897604
555933245,4,trunk,123.484603,41.8979259
555933245,5,trunk,123.4862077,41.8993363
555933245,6,trunk,123.4933461,41.9056101
555933245,7,trunk,123.4933654,41.9056281
555933245,8,trunk,123.49499,41.9070831
555933245,9,trunk,123.5045012,41.9154034
555933245,10,trunk,123.5055556,41.9163884
555933245,11,trunk,123.5063015,41.9173032
555933245,12,trunk,123.5081316,41.9198641
555933245,13,trunk,123.5111229,41.9242345
555933245,14,trunk,123.5117451,41.9251608
555933245,15,trunk,123.5119878,41.9255908
555933245,16,trunk,123.5120937,41.9258111
555933245,17,trunk,123.5122365,41.9261776
555933245,18,trunk,123.5124373,41.9267712
555933245,19,trunk,123.5127434,41.9278463
555933245,20,trunk,123.5127662,41.9279375
555933245,21,trunk,123.5146457,41.9336297
555933245,22,trunk,123.5157074,41.9368109
555933245,23,trunk,123.5157387,41.9368906
555933245,24,trunk,123.5170088,41.9401589
555933245,25,trunk,123.5170373,41.9402494
555933245,26,trunk,123.5188648,41.9446433
555933245,27,trunk,123.5199839,41.947456
555933245,28,trunk,123.5200067,41.9475131
555933245,29,trunk,123.5216071,41.9515251
555933245,30,trunk,123.5225103,41.953697
555933245,31,trunk,123.5230788,41.9551393
555933245,32,trunk,123.5233315,41.9557517
555933245,33,trunk,123.5234574,41.9560326
555933245,34,trunk,123.5236004,41.9562977
555933245,35,trunk,123.5238844,41.956772
555933245,36,trunk,123.5240974,41.9570767
555933245,37,trunk,123.5244015,41.9574909
555933245,38,trunk,123.5248355,41.9579969
555933245,39,trunk,123.5284224,41.962221
555933245,40,trunk,123.528572,41.9623857
555933245,41,trunk,123.5286997,41.9625146
555933245,42,trunk,123.5317701,41.9659803
555933245,43,trunk,123.5324043,41.966749
555933245,44,trunk,123.5329494,41.9675466
555933245,45,trunk,123.5333809,41.9683846
555933245,46,trunk,123.5336965,41.9692256
555933245,47,trunk,123.5339428,41.9701021
555933245,48,trunk,123.5340226,41.970827
555933245,49,trunk,123.5340398,41.9729234
555933245,50,trunk,123.5340273,41.9801669
555933245,51,trunk,123.534018,41.9806549
555933248,0,primary,123.3935269,41.8285771
555933248,1,primary,123.3936582,41.8285832
555933248,2,primary,123.3976764,41.8287386
555933250,0,primary,123.3929924,41.8355001
555933250,1,primary,123.393517,41.8287412
555933250,2,primary,123.3935269,41.8285771
555933255,0,primary,123.5054161,41.9619547
555933255,1,primary,123.5056523,41.9619569
555933256,0,primary,123.470979,41.9110919
555933256,1,primary,123.4710462,41.9107494
555933256,2,primary,123.4710649,41.9105086
555933256,3,primary,123.4710487,41.9103033
555933256,4,primary,123.4710121,41.9100947
555933256,5,primary,123.4709751,41.9098903
555933256,6,primary,123.4709056,41.9096717
555933256,7,primary,123.4707658,41.9093526
555933256,8,primary,123.4706225,41.9090596
555933256,9,primary,123.4681521,41.9042552
555933256,10,primary,123.4675008,41.9029885
555933256,11,primary,123.4665472,41.9011227
555933256,12,primary,123.4664915,41.9010137
555933256,13,primary,123.4663209,41.90068
555933256,14,primary,123.4624391,41.8929789
555933256,15,primary,123.4611215,41.8904475
555933256,16,primary,123.4609262,41.8900563
555933270,0,primary,123.3654363,41.9178917
555933270,1,primary,123.3653837,41.9177613
555933270,2,primary,123.3658468,41.9161798
555933270,3,primary,123.3659683,41.915596
555933270,4,primary,123.36605,41.9151483
555933270,5,primary,123.366071,41.915033
555933270,6,primary,123.366274,41.913324
555933270,7,primary,123.3663372,41.9127915
555933270,8,primary,123.366482,41.9115335
555933270,9,primary,123.3665261,41.9111626
555933270,10,primary,123.3666251,41.9107892
555933270,11,primary,123.3666505,41.9107201
555933270,12,primary,123.3666919,41.910604
555933270,13,primary,123.3669098,41.9100508
555933270,14,primary,123.3671931,41.9095546
555933270,15,primary,123.3674901,41.9091052
555933270,16,primary,123.3676924,41.908831
555933270,17,primary,123.3684627,41.9080835
555933270,18,primary,123.3690049,41.9076524
555933270,19,primary,123.3695472,41.9072855
555933270,20,primary,123.3701511,41.9069691
555933270,21,primary,123.3705147,41.906781
555933270,22,primary,123.3720102,41.9062199
555933270,23,primary,123.3727809,41.9059548
555933270,24,primary,123.3728638,41.9059262
555933270,25,primary,123.3736167,41.9056673
555933270,26,primary,123.3747002,41.9052571
555933270,27,primary,123.375382,41.9049443
555933270,28,primary,123.3758583,41.9046941
555933270,29,primary,123.3768624,41.9040128
555933270,30,primary,123.3774088,41.9035436
555933270,31,primary,123.3779878,41.9028797
555933270,32,primary,123.3787537,41.9016875
555933270,33,primary,123.3800919,41.8995795
555933270,34,primary,123.3817205,41.8969577
555933270,35,primary,123.3831647,41.8946588
555933270,36,primary,123.3839397,41.8934373
555933270,37,primary,123.3852053,41.8914645
555933270,38,primary,123.3853406,41.8912403
555933270,39,primary,123.3862509,41.8899579
555933270,40,primary,123.3885651,41.8871826
555933270,41,primary,123.3898173,41.8856148
555933270,42,primary,123.3903904,41.8848932
555933270,43,primary,123.390728,41.884501
555933270,44,primary,123.3908197,41.8843329
555933270,45,primary,123.3908733,41.8841873
555933270,46,primary,123.3908947,41.8841291
555933270,47,primary,123.3909358,41.881021
555933270,48,primary,123.3910058,41.8793027
555933270,49,primary,123.3912488,41.8741087
555933270,50,primary,123.3914501,41.8692735
555933270,51,primary,123.3915789,41.8662364
555933270,52,primary,123.3915806,41.866128
555933270,53,primary,123.3916997,41.8634856
555933270,54,primary,123.3917321,41.8627339
555933270,55,primary,123.391775,41.8617403
555933270,56,primary,123.3918011,41.8609319
555933270,57,primary,123.3917701,41.8598798
555933270,58,primary,123.3917757,41.8595996
555933270,59,primary,123.3918486,41.8593199
555933270,60,primary,123.3923956,41.8570687
555933270,61,primary,123.3924139,41.8569934
555933270,62,primary,123.3924202,41.8569678
555933270,63,primary,123.3924356,41.8568851
555933270,64,primary,123.3924434,41.8568334
555933270,65,primary,123.3924647,41.8567357
555933270,66,primary,123.3925148,41.856506
555933270,67,primary,123.3926055,41.8559271
555933270,68,primary,123.3924772,41.8550802
555933270,69,primary,123.3923492,41.8544656
555933270,70,primary,123.3918067,41.8518604
555933270,71,primary,123.391758,41.8516266
555933270,72,primary,123.3917059,41.8512194
555933270,73,primary,123.3916948,41.8508845
555933270,74,primary,123.3917919,41.8496179
555933270,75,primary,123.3917969,41.8495279
555933270,76,primary,123.3920986,41.8457501
555933270,77,primary,123.3923204,41.8429842
555933270,78,primary,123.3929481,41.8361098
555933271,0,trunk,123.4719463,41.8523088
555933271,1,trunk,123.4728165,41.8606014
555933271,2,trunk,123.4732926,41.8655128
555933271,3,trunk,123.4736249,41.8682671
555933271,4,trunk,123.4737948,41.8696194
555933271,5,trunk,123.4738106,41.8699554
555933271,6,trunk,123.4737768,41.8702766
555933271,7,trunk,123.4733979,41.8727067
555933271,8,trunk,123.4733676,41.8729012
555933285,0,trunk,123.402641,41.8291249
555933285,1,trunk,123.4020372,41.8290986
555933285,2,trunk,123.3980502,41.8289198
555933285,3,trunk,123.3976619,41.8289036
555933293,0,trunk,123.534018,41.9806549
555933293,1,trunk,123.534004,41.9813939
555933303,0,trunk,123.4732711,41.8728834
555933303,1,trunk,123.4733074,41.8726508
555933303,2,trunk,123.4736792,41.870266
555933303,3,trunk,123.4737052,41.8699332
555933303,4,trunk,123.4736715,41.8696152
555933303,5,trunk,123.473528,41.8682655
555933303,6,trunk,123.4731958,41.8655119
555933303,7,trunk,123.4727196,41.8605996
555933303,8,trunk,123.4722808,41.8564995
555933303,9,trunk,123.4718209,41.852353
555942250,0,primary,123.4664507,41.7612357
555942250,1,primary,123.4664524,41.7613166
555942250,2,primary,123.4664371,41.7614479
555942250,3,primary,123.4660968,41.7633503
555942250,4,primary,123.4659827,41.7650619
555942250,5,primary,123.4660564,41.7665394
555942250,6,primary,123.4660663,41.76668
555942250,7,primary,123.466153,41.7679939
555942252,0,trunk,123.4428017,41.7551919
555942252,1,trunk,123.4452698,41.7558662
555942252,2,trunk,123.4460212,41.7560895
555942252,3,trunk,123.4473041,41.7564594
555942252,4,trunk,123.4487479,41.7567652
555942252,5,trunk,123.4498476,41.7570651
555942252,6,trunk,123.4517633,41.75741
555942252,7,trunk,123.4535546,41.7576859
555942253,0,primary,123.4663127,41.7612431
555942253,1,primary,123.4663326,41.761212
555942253,2,primary,123.4662468,41.7590671
555942253,3,primary,123.466247,41.7590444
555942253,4,primary,123.4662508,41.7585744
555942253,5,primary,123.4662513,41.7585113
555942264,0,primary,123.4380908,41.7541764
555942264,1,primary,123.4371695,41.7546653
555942264,2,primary,123.4370993,41.7547055
555942264,3,primary,123.4367673,41.7549763
555942264,4,primary,123.4365345,41.7552312
555942264,5,primary,123.4363006,41.755602
555942264,6,primary,123.4361394,41.7559397
555942264,7,primary,123.4360702,41.756288
555942264,8,primary,123.4360993,41.7566634
555942264,9,primary,123.4361518,41.7578243
555942264,10,primary,123.436202,41.7589352
555942264,11,primary,123.4361761,41.7591363
555942273,0,trunk,123.4415086,41.754752
555942273,1,trunk,123.4420853,41.7549776
555942273,2,trunk,123.4424684,41.755096
555942273,3,trunk,123.4428017,41.7551919
555942291,0,primary,123.466153,41.7679939
555942291,1,primary,123.4661221,41.7680196
555942291,2,primary,123.4640274,41.7697653
555942291,3,primary,123.4634752,41.770223
555942291,4,primary,123.4630767,41.7705535
555942291,5,primary,123.4588946,41.7741818
555942291,6,primary,123.4588097,41.774244
555942291,7,primary,123.4586373,41.7743593
555942294,0,primary,123.4663506,41.7584943
555942294,1,primary,123.4663533,41.7586075
555942294,2,primary,123.466364,41.7590646
555942294,3,primary,123.4664501,41.7612161
555942294,4,primary,123.4664507,41.7612357
555942300,0,trunk,123.4427242,41.7553051
555942300,1,trunk,123.4423527,41.7551991
555942300,2,trunk,123.4420043,41.7550815
555942300,3,trunk,123.4413875,41.7548479
555942314,0,primary,123.4290086,41.7566797
555942314,1,primary,123.4292098,41.7563665
555942314,2,primary,123.4309058,41.7539456
555942314,3,primary,123.4321493,41.7522118
555942314,4,primary,123.4323944,41.7518948
555942334,0,trunk,123.4413875,41.7548479
555942334,1,trunk,123.4405012,41.7544376
555942334,2,trunk,123.439962,41.7541576
555942334,3,trunk,123.4387181,41.7536175
555942334,4,trunk,123.4371355,41.7529934
555942334,5,trunk,123.4366813,41.7527939
555942334,6,trunk,123.4339224,41.7518699
555942334,7,trunk,123.4333582,41.7517186
555942334,8,trunk,123.4323792,41.7514209
555942334,9,trunk,123.4305824,41.7510299
555942334,10,trunk,123.430083,41.750991
555942334,11,trunk,123.429547,41.7509583
555942334,12,trunk,123.429081,41.7509344
555942334,13,trunk,123.4284668,41.7509566
555942334,14,trunk,123.4270486,41.7510612
555942334,15,trunk,123.4266032,41.7511421
555942334,16,trunk,123.4252709,41.7513855
555942334,17,trunk,123.4249569,41.7514623
555942334,18,trunk,123.4246535,41.7515487
555942334,19,trunk,123.4243777,41.751633
555942334,20,trunk,123.4241156,41.7517355
555942334,21,trunk,123.4230654,41.7521806
555942334,22,trunk,123.4223811,41.7525427
555942334,23,trunk,123.4221465,41.7526876
555942334,24,trunk,123.4218151,41.7529172
555942334,25,trunk,123.4215938,41.753086
555942334,26,trunk,123.4213928,41.7532487
555942334,27,trunk,123.4209563,41.7536321
555942334,28,trunk,123.4206029,41.7539432
555942334,29,trunk,123.4204157,41.754132
555942334,30,trunk,123.4202024,41.7543737
555942334,31,trunk,123.4198111,41.7548573
555942334,32,trunk,123.4195096,41.7552377
555942334,33,trunk,123.4192711,41.7555252
555942334,34,trunk,123.4189979,41.7558175
555942334,35,trunk,123.4187993,41.7560066
555949269,0,trunk,123.5006702,41.7268669
555949269,1,trunk,123.5008287,41.7265756
555949269,2,trunk,123.5009074,41.7264424
555949269,3,trunk,123.501064,41.7262189
555949269,4,trunk,123.5011906,41.7260487
555949269,5,trunk,123.5013092,41.7258912
555949269,6,trunk,123.5015052,41.7256619
555949269,7,trunk,123.5016674,41.7254664
555949269,8,trunk,123.5022922,41.7246788
555949275,0,primary,123.507958,41.6950245
555949275,1,primary,123.5078521,41.6950249
555949275,2,primary,123.5028923,41.6950442
555949275,3,primary,123.4995297,41.6950771
555949275,4,primary,123.4993234,41.6950687
555949275,5,primary,123.4991312,41.695051
555949275,6,primary,123.4989624,41.6950281
555949275,7,primary,123.4987821,41.694995
555949275,8,primary,123.4986003,41.6949524
555949275,9,primary,123.4984246,41.6949057
555949275,10,primary,123.4982869,41.6948618
555949275,11,primary,123.4981438,41.6948086
555949275,12,primary,123.4979761,41.6947385
555949275,13,primary,123.497806,41.6946544
555949275,14,primary,123.4976481,41.6945645
555949275,15,primary,123.4974958,41.6944755
555949275,16,primary,123.4973496,41.6943688
555949275,17,primary,123.497213,41.6942566
555949275,18,primary,123.4970868,41.6941497
555949275,19,primary,123.4969898,41.6940657
555949275,20,primary,123.4968834,41.6939521
555949275,21,primary,123.4967967,41.6938422
555949275,22,primary,123.4960141,41.6925851
555949275,23,primary,123.4959572,41.6924937
555949275,24,primary,123.4950387,41.6910887
555949285,0,primary,123.4947122,41.6905841
555949285,1,primary,123.493779,41.6892046
555949285,2,primary,123.4935439,41.6888118
555949285,3,primary,123.4934479,41.6886795
555949285,4,primary,123.4933398,41.6885304
555949285,5,primary,123.4931693,41.6882726
555949285,6,primary,123.4915528,41.685856
555949285,7,primary,123.4914466,41.6856972
555949285,8,primary,123.4913453,41.6855297
555949285,9,primary,123.4907683,41.6847479
555949285,10,primary,123.4896241,41.683492
555949285,11,primary,123.4885423,41.6825688
555949285,12,primary,123.4883354,41.6823892
555949285,13,primary,123.4871118,41.6814971
555949285,14,primary,123.4858808,41.680796
555949285,15,primary,123.4846507,41.6801687
555949285,16,primary,123.4845328,41.6801135
555949285,17,primary,123.4844449,41.6800698
555949285,18,primary,123.4843673,41.6800313
555949285,19,primary,123.4842472,41.6799693
555949285,20,primary,123.4841006,41.6798944
555949285,21,primary,123.4804937,41.6780494
555949285,22,primary,123.4804059,41.6780045
555949285,23,primary,123.4739614,41.6747223
555949285,24,primary,123.4738306,41.6746528
555949285,25,primary,123.4728381,41.6741458
555949285,26,primary,123.4719612,41.6737479
555949285,27,primary,123.4708678,41.6733207
555949285,28,primary,123.470257,41.6731242
555949285,29,primary,123.4688211,41.6726889
555949285,30,primary,123.468668,41.6726585
555949285,31,primary,123.4669018,41.672308
555949285,32,primary,123.466421,41.6722282
555949285,33,primary,123.4656952,41.6721631
555949285,34,primary,123.4647032,41.6720742
555949285,35,primary,123.4615357,41.6720628
555949285,36,primary,123.460734,41.6720619
555949285,37,primary,123.4606328,41.6720618
555949285,38,primary,123.4604448,41.6720616
555949285,39,primary,123.4597215,41.6720608
555949285,40,primary,123.4576845,41.6720784
555949294,0,trunk,123.5295182,41.6370331
555949294,1,trunk,123.5288018,41.6375241
555949294,2,trunk,123.528669,41.6377266
555949294,3,trunk,123.5286014,41.6378297
555949294,4,trunk,123.5285814,41.6378602
555949294,5,trunk,123.5277561,41.6391191
555949294,6,trunk,123.5264425,41.6407689
555949294,7,trunk,123.523994,41.6434815
555949294,8,trunk,123.5215885,41.6459928
555949294,9,trunk,123.5207987,41.6467243
555949294,10,trunk,123.5203066,41.6471669
555949294,11,trunk,123.5190596,41.6482419
555949294,12,trunk,123.5174457,41.6496192
556318131,0,trunk,123.3913251,41.9213261
556318131,1,trunk,123.3907062,41.9220216
556318132,0,trunk,123.3862598,41.9326262
556318132,1,trunk,123.3860502,41.9334035
556318132,2,trunk,123.3860046,41.9338289
556318132,3,trunk,123.386013,41.9341723
556318132,4,trunk,123.3860259,41.9342984
556318132,5,trunk,123.3860332,41.93437
556318132,6,trunk,123.3860692,41.9347228
556318132,7,trunk,123.3862556,41.93587
556318132,8,trunk,123.386965,41.9392381
556318132,9,trunk,123.3874776,41.9419063
556318132,10,trunk,123.3875101,41.9421037
556318132,11,trunk,123.3879494,41.9441534
556318132,12,trunk,123.3881197,41.9452149
556318132,13,trunk,123.3881175,41.9458147
556318132,14,trunk,123.3881172,41.9459083
556318132,15,trunk,123.388117,41.9459767
556318132,16,trunk,123.3880683,41.9466809
556318132,17,trunk,123.3879415,41.9475619
556318132,18,trunk,123.387627,41.9491767
556318132,19,trunk,123.387526,41.9496511
556318132,20,trunk,123.3875104,41.9497247
556318132,21,trunk,123.3874815,41.9498603
556318132,22,trunk,123.3873223,41.9504286
556318132,23,trunk,123.386323,41.9537005
556318132,24,trunk,123.3861161,41.9544977
556318132,25,trunk,123.3857129,41.9566347
556318132,26,trunk,123.385653,41.956847
556318132,27,trunk,123.3856162,41.9569773
556318132,28,trunk,123.3855892,41.9570331
556318132,29,trunk,123.3854768,41.9572379
556318132,30,trunk,123.3853746,41.9574092
556318132,31,trunk,123.3853287,41.9574863
556318132,32,trunk,123.3852854,41.9575563
556318132,33,trunk,123.3842007,41.9593006
556318132,34,trunk,123.3839848,41.9596439
556318132,35,trunk,123.3837742,41.9599535
556318132,36,trunk,123.3837468,41.9599937
556318132,37,trunk,123.3834927,41.9603354
556318132,38,trunk,123.3832387,41.9606772
556318132,39,trunk,123.3829632,41.961011
556318132,40,trunk,123.3826497,41.9613987
556318132,41,trunk,123.3819773,41.9621543
556318132,42,trunk,123.3816847,41.9624887
556318132,43,trunk,123.3815998,41.9625775
556318132,44,trunk,123.3812017,41.9630186
556318132,45,trunk,123.3807084,41.9635787
556318132,46,trunk,123.3798907,41.9645673
556318132,47,trunk,123.379186,41.9654637
556318132,48,trunk,123.3788714,41.965883
556318132,49,trunk,123.3750666,41.9712227
556318132,50,trunk,123.3748507,41.9715244
556318132,51,trunk,123.3746103,41.9718194
556318132,52,trunk,123.3743821,41.9720756
556318132,53,trunk,123.3739417,41.9724963
556318132,54,trunk,123.3736795,41.9727324
556318132,55,trunk,123.3716303,41.9744028
556318132,56,trunk,123.3707705,41.9751118
556318132,57,trunk,123.370616,41.9752454
556318132,58,trunk,123.3704616,41.9753894
556318132,59,trunk,123.3703188,41.9755231
556318132,60,trunk,123.3701761,41.9756637
556318132,61,trunk,123.3699457,41.9759066
556318132,62,trunk,123.3697084,41.9761755
556318132,63,trunk,123.3675344,41.9787456
556318132,64,trunk,123.3671096,41.9792456
556318132,65,trunk,123.3666569,41.9797463
556318132,66,trunk,123.3664406,41.9799636
556318132,67,trunk,123.365889,41.9804881
556318132,68,trunk,123.3648254,41.9814338
556318132,69,trunk,123.364424,41.9818166
556318132,70,trunk,123.3639156,41.9823649
556318132,71,trunk,123.3637421,41.982566
556318132,72,trunk,123.3636002,41.9827689
556318132,73,trunk,123.3634533,41.9829771
556318132,74,trunk,123.3633004,41.9832096
556318132,75,trunk,123.3604828,41.987747
556318132,76,trunk,123.3599699,41.9887706
556318132,77,trunk,123.3597584,41.9892718
556318132,78,trunk,123.3595867,41.9897537
556318132,79,trunk,123.359495,41.9900968
556318132,80,trunk,123.3591576,41.9916917
556318132,81,trunk,123.3590245,41.9924907
556318132,82,trunk,123.358986,41.9930036
556318132,83,trunk,123.358988,41.993509
556318132,84,trunk,123.3590325,41.9941819
556318132,85,trunk,123.3591253,41.9948725
556318138,0,trunk,123.3907062,41.9220216
556318138,1,trunk,123.3901742,41.922877
556318138,2,trunk,123.3898762,41.9234782
556318138,3,trunk,123.3896631,41.9239409
556318138,4,trunk,123.3896009,41.9241508
556318138,5,trunk,123.3894304,41.9246157
556318138,6,trunk,123.3891829,41.9253144
556318138,7,trunk,123.3885185,41.9270483
556318138,8,trunk,123.388416,41.9273253
556318138,9,trunk,123.3881622,41.9279046
556318138,10,trunk,123.387905,41.9284878
556318138,11,trunk,123.3877364,41.9287511
556318138,12,trunk,123.3875476,41.9290571
556318138,13,trunk,123.3871964,41.9296156
556318138,14,trunk,123.3870732,41.9298623
556318138,15,trunk,123.3869582,41.9300925
556318138,16,trunk,123.3867928,41.930504
556318138,17,trunk,123.3866648,41.9310283
556318142,0,trunk,123.3864419,41.9318943
556318142,1,trunk,123.3864058,41.9320394
556318142,2,trunk,123.3862598,41.9326262
556318143,0,trunk,123.3866648,41.9310283
556318143,1,trunk,123.3866395,41.9311324
556318143,2,trunk,123.3866029,41.931276
556318143,3,trunk,123.3864994,41.9316822
556318143,4,trunk,123.3864419,41.9318943
565189546,0,primary,123.3333067,41.6627675
565189546,1,primary,123.3325821,41.6626557
565189546,2,primary,123.3311061,41.6624342
565189546,3,primary,123.3279622,41.6619624
565189546,4,primary,123.3267614,41.6617816
565189546,5,primary,123.3242089,41.6613974
565189546,6,primary,123.320388,41.6608208
565189546,7,primary,123.3202689,41.6608072
565189546,8,primary,123.3201465,41.6607897
565189546,9,primary,123.3199514,41.6607572
565189546,10,primary,123.3193485,41.6606681
565189546,11,primary,123.316933,41.6603113
565189548,0,primary,123.3509174,41.6647
565189548,1,primary,123.3511667,41.6646431
565189548,2,primary,123.3514494,41.6645867
565189548,3,primary,123.3516808,41.6645437
565189548,4,primary,123.3520116,41.6644992
565189548,5,primary,123.352254,41.6644722
565189548,6,primary,123.3524826,41.6644534
565189548,7,primary,123.3527257,41.6644426
565189548,8,primary,123.3529063,41.6644356
565189548,9,primary,123.3538936,41.6644189
565189548,10,primary,123.3542799,41.6644089
565189548,11,primary,123.3546702,41.6643748
565189548,12,primary,123.354727,41.6643688
565189548,13,primary,123.3570147,41.6643184
565189548,14,primary,123.357695,41.6643268
565189550,0,primary,123.3576574,41.6644896
565189550,1,primary,123.357052,41.6644763
565189550,2,primary,123.3546698,41.6644878
565189550,3,primary,123.3542778,41.6644829
565189550,4,primary,123.3528259,41.6645086
565189550,5,primary,123.352555,41.6645236
565189550,6,primary,123.3523118,41.6645431
565189550,7,primary,123.3520542,41.6645715
565189550,8,primary,123.3517813,41.6646075
565189550,9,primary,123.3515982,41.664633
565189550,10,primary,123.3514108,41.6646689
565189550,11,primary,123.3512091,41.6647122
565189550,12,primary,123.3509914,41.6647591
565189552,0,primary,123.357695,41.6643268
565189552,1,primary,123.357856,41.6643475
565189552,2,primary,123.3683786,41.6652237
565189552,3,primary,123.3693365,41.6652966
565189552,4,primary,123.3696788,41.6653259
565189552,5,primary,123.3701604,41.6653762
565189552,6,primary,123.3702835,41.6653921
565189552,7,primary,123.3709041,41.6654885
565189552,8,primary,123.3711111,41.665542
565189552,9,primary,123.3714167,41.6656311
565189552,10,primary,123.3716668,41.66572
565189552,11,primary,123.3719138,41.6658157
565189552,12,primary,123.3721497,41.665926
565189552,13,primary,123.3723027,41.6660009
565189552,14,primary,123.3724589,41.6660876
565189552,15,primary,123.3726291,41.6661849
565189552,16,primary,123.3727961,41.6663036
565189552,17,primary,123.3729523,41.6664109
565189552,18,primary,123.3731383,41.6665469
565189552,19,primary,123.3733406,41.6667317
569197685,0,trunk,123.3811888,41.7377876
569197685,1,trunk,123.3820775,41.7355624
569197685,2,trunk,123.3830981,41.7330406
569197685,3,trunk,123.383791,41.7313197
569197685,4,trunk,123.3841682,41.7303797
569197685,5,trunk,123.385283,41.7275806
569197685,6,trunk,123.3857545,41.7263971
569197685,7,trunk,123.3862959,41.7251199
569197685,8,trunk,123.3867028,41.72416
569197685,9,trunk,123.3868971,41.7236964
569197685,10,trunk,123.3873199,41.7226353
569197685,11,trunk,123.3873873,41.7224514
569197685,12,trunk,123.3874274,41.7222674
569197685,13,trunk,123.3875342,41.7217588
569197685,14,trunk,123.3875958,41.7210806
569197685,15,trunk,123.3876081,41.7206124
569197685,16,trunk,123.3875706,41.7201684
569197685,17,trunk,123.3873769,41.7192704
569197685,18,trunk,123.3870489,41.7181064
569197685,19,trunk,123.387035,41.7180527
569197685,20,trunk,123.3866352,41.71651
569197685,21,trunk,123.386388,41.7156988
569197685,22,trunk,123.3861228,41.714845
569197688,0,primary,123.357856,41.6643475
569197688,1,primary,123.3578163,41.6645037
569197688,2,primary,123.3575101,41.6656183
569197688,3,primary,123.3569978,41.6673445
569197688,4,primary,123.3569711,41.667447
569197688,5,primary,123.3565645,41.6690072
569197688,6,primary,123.3564795,41.6693903
569197688,7,primary,123.3564408,41.6697908
569197688,8,primary,123.3564802,41.6701904
569197688,9,primary,123.356564,41.6705724
569197688,10,primary,123.356765,41.6710643
569197688,11,primary,123.3572122,41.6716907
569197688,12,primary,123.3572683,41.6717693
569197688,13,primary,123.3591547,41.6743124
569197688,14,primary,123.3605678,41.6761974
569197688,15,primary,123.3607069,41.6763815
569197688,16,primary,123.3646951,41.681797
569197688,17,primary,123.3647436,41.6818656
569197688,18,primary,123.3663454,41.683984
569197688,19,primary,123.3669684,41.6848057
569197688,20,primary,123.3721202,41.6916009
607013250,0,primary,123.3981367,41.6566893
607013250,1,primary,123.3991531,41.6565995
607013252,0,primary,123.3991531,41.6565995
607013252,1,primary,123.4000638,41.65656
607013254,0,primary,123.4000638,41.65656
607013254,1,primary,123.4013241,41.6565235
607013254,2,primary,123.4016129,41.6565698
607013255,0,primary,123.3991648,41.6566622
607013255,1,primary,123.3994334,41.6566547
607013255,2,primary,123.4000717,41.6566301
607013256,0,primary,123.4237867,41.6554405
607013256,1,primary,123.4283239,41.655292
607013256,2,primary,123.4321845,41.6551525
607013256,3,primary,123.4322878,41.6551487
607013256,4,primary,123.436152,41.6549771
607013256,5,primary,123.4381885,41.6548907
607013256,6,primary,123.4389525,41.6548647
607013256,7,primary,123.4392526,41.6548576
607013256,8,primary,123.4428912,41.6547027
607013256,9,primary,123.4429945,41.6546976
607013256,10,primary,123.4475958,41.6545435
607013256,11,primary,123.4477254,41.6545394
607013256,12,primary,123.4500114,41.6544674
607013256,13,primary,123.4518102,41.6543812
607013256,14,primary,123.4519389,41.6543761
607013256,15,primary,123.4536154,41.6543331
607013256,16,primary,123.4542759,41.6543065
607013256,17,primary,123.4565526,41.6542901
607013256,18,primary,123.4566912,41.6542915
607013256,19,primary,123.4577808,41.6543665
607013256,20,primary,123.4589999,41.6544853
607013256,21,primary,123.4593918,41.6545115
607013256,22,primary,123.4603165,41.6546589
607013256,23,primary,123.4606103,41.6546976
607013256,24,primary,123.4616431,41.6548841
607013256,25,primary,123.4633148,41.6552652
607013256,26,primary,123.4652074,41.6558228
607013256,27,primary,123.46734,41.656645
607013256,28,primary,123.4686093,41.6571816
607013256,29,primary,123.4687633,41.6572614
607013256,30,primary,123.4704079,41.6581784
607013256,31,primary,123.4718222,41.6590917
607013256,32,primary,123.4743182,41.6607362
607013256,33,primary,123.4744221,41.6608047
607013256,34,primary,123.4800902,41.664539
607013256,35,primary,123.4805432,41.6648417
607013256,36,primary,123.4828412,41.6663771
607013256,37,primary,123.4837041,41.666919
607013256,38,primary,123.4850427,41.6677613
607013256,39,primary,123.4882319,41.6695394
607013256,40,primary,123.4883582,41.6696098
607013256,41,primary,123.4897758,41.6703346
607013256,42,primary,123.490166,41.6705341
607013256,43,primary,123.4917229,41.6712848
607013256,44,primary,123.4918895,41.6713624
607013256,45,primary,123.4920113,41.6714192
607013256,46,primary,123.4920842,41.6714532
607013256,47,primary,123.4921874,41.6715026
607013256,48,primary,123.492262,41.6715383
607013256,49,primary,123.4923443,41.6715777
607013256,50,primary,123.4927075,41.6717325
607013256,51,primary,123.4943892,41.672424
607013256,52,primary,123.4955877,41.6729004
607013256,53,primary,123.501217,41.6748433
607013256,54,primary,123.5013179,41.6748782
607013256,55,primary,123.5052733,41.6762548
607013256,56,primary,123.5059509,41.6766325
607013257,0,primary,123.4000721,41.656782
607013257,1,primary,123.3997453,41.6567884
607013257,2,primary,123.3991859,41.6567983
607013258,0,primary,123.3991859,41.6567983
607013258,1,primary,123.3984376,41.6568333
607013258,2,primary,123.3981712,41.6568582
607013258,3,primary,123.3977192,41.6568696
607013258,4,primary,123.3956896,41.65698
607013258,5,primary,123.3942405,41.6571674
607013258,6,primary,123.3940558,41.6571912
607013258,7,primary,123.392663,41.6573713
607013258,8,primary,123.3902799,41.6579216
607013258,9,primary,123.3889719,41.6582911
607013258,10,primary,123.388812,41.6583363
607013258,11,primary,123.3877548,41.6587108
607013258,12,primary,123.3850712,41.6598202
607013258,13,primary,123.3849452,41.6598723
607013258,14,primary,123.3840094,41.6602591
607013258,15,primary,123.3801454,41.6618236
607013258,16,primary,123.380049,41.6618626
607013258,17,primary,123.3798626,41.6619381
607013258,18,primary,123.3744282,41.6642044
607013258,19,primary,123.3725965,41.6648941
607013258,20,primary,123.3724513,41.6649299
607013258,21,primary,123.3721648,41.6650035
607013258,22,primary,123.3718824,41.6650647
607013258,23,primary,123.3714881,41.665145
607013258,24,primary,123.37078,41.665278
607013258,25,primary,123.3704183,41.6653382
607013258,26,primary,123.3703579,41.665346
607013258,27,primary,123.3703206,41.6653601
607013258,28,primary,123.3702835,41.6653921
607013258,29,primary,123.3702434,41.6655143
607013259,0,primary,123.40168,41.6567702
607013259,1,primary,123.4012875,41.6568121
607013259,2,primary,123.4000719,41.6568546
607013260,0,primary,123.3991938,41.656882
607013260,1,primary,123.3984457,41.6569002
607013260,2,primary,123.3981712,41.6568582
607013262,0,primary,123.4000719,41.6568546
607013262,1,primary,123.3991938,41.656882
607013271,0,primary,123.379473,41.674863
607013271,1,primary,123.3797714,41.6752698
607013271,2,primary,123.3798796,41.6754155
607013271,3,primary,123.3799186,41.6754628
607013271,4,primary,123.3799455,41.6754954
607013271,5,primary,123.3800334,41.6756182
607013271,6,primary,123.3800571,41.6756514
607013271,7,primary,123.3803492,41.6760458
607013271,8,primary,123.3808946,41.6767822
607013271,9,primary,123.382533,41.6789943
607013271,10,primary,123.3825656,41.6790383
607013271,11,primary,123.3826326,41.6791223
607013271,12,primary,123.3827695,41.6793125
607013271,13,primary,123.3848868,41.6821604
607013271,14,primary,123.3862426,41.6839712
607013271,15,primary,123.3872432,41.6852953
607013271,16,primary,123.3873133,41.685393
607013271,17,primary,123.3879417,41.6862039
607013271,18,primary,123.3881762,41.6865549
607013271,19,primary,123.388872,41.6874952
607013271,20,primary,123.3894659,41.6883034
607013271,21,primary,123.389554,41.688444
607013271,22,primary,123.3896978,41.6886735
607013271,23,primary,123.3904218,41.6898571
607013271,24,primary,123.3904841,41.6899647
607013271,25,primary,123.3912306,41.691324
607013271,26,primary,123.3935675,41.6955795
607013271,27,primary,123.3943896,41.6969763
607115765,0,trunk,123.3733028,41.7507786
607115765,1,trunk,123.3734473,41.7506732
607115765,2,trunk,123.3736971,41.7504545
607115765,3,trunk,123.3742555,41.7499343
607115765,4,trunk,123.3745403,41.7496628
607115765,5,trunk,123.3747222,41.7493681
607115765,6,trunk,123.3780887,41.7451568
607115765,7,trunk,123.3782352,41.7449247
607115766,0,trunk,123.3734591,41.7508663
607115766,1,trunk,123.3734236,41.750889
607115766,2,trunk,123.3729557,41.7511875
607115766,3,trunk,123.372929,41.7512045
607115766,4,trunk,123.3717083,41.7517899
607115766,5,trunk,123.3709628,41.7522598
607115766,6,trunk,123.3706812,41.7525348
607115766,7,trunk,123.3704898,41.7527569
607115766,8,trunk,123.3703198,41.7529631
607144109,0,primary,123.4773162,41.6455072
607144109,1,primary,123.4761818,41.6448895
607144109,2,primary,123.4747168,41.6440348
607144109,3,primary,123.4731203,41.6431018
607144109,4,primary,123.4721669,41.6426099
607144109,5,primary,123.4711076,41.6420776
607144109,6,primary,123.4707627,41.641902
607144109,7,primary,123.4698927,41.6414297
607144109,8,primary,123.4691199,41.6409668
607144109,9,primary,123.4672176,41.6397132
607144109,10,primary,123.4666611,41.6393372
607144109,11,primary,123.4664289,41.6391859
607144109,12,primary,123.4574464,41.6333298
607144109,13,primary,123.4555408,41.6320784
607144109,14,primary,123.4545057,41.631396
607492294,0,primary,123.4573731,41.6720811
607492294,1,primary,123.4568019,41.6720878
607492294,2,primary,123.4566655,41.6720876
607492294,3,primary,123.4520666,41.6720685
607492294,4,primary,123.4519433,41.6720729
607492294,5,primary,123.4506703,41.6720881
607492294,6,primary,123.4490057,41.6720874
607492294,7,primary,123.448485,41.6720873
607492294,8,primary,123.4478585,41.6720968
607492294,9,primary,123.44771,41.672099
607492294,10,primary,123.4471974,41.6721035
607492294,11,primary,123.4431273,41.6721097
607492294,12,primary,123.442975,41.6721109
607492294,13,primary,123.4393624,41.6721437
607492294,14,primary,123.4390369,41.6721491
607492294,15,primary,123.4363038,41.672141
607492294,16,primary,123.4323967,41.6721479
607492294,17,primary,123.432299,41.6721483
607492294,18,primary,123.4284821,41.6721635
607492294,19,primary,123.4283616,41.672168
607492294,20,primary,123.4248742,41.6722296
607492294,21,primary,123.423325,41.6723203
607492294,22,primary,123.4217334,41.6724321
607492294,23,primary,123.4186763,41.6726188
607492294,24,primary,123.4149335,41.6728842
607492294,25,primary,123.4148565,41.6728875
607492294,26,primary,123.4147814,41.6728907
607492294,27,primary,123.4147243,41.6728953
607492295,0,primary,123.4576845,41.6720784
607492295,1,primary,123.4573731,41.6720811
607492296,0,primary,123.457366,41.6718527
607492296,1,primary,123.4576987,41.6718531
607492297,0,primary,123.4576987,41.6718531
607492297,1,primary,123.45969,41.6718163
607492297,2,primary,123.460447,41.6718281
607492297,3,primary,123.4605527,41.6718297
607492297,4,primary,123.4606312,41.671831
607492297,5,primary,123.4607302,41.6718325
607492297,6,primary,123.4613649,41.6718424
607492297,7,primary,123.4646673,41.6718553
607492297,8,primary,123.4664605,41.6720241
607492297,9,primary,123.4669547,41.6721063
607492297,10,primary,123.4686848,41.6724416
607492297,11,primary,123.468837,41.672467
607492297,12,primary,123.470373,41.6729081
607492297,13,primary,123.4710687,41.6731439
607492297,14,primary,123.4721057,41.6735485
607492297,15,primary,123.4731741,41.6740247
607492297,16,primary,123.4739245,41.6744218
607492297,17,primary,123.47405,41.6744813
607492297,18,primary,123.4766133,41.6757862
607492297,19,primary,123.4805637,41.6778317
607492297,20,primary,123.4806499,41.6778751
607492297,21,primary,123.4844341,41.6797778
607492297,22,primary,123.484549,41.6798377
607492297,23,primary,123.4846231,41.6798765
607492297,24,primary,123.4847065,41.6799206
607492297,25,primary,123.4848317,41.6799848
607492297,26,primary,123.4860353,41.680591
607492297,27,primary,123.4872967,41.6813325
607492297,28,primary,123.4884913,41.6822278
607492297,29,primary,123.4887599,41.6824357
607492297,30,primary,123.4899077,41.6834028
607492297,31,primary,123.4910183,41.6846415
607492297,32,primary,123.4915495,41.6854164
607492297,33,primary,123.4916406,41.6855493
607492297,34,primary,123.4916649,41.6855849
607492297,35,primary,123.4931855,41.6878144
607492297,36,primary,123.4936494,41.6885939
607492297,37,primary,123.4937502,41.6887632
607492297,38,primary,123.4939817,41.689118
607492298,0,primary,123.4607575,41.6737192
607492298,1,primary,123.4607607,41.6739449
607492299,0,primary,123.4607607,41.6739449
607492299,1,primary,123.4607666,41.674359
607492299,2,primary,123.4607554,41.6765007
607492299,3,primary,123.4607643,41.6769979
607492299,4,primary,123.460765,41.6770786
607492299,5,primary,123.4607697,41.677634
607492299,6,primary,123.4607866,41.6808152
607492299,7,primary,123.460789,41.6812476
607492299,8,primary,123.4607898,41.6813889
607492299,9,primary,123.4607877,41.6814976
607492299,10,primary,123.4607866,41.6815563
607492299,11,primary,123.4607849,41.6816449
607492299,12,primary,123.4607886,41.6817468
607492299,13,primary,123.4608046,41.6821815
607492299,14,primary,123.4607969,41.6836028
607492299,15,primary,123.4607973,41.6836724
607492299,16,primary,123.4608139,41.6857686
607492299,17,primary,123.4608146,41.6858578
607492299,18,primary,123.4608062,41.6917202
607492299,19,primary,123.4607977,41.6920078
607492299,20,primary,123.4607955,41.6920813
607492299,21,primary,123.4608044,41.6924413
607492299,22,primary,123.4609261,41.6959541
607492300,0,primary,123.4604514,41.6737149
607492300,1,primary,123.4604293,41.6725928
607492300,2,primary,123.4604448,41.6720616
607492300,3,primary,123.460447,41.6718281
607492300,4,primary,123.4604491,41.6713255
607492300,5,primary,123.4604297,41.668371
607492300,6,primary,123.4604295,41.6682498
607492300,7,primary,123.4603696,41.6644247
607492300,8,primary,123.46037,41.664009
607492300,9,primary,123.4603705,41.663894
607492300,10,primary,123.4603676,41.6634394
607492300,11,primary,123.4603395,41.6552333
607492300,12,primary,123.4603302,41.6549072
607492300,13,primary,123.4603289,41.6548212
607492300,14,primary,123.4603276,41.6548033
607492300,15,primary,123.4603234,41.6547496
607492300,16,primary,123.4603165,41.6546589
607492300,17,primary,123.4603094,41.6540341
607492300,18,primary,123.460266,41.6494446
607492300,19,primary,123.460265,41.6493735
607492300,20,primary,123.4603003,41.6482946
607492300,21,primary,123.4603435,41.6478593
607492300,22,primary,123.4605286,41.6468182
607492300,23,primary,123.4605767,41.6466219
607492300,24,primary,123.4606255,41.6464621
607492300,25,primary,123.4606664,41.6463442
607492300,26,primary,123.4607035,41.6462624
607492300,27,primary,123.4609485,41.6455736
607492300,28,primary,123.4610979,41.6452141
607492300,29,primary,123.4612287,41.6449175
607492300,30,primary,123.4613828,41.6446034
607492300,31,primary,123.4615229,41.6443521
607492300,32,primary,123.4617937,41.6439019
607492300,33,primary,123.4620459,41.6435216
607492300,34,primary,123.4622327,41.6432563
607492300,35,primary,123.4623694,41.6430649
607492300,36,primary,123.4624115,41.6430077
607492300,37,primary,123.4627091,41.6426107
607492300,38,primary,123.4629145,41.6423594
607492300,39,primary,123.4631434,41.6421047
607492300,40,primary,123.4633862,41.6418499
607492300,41,primary,123.4635824,41.6416544
607492300,42,primary,123.4638065,41.6414485
607492300,43,primary,123.4641007,41.6411938
607492300,44,primary,123.464577,41.6407831
607492300,45,primary,123.4646304,41.640737
607492300,46,primary,123.4664289,41.6391859
607492300,47,primary,123.466788,41.6388908
607492301,0,primary,123.4604559,41.6739449
607492301,1,primary,123.4604514,41.6737149
619886705,0,primary,123.2637332,41.7181154
619886705,1,primary,123.2634365,41.7183165
619886705,2,primary,123.2621823,41.7194826
619886705,3,primary,123.2620137,41.7196443
619886705,4,primary,123.2612221,41.7204554
619886705,5,primary,123.2596425,41.7224066
619886705,6,primary,123.2580597,41.72424
619886705,7,primary,123.2576213,41.7248948
619886705,8,primary,123.2566235,41.7265243
619886705,9,primary,123.2565611,41.7265831
619886705,10,primary,123.2563805,41.7267531
619886705,11,primary,123.2563472,41.7267845
619886705,12,primary,123.2550794,41.7275773
619889500,0,primary,123.2548865,41.727672
619889500,1,primary,123.2524249,41.7292701
619889500,2,primary,123.2499334,41.7330418
619889502,0,primary,123.2550484,41.7274458
619889502,1,primary,123.2554123,41.7272707
619889502,2,primary,123.2562454,41.7266981
619889502,3,primary,123.2564745,41.72652
619889502,4,primary,123.2570887,41.7255991
619889502,5,primary,123.2575022,41.7248691
619889502,6,primary,123.2579468,41.7241968
619889502,7,primary,123.2595208,41.7223583
619889502,8,primary,123.261129,41.7204029
619889502,9,primary,123.2621019,41.7193916
619889502,10,primary,123.2624826,41.7189927
619889502,11,primary,123.2633648,41.7182203
619889502,12,primary,123.2636593,41.7180117
619889503,0,primary,123.2550784,41.7274862
619889503,1,primary,123.2550891,41.7275317
619889503,2,primary,123.2550794,41.7275773
619889503,3,primary,123.2550502,41.7276181
619889503,4,primary,123.2550048,41.7276495
619889503,5,primary,123.2549482,41.7276681
619889503,6,primary,123.2548865,41.727672
619889503,7,primary,123.2548265,41.7276606
619889503,8,primary,123.2547748,41.7276352
619889503,9,primary,123.2547373,41.727599
619889503,10,primary,123.2547175,41.7275557
619889503,11,primary,123.2547175,41.7275099
619889503,12,primary,123.2547373,41.7274666
619889503,13,primary,123.2547595,41.7274452
619889503,14,primary,123.2547748,41.7274304
619889503,15,primary,123.254826,41.7274052
619889503,16,primary,123.2548854,41.7273937
619889503,17,primary,123.2549271,41.7273961
619889503,18,primary,123.2549465,41.7273972
619889503,19,primary,123.2550029,41.7274152
619889503,20,primary,123.2550484,41.7274458
619889503,21,primary,123.2550784,41.7274862
620412789,0,primary,123.4583368,41.8075249
620412789,1,primary,123.4584022,41.807806
620412789,2,primary,123.4584398,41.8079678
620412789,3,primary,123.4589393,41.8086549
620412789,4,primary,123.4593239,41.8090963
620412789,5,primary,123.4600202,41.810046
620412789,6,primary,123.4609928,41.8112431
620412789,7,primary,123.4628163,41.8136773
620412789,8,primary,123.4640261,41.8150237
620412789,9,primary,123.4642452,41.8152189
620412789,10,primary,123.46447,41.8153872
620412791,0,primary,123.4703537,41.8076424
620412791,1,primary,123.4679829,41.8074764
620412791,2,primary,123.4648133,41.8072544
620412791,3,primary,123.4633206,41.8071799
620412791,4,primary,123.4624086,41.8072309
620412791,5,primary,123.4584022,41.807806
620412794,0,primary,123.4583368,41.8075249
620412794,1,primary,123.4605284,41.8072309
620412794,2,primary,123.4623665,41.8069721
620412794,3,primary,123.4633501,41.806907
620412794,4,primary,123.4648597,41.8070049
620412794,5,primary,123.4680274,41.8072616
620412794,6,primary,123.4703734,41.8074518
620412794,7,primary,123.4703537,41.8076424
620747031,0,trunk,123.414588,41.8096386
620747031,1,trunk,123.4144581,41.8094282
620747031,2,trunk,123.4144341,41.8093783
620747031,3,trunk,123.4143713,41.8092476
620747031,4,trunk,123.4140582,41.8085962
620747031,5,trunk,123.4140054,41.8084879
620747031,6,trunk,123.4139786,41.808433
620747031,7,trunk,123.4132511,41.8064962
620747031,8,trunk,123.4132313,41.8064435
620747031,9,trunk,123.4124712,41.8052663
620747031,10,trunk,123.4117205,41.8042734
620747031,11,trunk,123.4117028,41.8042722
620747031,12,trunk,123.4102222,41.8021629
620747031,13,trunk,123.4101165,41.8020483
620747031,14,trunk,123.4093404,41.8011569
620747031,15,trunk,123.4087199,41.8003312
620747031,16,trunk,123.4079617,41.7993501
620747031,17,trunk,123.4068773,41.7979056
620747031,18,trunk,123.4055548,41.7962698
620747031,19,trunk,123.4047613,41.7951216
620747032,0,trunk,123.4147612,41.8096404
620747032,1,trunk,123.4150789,41.8104588
620747032,2,trunk,123.4153612,41.8115766
620747032,3,trunk,123.4154222,41.8118182
620747032,4,trunk,123.4154866,41.8128578
620747032,5,trunk,123.4153793,41.8142011
620747032,6,trunk,123.4152664,41.8161983
620747032,7,trunk,123.4152609,41.8162958
620747032,8,trunk,123.4148683,41.8207345
620747032,9,trunk,123.4147462,41.822007
620747032,10,trunk,123.4145961,41.8235704
620747032,11,trunk,123.4144501,41.8251635
620747032,12,trunk,123.4140761,41.8292461
620747032,13,trunk,123.4139862,41.829427
623139104,0,trunk,123.426982,41.8301562
623139104,1,trunk,123.4274214,41.8301773
623139104,2,trunk,123.4280787,41.8302073
623139104,3,trunk,123.4283655,41.8302225
623139104,4,trunk,123.4284007,41.8302246
623139105,0,trunk,123.4283905,41.8303063
623139105,1,trunk,123.4280986,41.8302945
623139105,2,trunk,123.4274561,41.8302701
623139105,3,trunk,123.4269963,41.8302497
623148580,0,trunk,123.5426603,41.8000119
623148580,1,trunk,123.5421975,41.7998532
623148580,2,trunk,123.5413186,41.7996044
623148581,0,trunk,123.5643201,41.7816547
623148581,1,trunk,123.5642047,41.7817451
623148581,2,trunk,123.5641432,41.7817998
623148581,3,trunk,123.564076,41.781864
645943784,0,trunk,123.308332,41.7774506
645943784,1,trunk,123.3073279,41.7776035
645943784,2,trunk,123.3064579,41.777736
645943784,3,trunk,123.3050982,41.777943
645943784,4,trunk,123.3020365,41.7784093
650564126,0,primary,123.247437,41.7368382
650564126,1,primary,123.2442549,41.7412231
651491809,0,trunk,123.4535271,41.7577978
651491809,1,trunk,123.4531362,41.7577482
651491809,2,trunk,123.4498419,41.757193
651491809,3,trunk,123.447073,41.7565092
651491809,4,trunk,123.4452821,41.7560084
651491809,5,trunk,123.4427242,41.7553051
651491810,0,trunk,123.4539286,41.7578489
651491810,1,trunk,123.453685,41.7578169
651491810,2,trunk,123.4535271,41.7577978
651491811,0,trunk,123.4535546,41.7576859
651491811,1,trunk,123.4538512,41.7577218
651491811,2,trunk,123.4539572,41.7577316
651491812,0,trunk,123.4539572,41.7577316
651491812,1,trunk,123.4557163,41.7578876
651491812,2,trunk,123.4585288,41.7580661
651491812,3,trunk,123.4597879,41.75808
651491812,4,trunk,123.4615606,41.7580857
651491812,5,trunk,123.4619303,41.7580868
651491812,6,trunk,123.463499,41.7581123
651491812,7,trunk,123.4641341,41.7581171
651491812,8,trunk,123.466099,41.7581318
651491823,0,trunk,123.4359632,41.7596401
651491823,1,trunk,123.435941,41.7591417
651491824,0,primary,123.435941,41.7591417
651491824,1,primary,123.4358681,41.7589361
651491824,2,primary,123.435737,41.7569724
651491824,3,primary,123.4357654,41.7566715
651491824,4,primary,123.4358207,41.7565408
651491824,5,primary,123.4360897,41.7556768
651491824,6,primary,123.4363433,41.7553197
651491824,7,primary,123.4364946,41.7551454
651491824,8,primary,123.4368952,41.7546841
651491824,9,primary,123.4379669,41.7540507
651491825,0,trunk,123.4361761,41.7591363
651491825,1,trunk,123.4362007,41.7596454
651491826,0,primary,123.4362007,41.7596454
651491826,1,primary,123.4362505,41.7598643
651491826,2,primary,123.4363594,41.7622911
651491826,3,primary,123.4363697,41.7625576
651491826,4,primary,123.4363706,41.7626466
651491826,5,primary,123.436385,41.7630813
651491826,6,primary,123.4364097,41.7638233
651491826,7,primary,123.4365776,41.767378
651491826,8,primary,123.4366366,41.768627
651491827,0,trunk,123.4362007,41.7596454
651491827,1,trunk,123.4361658,41.7597793
651491827,2,trunk,123.4362186,41.7612501
651491829,0,trunk,123.4362186,41.7612501
651491829,1,trunk,123.4362607,41.7622231
651491829,2,trunk,123.4363144,41.7633244
651491829,3,trunk,123.436479,41.7668959
651491829,4,trunk,123.4365111,41.7673919
651491829,5,trunk,123.4366396,41.770151
651491829,6,trunk,123.43668,41.7709295
651491829,7,trunk,123.4368342,41.7747285
651491829,8,trunk,123.4369994,41.7765378
651491829,9,trunk,123.4372108,41.7797636
651491829,10,trunk,123.4372436,41.7802643
651491829,11,trunk,123.4374346,41.7806778
651491829,12,trunk,123.4376626,41.7809398
651491829,13,trunk,123.441789,41.7850998
651491829,14,trunk,123.4419982,41.7853998
651491829,15,trunk,123.4422503,41.7859878
651491829,16,trunk,123.4428096,41.787394
651491830,0,primary,123.4429586,41.7876068
651491830,1,primary,123.4429829,41.7877747
651491830,2,primary,123.442975,41.7878896
651491830,3,primary,123.4429561,41.7881702
651491830,4,primary,123.4428949,41.7885956
651491830,5,primary,123.4428859,41.7887006
651491830,6,primary,123.4427824,41.789504
651491830,7,primary,123.4426421,41.7905992
651491831,0,trunk,123.4428096,41.787394
651491831,1,trunk,123.4428552,41.7878064
651491831,2,trunk,123.4428501,41.7879955
651491831,3,trunk,123.4428316,41.7883913
651491831,4,trunk,123.4428113,41.7885343
651491831,5,trunk,123.4427336,41.7892363
651491832,0,trunk,123.4461744,41.8117458
651491832,1,trunk,123.446161,41.8114911
651491832,2,trunk,123.4461347,41.8108445
651491832,3,trunk,123.4461062,41.8102056
651491833,0,trunk,123.4360956,41.7612348
651491833,1,trunk,123.4360151,41.7598343
651491833,2,trunk,123.4359632,41.7596401
651491834,0,trunk,123.4426415,41.7892205
651491834,1,trunk,123.4427123,41.7885344
651491834,2,trunk,123.4427206,41.7883611
651491834,3,trunk,123.4427424,41.788108
651491834,4,trunk,123.4427352,41.7878243
651491834,5,trunk,123.4426831,41.7874151
651491835,0,trunk,123.4426831,41.7874151
651491835,1,trunk,123.4420877,41.7858231
651491835,2,trunk,123.4418624,41.7853471
651491835,3,trunk,123.4416961,41.7850991
651491835,4,trunk,123.4377425,41.781083
651491835,5,trunk,123.4374099,41.780727
651491835,6,trunk,123.4372329,41.780383
651491835,7,trunk,123.4371524,41.7799029
651491835,8,trunk,123.4369217,41.7764346
651491835,9,trunk,123.4367843,41.7747329
651491835,10,trunk,123.4366864,41.7731555
651491835,11,trunk,123.4365623,41.7693853
651491835,12,trunk,123.4363209,41.7655643
651491835,13,trunk,123.4362405,41.7634636
651491835,14,trunk,123.43616,41.7622112
651491835,15,trunk,123.4360956,41.7612348
651491840,0,trunk,123.4427336,41.7892363
651491840,1,trunk,123.4426168,41.7901731
651491840,2,trunk,123.4425732,41.7904589
651491840,3,trunk,123.4425161,41.7909433
651491840,4,trunk,123.4423916,41.7952831
651491840,5,trunk,123.4423117,41.7986879
651491840,6,trunk,123.4423838,41.8017869
651491840,7,trunk,123.4427055,41.8028761
651491840,8,trunk,123.4459027,41.8078425
651491840,9,trunk,123.4459885,41.8079664
651491840,10,trunk,123.446128,41.8083943
651491840,11,trunk,123.4461441,41.8086742
651491840,12,trunk,123.4462226,41.8102
651491841,0,trunk,123.4462226,41.8102
651491841,1,trunk,123.4462246,41.8102376
651491841,2,trunk,123.4462568,41.8108173
651491841,3,trunk,123.4463088,41.8114379
651491841,4,trunk,123.4463361,41.8116422
651491842,0,trunk,123.4461062,41.8102056
651491842,1,trunk,123.4459941,41.8086631
651491842,2,trunk,123.4459755,41.8083934
651491842,3,trunk,123.445868,41.808007
651491842,4,trunk,123.445798,41.807913
651491842,5,trunk,123.4449293,41.8065537
651491842,6,trunk,123.4442303,41.8054524
651491842,7,trunk,123.4436125,41.8045239
651491842,8,trunk,123.442949,41.803498
651491842,9,trunk,123.4426084,41.8028759
651491842,10,trunk,123.4423656,41.8021622
651491842,11,trunk,123.4422722,41.8017271
651491842,12,trunk,123.4422395,41.7997114
651491842,13,trunk,123.4422908,41.7963901
651491842,14,trunk,123.4424076,41.7910108
651491842,15,trunk,123.442473,41.7904433
651491842,16,trunk,123.4425672,41.7897984
651491842,17,trunk,123.4426415,41.7892205
651491843,0,primary,123.446814,41.8200453
651491843,1,primary,123.4467979,41.8198956
651491843,2,primary,123.4467856,41.8193323
651491843,3,primary,123.4467031,41.8190492
651491843,4,primary,123.4465923,41.8188135
651491843,5,primary,123.4462519,41.818319
651491843,6,primary,123.4461323,41.8181264
651491843,7,primary,123.4455207,41.8170609
651491843,8,primary,123.4453893,41.8166268
651491843,9,primary,123.4453471,41.8163539
651491843,10,primary,123.4453891,41.815757
651491843,11,primary,123.4454976,41.8152567
651491843,12,primary,123.4455398,41.8150212
651491844,0,trunk,123.4501011,41.8235681
651491844,1,trunk,123.4507709,41.8238772
651491844,2,trunk,123.4515341,41.8242525
651491844,3,trunk,123.4526151,41.8248735
651491844,4,trunk,123.454104,41.8258506
651491844,5,trunk,123.4551856,41.8265734
651491844,6,trunk,123.4566613,41.8276862
651491844,7,trunk,123.4571531,41.8281085
651491844,8,trunk,123.4577207,41.8286268
651491845,0,trunk,123.4461814,41.8123217
651491845,1,trunk,123.4461719,41.8119557
651491845,2,trunk,123.4461744,41.8117458
651491846,0,primary,123.4463302,41.8123472
651491846,1,primary,123.4463768,41.81259
651491846,2,primary,123.446346,41.8128603
651491846,3,primary,123.4463013,41.8131829
651491846,4,primary,123.4462243,41.8134791
651491846,5,primary,123.4459633,41.8146076
651491846,6,primary,123.4459031,41.8148677
651491847,0,trunk,123.4463361,41.8116422
651491847,1,trunk,123.4463463,41.8120015
651491847,2,trunk,123.4463302,41.8123472
651491848,0,primary,123.445997,41.8104585
651491848,1,primary,123.445888,41.8088321
651491848,2,primary,123.4458754,41.8087057
651491848,3,primary,123.445857,41.8085655
651491848,4,primary,123.4458316,41.8083104
651491848,5,primary,123.4458183,41.8081754
651491849,0,trunk,123.4463302,41.8123472
651491849,1,trunk,123.4462666,41.8127059
651491849,2,trunk,123.446233,41.8128663
651491851,0,trunk,123.4461287,41.8128612
651491851,1,trunk,123.4461691,41.8126257
651491851,2,trunk,123.4461814,41.8123217
651491852,0,trunk,123.446233,41.8128663
651491852,1,trunk,123.4461321,41.8133048
651491852,2,trunk,123.4455743,41.8158016
651491852,3,trunk,123.4455216,41.8162641
651491852,4,trunk,123.4455801,41.8166131
651491852,5,trunk,123.4457499,41.8170538
651491852,6,trunk,123.4466338,41.8186279
651491852,7,trunk,123.4468153,41.8189821
651491852,8,trunk,123.4469441,41.8193529
651491852,9,trunk,123.447026,41.8199288
651491852,10,trunk,123.4471958,41.8215821
651491852,11,trunk,123.4472953,41.8219268
651491852,12,trunk,123.4475002,41.8222496
651491852,13,trunk,123.4478339,41.8225244
651491852,14,trunk,123.4484954,41.8228734
651491852,15,trunk,123.44911,41.8231439
651491854,0,trunk,123.4490791,41.8231978
651491854,1,trunk,123.4481734,41.8227862
651491854,2,trunk,123.4477988,41.8225942
651491854,3,trunk,123.4475412,41.822411
651491854,4,trunk,123.4473246,41.8221711
651491854,5,trunk,123.4471314,41.8218657
651491854,6,trunk,123.447067,41.8214993
651491854,7,trunk,123.4469031,41.819667
651491854,8,trunk,123.4468504,41.8193747
651491854,9,trunk,123.4467275,41.8189733
651491854,10,trunk,123.4465636,41.8186505
651491854,11,trunk,123.4456445,41.8170625
651491854,12,trunk,123.4455333,41.8168094
651491854,13,trunk,123.4454514,41.8165041
651491854,14,trunk,123.4454338,41.8161987
651491854,15,trunk,123.4454689,41.8159587
651491854,16,trunk,123.4455333,41.8156184
651491854,17,trunk,123.4460413,41.8132847
651491854,18,trunk,123.4461287,41.8128612
651491856,0,trunk,123.4647852,41.8426369
651491856,1,trunk,123.4649151,41.8430474
651491856,2,trunk,123.4650354,41.8433629
651491856,3,trunk,123.4650634,41.8434362
651491856,4,trunk,123.4653503,41.8442192
651491857,0,trunk,123.4646934,41.8426572
651491857,1,trunk,123.4635073,41.8387792
651491857,2,trunk,123.4634092,41.8384451
651491857,3,trunk,123.4633723,41.8380654
651491857,4,trunk,123.4632211,41.8366079
651491857,5,trunk,123.4630701,41.8356423
651491857,6,trunk,123.4629794,41.8353033
651491857,7,trunk,123.4628088,41.8349708
651491857,8,trunk,123.4613861,41.8327158
651491866,0,trunk,123.4742787,41.8827638
651491866,1,trunk,123.474303,41.8830091
651491866,2,trunk,123.4743764,41.8836675
651491866,3,trunk,123.4745773,41.8854696
651491867,0,trunk,123.474149,41.8827835
651491867,1,trunk,123.4737246,41.8787157
651491867,2,trunk,123.4731305,41.8737393
651491867,3,trunk,123.4732711,41.8728834
651491869,0,trunk,123.4820348,41.8957859
651491869,1,trunk,123.477309,41.8916097
651491869,2,trunk,123.4767282,41.8909786
651491869,3,trunk,123.4761245,41.8901962
651491869,4,trunk,123.4753957,41.8888861
651491869,5,trunk,123.4748517,41.8879318
651491869,6,trunk,123.474792,41.8877859
651491869,7,trunk,123.4747335,41.8876254
651491869,8,trunk,123.4746926,41.8874738
651491869,9,trunk,123.4746561,41.8872981
651491869,10,trunk,123.4744529,41.8854982
651491870,0,trunk,123.4745773,41.8854696
651491870,1,trunk,123.4748118,41.8872821
651491870,2,trunk,123.4748467,41.8874587
651491870,3,trunk,123.4748833,41.8876069
651491870,4,trunk,123.4749375,41.8877558
651491870,5,trunk,123.4749946,41.8879001
651491870,6,trunk,123.4754613,41.8888371
651491870,7,trunk,123.4761981,41.8901369
651491870,8,trunk,123.476782,41.8908823
651491870,9,trunk,123.4773897,41.8915534
651491870,10,trunk,123.4821187,41.8957324
651491871,0,trunk,123.4744529,41.8854982
651491871,1,trunk,123.4742596,41.8838441
651491871,2,trunk,123.474149,41.8827835
651491883,0,motorway,123.4890908,41.9038329
651491883,1,motorway,123.4842968,41.9057578
651491883,2,motorway,123.4836225,41.90604
651621035,0,trunk,123.4047255,41.8574844
651621035,1,trunk,123.4040216,41.8575511
651621035,2,trunk,123.4012252,41.8574171
651621035,3,trunk,123.4011095,41.8574125
651621036,0,trunk,123.3846495,41.8567252
651621036,1,trunk,123.382181,41.856666
651621036,2,trunk,123.3812899,41.8566312
651621036,3,trunk,123.3810327,41.8566214
651621037,0,trunk,123.3846301,41.8566262
651621037,1,trunk,123.3859217,41.8566612
651621037,2,trunk,123.3925491,41.8568334
651621037,3,trunk,123.394468,41.8569168
651621037,4,trunk,123.4010632,41.857201
651621038,0,trunk,123.3817907,41.8564719
651621038,1,trunk,123.3834056,41.8565185
651621038,2,trunk,123.3856375,41.8565609
651621038,3,trunk,123.3889428,41.8566336
651621038,4,trunk,123.3924647,41.8567357
651621038,5,trunk,123.3926654,41.856748
651621038,6,trunk,123.3949393,41.8567971
651621038,7,trunk,123.3976835,41.8569122
651621038,8,trunk,123.4011398,41.8570705
651621038,9,trunk,123.4012533,41.8570761
651621038,10,trunk,123.4029333,41.8572016
651621038,11,trunk,123.4038427,41.8572695
651621038,12,trunk,123.4040815,41.8573032
651621038,13,trunk,123.4045613,41.857371
651621039,0,trunk,123.4011095,41.8574125
651621039,1,trunk,123.3960939,41.8572241
651621039,2,trunk,123.3936872,41.857112
651621039,3,trunk,123.3925984,41.8570739
651621039,4,trunk,123.3923956,41.8570687
651621039,5,trunk,123.3874711,41.8569182
651621039,6,trunk,123.3873408,41.8569138
651621039,7,trunk,123.3842106,41.8568092
651621039,8,trunk,123.3831683,41.8567899
651621040,0,trunk,123.4037735,41.8574344
651621040,1,trunk,123.4010499,41.8572912
651621041,0,trunk,123.4037814,41.8573331
651621041,1,trunk,123.4045613,41.857371
651621041,2,trunk,123.4047338,41.8573794
651621042,0,trunk,123.3810327,41.8566214
651621042,1,trunk,123.3790397,41.8565462
651621042,2,trunk,123.3759215,41.8564498
651621042,3,trunk,123.3752981,41.8564283
651621042,4,trunk,123.3746178,41.8563826
651621042,5,trunk,123.3741797,41.8563279
651621042,6,trunk,123.3739122,41.8562812
651621042,7,trunk,123.3736897,41.8562264
651621042,8,trunk,123.3734632,41.8561533
651621042,9,trunk,123.3683929,41.8543128
651621042,10,trunk,123.3652659,41.8531828
651621042,11,trunk,123.3646359,41.8529443
651621042,12,trunk,123.3602797,41.8511979
651621042,13,trunk,123.3593634,41.8508487
651621042,14,trunk,123.3555422,41.8493601
651621042,15,trunk,123.3538508,41.8487012
651621042,16,trunk,123.3512578,41.8477105
651621043,0,trunk,123.3810153,41.8565231
651621043,1,trunk,123.3823395,41.8565597
651621043,2,trunk,123.3826701,41.8565693
651621043,3,trunk,123.382768,41.8565721
651621043,4,trunk,123.3846301,41.8566262
651621047,0,trunk,123.3426006,41.8379114
651621047,1,trunk,123.3419731,41.8369727
651621047,2,trunk,123.3416936,41.8365726
651621047,3,trunk,123.3414013,41.8361444
651621047,4,trunk,123.3413061,41.836005
651621047,5,trunk,123.3409874,41.8356403
651621048,0,trunk,123.342724,41.8378408
651621048,1,trunk,123.3445061,41.8407014
651621048,2,trunk,123.3467669,41.8443779
651621053,0,trunk,123.3507686,41.8473184
651621053,1,trunk,123.351415,41.8475822
651621053,2,trunk,123.3516549,41.8476674
651621053,3,trunk,123.3520936,41.8478459
651621053,4,trunk,123.3614463,41.8514619
651621053,5,trunk,123.3647573,41.8527739
651621053,6,trunk,123.3661961,41.8533117
651621053,7,trunk,123.3690291,41.8543511
651621053,8,trunk,123.3732808,41.8558718
651621053,9,trunk,123.373975,41.8560606
651621053,10,trunk,123.3741557,41.856096
651621053,11,trunk,123.3742504,41.8561095
651621053,12,trunk,123.3752357,41.856249
651621053,13,trunk,123.3782286,41.8563295
651621053,14,trunk,123.3803623,41.8564263
651621053,15,trunk,123.3810346,41.8564568
651621053,16,trunk,123.3817907,41.8564719
651621054,0,trunk,123.3831683,41.8567899
651621054,1,trunk,123.3816569,41.8567485
651621054,2,trunk,123.3782048,41.8566485
651621054,3,trunk,123.375064,41.8565567
651621054,4,trunk,123.3744257,41.8565047
651621054,5,trunk,123.3740422,41.8564339
651621054,6,trunk,123.3739001,41.8564077
651621054,7,trunk,123.3730524,41.8561731
651621054,8,trunk,123.3691363,41.8546708
651621054,9,trunk,123.3645779,41.8530369
651621054,10,trunk,123.3602304,41.8512759
651621054,11,trunk,123.3568485,41.8499735
651621054,12,trunk,123.3566251,41.8498868
651621054,13,trunk,123.3514444,41.8478906
651621067,0,trunk,123.3225979,41.8082512
651621067,1,trunk,123.3234247,41.8100116
651621067,2,trunk,123.3247658,41.8130293
651621067,3,trunk,123.3255559,41.814825
651621067,4,trunk,123.3270672,41.8182258
651621067,5,trunk,123.3271919,41.8185124
651621067,6,trunk,123.3284453,41.8215609
651621067,7,trunk,123.3310686,41.8274591
651621068,0,trunk,123.3224911,41.8082699
651621068,1,trunk,123.3221408,41.8074979
651621068,2,trunk,123.3218185,41.8069197
651621068,3,trunk,123.3216277,41.8065689
651621068,4,trunk,123.3212864,41.8057596
651621070,0,trunk,123.3310686,41.8274591
651621070,1,trunk,123.3312274,41.827846
651621070,2,trunk,123.3313502,41.8280823
651621071,0,trunk,123.3309405,41.827488
651621071,1,trunk,123.3283205,41.8216042
651621071,2,trunk,123.3270844,41.8185428
651621071,3,trunk,123.3269519,41.8182514
651621071,4,trunk,123.3254409,41.8148574
651621071,5,trunk,123.3246473,41.8130601
651621071,6,trunk,123.3233192,41.8100363
651621071,7,trunk,123.3224911,41.8082699
651621076,0,primary,123.3236063,41.802703
651621076,1,primary,123.3242443,41.8027038
651621076,2,primary,123.3248831,41.8026954
651621076,3,primary,123.3260033,41.8026807
651621076,4,primary,123.3278887,41.8026756
651621076,5,primary,123.3295335,41.802669
651621076,6,primary,123.3316799,41.8026738
651621076,7,primary,123.3320303,41.8026376
651621076,8,primary,123.3325347,41.8025363
651621076,9,primary,123.3359495,41.8016923
651621076,10,primary,123.3391318,41.8008391
651621076,11,primary,123.3424191,41.8000725
651621077,0,primary,123.3236064,41.8027952
651621077,1,primary,123.3219859,41.8028044
651621077,2,primary,123.3218003,41.8028009
651621077,3,primary,123.3212556,41.8027851
651621078,0,trunk,123.3188358,41.8023889
651621078,1,trunk,123.3145671,41.8003991
651621078,2,trunk,123.3137354,41.8000384
651621078,3,trunk,123.3131217,41.7998881
651621078,4,trunk,123.3125411,41.799754
651621078,5,trunk,123.3117394,41.7997135
651621078,6,trunk,123.3077674,41.7995945
651621079,0,trunk,123.3188778,41.8022508
651621079,1,trunk,123.3194201,41.802439
651621079,2,trunk,123.3195861,41.8024809
651621079,3,trunk,123.3201476,41.8025918
651621079,4,trunk,123.3204132,41.8026377
651621079,5,trunk,123.3212503,41.8026634
651621083,0,trunk,123.3214457,41.8057068
651621083,1,trunk,123.3219956,41.806966
651621083,2,trunk,123.3222339,41.8074697
651621083,3,trunk,123.3223747,41.8077401
651621083,4,trunk,123.3225979,41.8082512
651621084,0,trunk,123.3209054,41.8048564
651621084,1,trunk,123.3207252,41.8037831
651621084,2,trunk,123.3207112,41.8033644
651621089,0,trunk,123.3206067,41.7989964
651621089,1,trunk,123.320598,41.7984722
651621089,2,trunk,123.3206168,41.7983358
651621089,3,trunk,123.3206195,41.7979024
651621089,4,trunk,123.3206264,41.7968099
651621090,0,trunk,123.3207845,41.7989924
651621090,1,trunk,123.3208382,41.8005501
651621090,2,trunk,123.3209023,41.8017285
651621094,0,trunk,123.3206264,41.7968099
651621094,1,trunk,123.320638,41.7949519
651621094,2,trunk,123.3206279,41.7919272
651621094,3,trunk,123.3205854,41.7875399
651621094,4,trunk,123.3204946,41.7836101
651621094,5,trunk,123.3204243,41.7816322
651621095,0,trunk,123.3207651,41.7967943
651621095,1,trunk,123.3207975,41.7978913
651621095,2,trunk,123.3208091,41.7982823
651621095,3,trunk,123.3208076,41.7983223
651621095,4,trunk,123.3208022,41.7984653
651621095,5,trunk,123.3207914,41.7987515
651621095,6,trunk,123.3207845,41.7989924
651621097,0,trunk,123.3204243,41.7816322
651621097,1,trunk,123.3204238,41.7807275
651621097,2,trunk,123.320423,41.7804393
651621097,3,trunk,123.3204246,41.7803642
651621098,0,trunk,123.3205542,41.7816501
651621098,1,trunk,123.3206349,41.7836805
651621098,2,trunk,123.3206885,41.7875187
651621098,3,trunk,123.3207717,41.7901531
651621098,4,trunk,123.3207506,41.7920856
651621098,5,trunk,123.3207717,41.7948077
651621098,6,trunk,123.3207651,41.7967943
651621104,0,primary,123.3798581,41.7550763
651621104,1,primary,123.3808524,41.7558609
651621104,2,primary,123.3812886,41.7561851
651621104,3,primary,123.3817797,41.7565265
651621104,4,primary,123.382116,41.7567509
651621104,5,primary,123.3823919,41.7569233
651621104,6,primary,123.3827133,41.7570992
651621104,7,primary,123.3830902,41.7572863
651621104,8,primary,123.384177,41.7577284
651621104,9,primary,123.3854416,41.758221
651621104,10,primary,123.3857363,41.7583913
651621116,0,trunk,123.3952256,41.7605437
651621116,1,trunk,123.3961166,41.7605744
651621116,2,trunk,123.3966213,41.760568
651621116,3,trunk,123.3975929,41.7605306
651621116,4,trunk,123.3997413,41.7603986
651621116,5,trunk,123.4002792,41.7603568
651621116,6,trunk,123.4006767,41.7603111
651621116,7,trunk,123.4011639,41.7602572
651621116,8,trunk,123.4016844,41.760192
651621116,9,trunk,123.4022625,41.7601146
651621116,10,trunk,123.4029406,41.7600045
651621116,11,trunk,123.4033942,41.7599222
651621116,12,trunk,123.4037424,41.7598494
651621116,13,trunk,123.4041808,41.7597605
651621116,14,trunk,123.4046448,41.7596523
651621116,15,trunk,123.4051663,41.75953
651621116,16,trunk,123.4057769,41.7593722
651621116,17,trunk,123.4066598,41.7591307
651621116,18,trunk,123.4077727,41.7588182
651621116,19,trunk,123.409112,41.7584346
651621116,20,trunk,123.4098124,41.7582427
651621117,0,trunk,123.3947261,41.7606561
651621117,1,trunk,123.3941225,41.7606197
651621117,2,trunk,123.3934929,41.7605538
651621117,3,trunk,123.393002,41.7605054
651621117,4,trunk,123.391643,41.7602973
651621118,0,trunk,123.3947296,41.7605235
651621118,1,trunk,123.3952256,41.7605437
651621119,0,trunk,123.3952007,41.7606766
651621119,1,trunk,123.3947261,41.7606561
651661063,0,trunk,123.4646213,41.7780815
651661063,1,trunk,123.4669609,41.7796418
651661063,2,trunk,123.4672678,41.7798427
651661063,3,trunk,123.4713855,41.7825522
651661063,4,trunk,123.4752728,41.785107
651661063,5,trunk,123.4758958,41.7856676
651661063,6,trunk,123.476401,41.7862706
651661063,7,trunk,123.4767087,41.7867602
651661065,0,trunk,123.4644843,41.7781661
651661065,1,trunk,123.4638809,41.7777749
651661065,2,trunk,123.4618782,41.7764763
651661067,0,primary,123.4618782,41.7764763
651661067,1,primary,123.4586373,41.7743593
651661067,2,primary,123.4585084,41.7742595
651661067,3,primary,123.4523792,41.7683683
651661067,4,primary,123.4522869,41.7683445
651661069,0,trunk,123.4620193,41.7763674
651661069,1,trunk,123.4639955,41.7776693
651661069,2,trunk,123.4646213,41.7780815
651661084,0,trunk,123.4832889,41.803896
651661084,1,trunk,123.4832178,41.8043922
651661084,2,trunk,123.4832078,41.8045171
651661084,3,trunk,123.4830877,41.8049895
651661084,4,trunk,123.4829809,41.805229
651661087,0,trunk,123.4830935,41.8039205
651661087,1,trunk,123.4830911,41.8035344
651661087,2,trunk,123.4830298,41.8031448
651661087,3,trunk,123.4828917,41.8027208
651661087,4,trunk,123.4825419,41.8021239
651661087,5,trunk,123.4822814,41.8016546
651661087,6,trunk,123.4810598,41.7999711
651661087,7,trunk,123.4805811,41.7992347
651661087,8,trunk,123.4804116,41.7988871
651661087,9,trunk,123.4803593,41.7987621
651661087,10,trunk,123.4800754,41.7977002
651661087,11,trunk,123.4795148,41.7955882
651661087,12,trunk,123.4792101,41.7942677
651661087,13,trunk,123.478768,41.7924516
651661087,14,trunk,123.4785155,41.7915471
651661087,15,trunk,123.4778536,41.7892672
651661087,16,trunk,123.477669,41.7886888
651661087,17,trunk,123.477444,41.7882695
651661087,18,trunk,123.4769385,41.787396
651661087,19,trunk,123.4767758,41.7871404
651661092,0,trunk,123.4790228,41.8067745
651661092,1,trunk,123.4807451,41.8074083
651661092,2,trunk,123.4824396,41.8080376
651661092,3,trunk,123.4829973,41.8082994
651661092,4,trunk,123.4834379,41.8084923
651661092,5,trunk,123.4849438,41.8095859
651661094,0,trunk,123.4849438,41.8095859
651661094,1,trunk,123.4850678,41.8096819
651661094,2,trunk,123.485496,41.8099965
651661094,3,trunk,123.4861122,41.8104007
651661094,4,trunk,123.4867346,41.8107199
651661094,5,trunk,123.488195,41.8114709
651661098,0,trunk,123.4790727,41.8068883
651661098,1,trunk,123.4776357,41.8063739
651661098,2,trunk,123.4761266,41.8057708
651661098,3,trunk,123.4751529,41.8053536
651661098,4,trunk,123.4749095,41.8052852
651661098,5,trunk,123.4747869,41.8052591
651661100,0,trunk,123.4849583,41.8097242
651661100,1,trunk,123.4837869,41.808822
651661100,2,trunk,123.4832454,41.8085055
651661100,3,trunk,123.4828667,41.8083076
651661100,4,trunk,123.4822898,41.8080728
651661100,5,trunk,123.480637,41.8074529
651661100,6,trunk,123.4790727,41.8068883
651661126,0,trunk,123.4801317,41.8114719
651661126,1,trunk,123.4807437,41.8100607
651661126,2,trunk,123.4809759,41.8095557
651661128,0,trunk,123.4793915,41.8128843
651661128,1,trunk,123.4796679,41.8124503
651661128,2,trunk,123.4797773,41.812256
651661128,3,trunk,123.4798704,41.8120908
651661128,4,trunk,123.4800358,41.8116993
651661128,5,trunk,123.4800698,41.8116188
651661128,6,trunk,123.4801317,41.8114719
651665763,0,trunk,123.3806236,41.810868
651665763,1,trunk,123.3817486,41.8106035
651665763,2,trunk,123.3830349,41.810301
651665763,3,trunk,123.3847659,41.8099052
651665763,4,trunk,123.3857604,41.8095511
651665763,5,trunk,123.3893231,41.807584
651665768,0,trunk,123.3634391,41.8162882
651665768,1,trunk,123.3604138,41.8175567
651665768,2,trunk,123.3594653,41.8178534
651665768,3,trunk,123.3588281,41.8180252
651665768,4,trunk,123.3533867,41.8194834
651665768,5,trunk,123.3519514,41.8198734
651665768,6,trunk,123.3473228,41.8210962
651696814,0,trunk,123.3135048,41.7765509
651696814,1,trunk,123.308332,41.7774506
651696817,0,trunk,123.3140844,41.7764635
651696817,1,trunk,123.3135048,41.7765509
651696820,0,trunk,123.3137313,41.7764038
651696820,1,trunk,123.3141661,41.7763289
651696824,0,trunk,123.3141661,41.7763289
651696824,1,trunk,123.3154967,41.7760999
651696824,2,trunk,123.3164397,41.7759737
651696824,3,trunk,123.3170847,41.7758874
651696824,4,trunk,123.3183807,41.7757742
651696824,5,trunk,123.3201062,41.7757611
652083201,0,trunk,123.3077674,41.7995945
652083201,1,trunk,123.3065335,41.7996403
652083201,2,trunk,123.3049086,41.7995813
652083201,3,trunk,123.3031791,41.7994069
652083201,4,trunk,123.302669,41.7993383
652083201,5,trunk,123.3008113,41.7989947
652083201,6,trunk,123.2998354,41.7987437
652083201,7,trunk,123.2982055,41.7983006
652083201,8,trunk,123.2981156,41.7982767
652083201,9,trunk,123.2946137,41.7973937
652083201,10,trunk,123.2892701,41.7960464
652083201,11,trunk,123.2837563,41.7946211
652083201,12,trunk,123.2821919,41.7942532
652083201,13,trunk,123.2820755,41.7942254
652083201,14,trunk,123.2806165,41.7938211
652083201,15,trunk,123.2802969,41.7937325
652083201,16,trunk,123.2770071,41.7928888
652083201,17,trunk,123.2748959,41.7923474
652083201,18,trunk,123.2737534,41.7920506
652083201,19,trunk,123.2735596,41.7920003
652083201,20,trunk,123.2729916,41.7918545
652083201,21,trunk,123.272754,41.7918007
652083201,22,trunk,123.272517,41.7917471
652083202,0,trunk,123.2451177,41.7937358
652083202,1,trunk,123.2452364,41.7937603
652083202,2,trunk,123.2492386,41.7943564
652083209,0,trunk,123.3061142,41.799545
652083209,1,trunk,123.3055926,41.7995383
652083209,2,trunk,123.3050061,41.7994985
652083209,3,trunk,123.3033086,41.7993034
652083209,4,trunk,123.3023167,41.7991371
652083209,5,trunk,123.3011183,41.798946
652083209,6,trunk,123.2997592,41.798612
652083209,7,trunk,123.2891956,41.7959353
652083209,8,trunk,123.2818753,41.7940831
652083209,9,trunk,123.2789155,41.7933343
652083209,10,trunk,123.2780116,41.7931057
652083209,11,trunk,123.2763896,41.7927017
652083209,12,trunk,123.2735264,41.7919211
652083209,13,trunk,123.2696983,41.7910321
652083209,14,trunk,123.2692593,41.7909354
652083209,15,trunk,123.2687518,41.7908555
652083213,0,trunk,123.307755,41.7995124
652083213,1,trunk,123.3100894,41.7995787
652083213,2,trunk,123.3125552,41.7996532
652083213,3,trunk,123.3129029,41.7996991
652083213,4,trunk,123.3133763,41.799797
652083213,5,trunk,123.3137998,41.7999492
652083213,6,trunk,123.3145253,41.8002666
652083213,7,trunk,123.3188778,41.8022508
652083241,0,trunk,123.2491881,41.7944599
652083241,1,trunk,123.2452334,41.7938607
652083241,2,trunk,123.2451188,41.7938456
652083243,0,trunk,123.2492386,41.7943564
652083243,1,trunk,123.2509047,41.7945728
652083243,2,trunk,123.2524636,41.7948034
652083243,3,trunk,123.2530316,41.7948222
652083243,4,trunk,123.2538268,41.794794
652083243,5,trunk,123.2546914,41.7946999
652083243,6,trunk,123.255575,41.7945164
652083243,7,trunk,123.2567552,41.7941258
652083243,8,trunk,123.2641518,41.7914391
652083243,9,trunk,123.2648993,41.7911702
652083243,10,trunk,123.2657207,41.7909319
652083243,11,trunk,123.2662934,41.7908243
652083243,12,trunk,123.2668615,41.7907653
652083243,13,trunk,123.2672013,41.790741
652083243,14,trunk,123.2678718,41.7907271
652083243,15,trunk,123.26837,41.790734
652083243,16,trunk,123.2689241,41.7907757
652083247,0,primary,123.2451385,41.7824116
652083247,1,primary,123.2451881,41.7824836
652083247,2,primary,123.2452648,41.7874196
652083247,3,primary,123.245262,41.7880368
652083247,4,primary,123.2452364,41.7937603
652083247,5,primary,123.2452334,41.7938607
652083249,0,primary,123.2451188,41.7938456
652083249,1,primary,123.2451177,41.7937358
652083249,2,primary,123.2451218,41.7929643
652083249,3,primary,123.2451689,41.787423
652083249,4,primary,123.2450712,41.7824987
652083249,5,primary,123.2451385,41.7824116
652083256,0,motorway,123.2400374,41.7943545
652083256,1,motorway,123.239039,41.7941176
652083256,2,motorway,123.2368818,41.7935065
652083256,3,motorway,123.2348965,41.7928436
652083256,4,motorway,123.2332024,41.7921928
652083256,5,motorway,123.2303353,41.790912
652083256,6,motorway,123.2225161,41.7873346
652083259,0,motorway,123.2405003,41.794463
652083259,1,motorway,123.2400374,41.7943545
652083263,0,motorway,123.2400435,41.7941864
652083263,1,motorway,123.2405339,41.7943077
652083268,0,motorway,123.2405339,41.7943077
652083268,1,motorway,123.2408098,41.7943682
652083268,2,motorway,123.2433161,41.7948353
652083268,3,motorway,123.2457193,41.7951488
652083268,4,motorway,123.2478222,41.7953024
652083268,5,motorway,123.2501825,41.7954176
652083268,6,motorway,123.2533357,41.7954652
652423723,0,primary,123.5056523,41.9619569
652423723,1,primary,123.5110454,41.962007
652423723,2,primary,123.5208725,41.9622622
652423723,3,primary,123.5283794,41.9623826
652423723,4,primary,123.528572,41.9623857
652423723,5,primary,123.5347018,41.9625414
652423723,6,primary,123.5423289,41.9627086
652423723,7,primary,123.5452705,41.9627671
652423723,8,primary,123.5476379,41.9626769
652423723,9,primary,123.548987,41.9625477
652423723,10,primary,123.549166,41.9625339
652423723,11,primary,123.5504457,41.9623295
652423723,12,primary,123.5512554,41.9621961
652423723,13,primary,123.5527656,41.9618633
652423723,14,primary,123.555604,41.9610187
652423723,15,primary,123.5671974,41.9570479
652423723,16,primary,123.5679647,41.9567889
652423724,0,primary,123.5056563,41.9620849
652423724,1,primary,123.5054318,41.9620832
652423736,0,primary,123.4622383,41.9530814
652423736,1,primary,123.4592941,41.9520949
652423736,2,primary,123.4467743,41.9478627
652423736,3,primary,123.4452706,41.9473811
652423736,4,primary,123.4444892,41.9471216
652423736,5,primary,123.4434736,41.946825
652423736,6,primary,123.4424606,41.9465612
652423736,7,primary,123.4418436,41.946409
652423736,8,primary,123.4412935,41.9462979
652423736,9,primary,123.4412297,41.9462804
652423736,10,primary,123.4402621,41.9460986
652423736,11,primary,123.4393694,41.9459512
652423736,12,primary,123.4382683,41.9458306
652423736,13,primary,123.436816,41.9457161
652423736,14,primary,123.4318308,41.945323
652423736,15,primary,123.4316991,41.9453126
652423736,16,primary,123.4258301,41.9448824
652423736,17,primary,123.4257111,41.9448737
652423736,18,primary,123.4229416,41.9446644
652423736,19,primary,123.4219095,41.9445864
652423736,20,primary,123.4183422,41.9443091
652423736,21,primary,123.4182437,41.9443003
652423736,22,primary,123.4152692,41.9440959
652423736,23,primary,123.4146721,41.9440662
652423736,24,primary,123.4135081,41.9440671
652423736,25,primary,123.4130579,41.9440381
652423736,26,primary,123.4126312,41.9440023
652423736,27,primary,123.4116826,41.9439141
652423736,28,primary,123.4114839,41.9438967
652423736,29,primary,123.4105524,41.9438284
652423736,30,primary,123.4088667,41.9437273
652423736,31,primary,123.4071152,41.9435765
652423736,32,primary,123.4048464,41.9434445
652423736,33,primary,123.4046704,41.9434147
652423736,34,primary,123.4028218,41.9433301
652423736,35,primary,123.4026353,41.9433221
652423736,36,primary,123.3947208,41.9426578
652423736,37,primary,123.3945995,41.9426498
652423736,38,primary,123.3910235,41.9423837
652423736,39,primary,123.3875101,41.9421037
652423736,40,primary,123.3873541,41.9420895
652485696,0,trunk,123.4022053,41.973304
652485696,1,trunk,123.3978576,41.9725103
652485696,2,trunk,123.3958745,41.972051
652485696,3,trunk,123.3940152,41.9716072
652485696,4,trunk,123.3937614,41.9715352
652485696,5,trunk,123.3919727,41.9710615
652485696,6,trunk,123.3917166,41.970985
652485696,7,trunk,123.3902226,41.9705083
652485696,8,trunk,123.3894326,41.9702392
652485696,9,trunk,123.3887367,41.9700096
652485696,10,trunk,123.3870688,41.9694044
652485696,11,trunk,123.3857606,41.9689084
652485696,12,trunk,123.38506,41.9686008
652485696,13,trunk,123.3847106,41.9684572
652485696,14,trunk,123.3836061,41.967995
652485696,15,trunk,123.3829654,41.9677084
652485696,16,trunk,123.3807653,41.9666631
652485698,0,primary,123.402491,41.9733612
652485698,1,primary,123.4023891,41.9733401
652485698,2,primary,123.4022053,41.973304
652873292,0,primary,123.4265495,41.7691607
652873292,1,primary,123.4259565,41.7691787
652873292,2,primary,123.425477,41.7692082
652873292,3,primary,123.4249593,41.7692322
652873292,4,primary,123.4246053,41.7692242
652873292,5,primary,123.4240605,41.7691335
652873298,0,primary,123.4263379,41.7688877
652873298,1,primary,123.4287906,41.7687922
652873303,0,primary,123.431796,41.7687128
652873303,1,primary,123.432163,41.7686823
652873303,2,primary,123.4326265,41.7686698
652873305,0,primary,123.4317168,41.7690065
652873305,1,primary,123.4297898,41.7690664
652873305,2,primary,123.4297446,41.7690806
652873305,3,primary,123.4297017,41.7691086
652873305,4,primary,123.4296549,41.769142
653247019,0,primary,123.4783001,41.7230957
653247019,1,primary,123.4780678,41.7236495
653247020,0,primary,123.4780678,41.7236495
653247020,1,primary,123.478006,41.7237968
653247020,2,primary,123.4777738,41.724168
653247020,3,primary,123.4773964,41.7244989
653247020,4,primary,123.476953,41.7247357
653247020,5,primary,123.476335,41.7249119
653247020,6,primary,123.4725612,41.7256947
653247020,7,primary,123.4721526,41.72578
653247020,8,primary,123.4717146,41.7259156
653247020,9,primary,123.4713009,41.7260905
653247020,10,primary,123.4696067,41.7273234
653247020,11,primary,123.4676331,41.7288328
653247020,12,primary,123.4657797,41.7306407
653247020,13,primary,123.4654927,41.7309666
653247020,14,primary,123.4652588,41.7314026
653247020,15,primary,123.465151,41.7318569
653247020,16,primary,123.4652126,41.7336558
653247020,17,primary,123.4653098,41.7355382
653247020,18,primary,123.4653403,41.7361208
653247021,0,primary,123.4778887,41.7236299
653247021,1,primary,123.4781051,41.7231078
653247022,0,primary,123.4781051,41.7231078
653247022,1,primary,123.478379,41.7224474
653247022,2,primary,123.4784269,41.7223319
653247022,3,primary,123.4785585,41.7221183
653247022,4,primary,123.4787804,41.7217582
653247022,5,primary,123.479003,41.721494
653247022,6,primary,123.4793383,41.7211496
653247022,7,primary,123.4797809,41.7207993
653247022,8,primary,123.4799755,41.7206663
653247022,9,primary,123.4817898,41.7194259
653247022,10,primary,123.4822002,41.7190695
653247022,11,primary,123.4824175,41.7188313
653345876,0,trunk,123.4990569,41.7316591
653345876,1,trunk,123.49937,41.7306311
653345876,2,trunk,123.5000589,41.7283688
653345891,0,primary,123.4287099,41.7117771
653345891,1,primary,123.4280795,41.7109376
653345891,2,primary,123.425391,41.7072512
653345891,3,primary,123.4226728,41.7035861
653345891,4,primary,123.4198217,41.6997877
653345891,5,primary,123.4189611,41.6986697
653345891,6,primary,123.4188307,41.6984945
653345891,7,primary,123.4186866,41.6982098
653345891,8,primary,123.4185958,41.6979852
653345891,9,primary,123.4182201,41.6969551
653345891,10,primary,123.4179074,41.6958804
653345891,11,primary,123.4178019,41.6956007
653345891,12,primary,123.4175889,41.6951155
653345891,13,primary,123.4173434,41.6946425
653345891,14,primary,123.417032,41.694139
653345891,15,primary,123.4167247,41.6934586
653345891,16,primary,123.4166329,41.6931928
653345891,17,primary,123.4165582,41.6929291
653345891,18,primary,123.4165299,41.6927698
653345891,19,primary,123.4165178,41.6926104
653345891,20,primary,123.416518,41.6922918
653345891,21,primary,123.4165104,41.6921256
653392363,0,trunk,123.4078093,41.8940285
653392363,1,trunk,123.4080632,41.8932232
653392363,2,trunk,123.4082958,41.892497
653392363,3,trunk,123.4085714,41.8915613
653392363,4,trunk,123.4086988,41.8911289
653392363,5,trunk,123.4087329,41.8909655
653392364,0,trunk,123.4076786,41.8944429
653392364,1,trunk,123.4078093,41.8940285
653392366,0,trunk,123.407829,41.8944642
653392366,1,trunk,123.4074236,41.8957902
653392379,0,primary,123.4202687,41.8365724
653392379,1,primary,123.4207367,41.8365325
653392379,2,primary,123.4213871,41.836569
653392379,3,primary,123.4215358,41.8365711
653392379,4,primary,123.4216676,41.8365515
653392379,5,primary,123.4217921,41.8365221
653392379,6,primary,123.4219045,41.8364836
653392379,7,primary,123.4220423,41.8364141
653392379,8,primary,123.4221583,41.8363212
653392379,9,primary,123.4222709,41.8361927
653392379,10,primary,123.4223195,41.8361099
653392379,11,primary,123.4223573,41.8360133
654065254,0,primary,123.3647734,41.6316463
654065254,1,primary,123.3640702,41.6315541
654065254,2,primary,123.3627273,41.6312933
654065254,3,primary,123.3614905,41.6309946
654065254,4,primary,123.3603835,41.6306588
654065254,5,primary,123.3598433,41.6304983
654065254,6,primary,123.3596612,41.6304069
654065254,7,primary,123.3596368,41.6303013
654065254,8,primary,123.3596693,41.6301856
654065274,0,primary,123.2952287,41.6289701
654065274,1,primary,123.2952475,41.6347932
654065274,2,primary,123.2952028,41.636541
654065274,3,primary,123.2952845,41.6390043
654065274,4,primary,123.2952711,41.6396796
654065274,5,primary,123.2952467,41.6405728
654065274,6,primary,123.2951735,41.6415025
654065274,7,primary,123.2950271,41.6427239
654065274,8,primary,123.2949638,41.6431339
654065274,9,primary,123.2949291,41.6433588
654065274,10,primary,123.294912,41.64356
654065274,11,primary,123.2948438,41.6443621
654065274,12,primary,123.2947691,41.645074
654065274,13,primary,123.2944875,41.6466931
654065274,14,primary,123.2944659,41.6470197
654065274,15,primary,123.2944334,41.6474785
654065274,16,primary,123.294413,41.648162
654065274,17,primary,123.2944261,41.6489589
654065274,18,primary,123.2945008,41.6497615
654065274,19,primary,123.2946409,41.6506897
654065274,20,primary,123.2948464,41.6516319
654065274,21,primary,123.2950332,41.6523088
654065274,22,primary,123.2958432,41.6546658
654065277,0,trunk,123.3038745,41.6286366
654065277,1,trunk,123.3038772,41.628471
654065277,2,trunk,123.3038795,41.628329
654065277,3,trunk,123.3039176,41.6259543
654065277,4,trunk,123.3038848,41.6253161
654065277,5,trunk,123.3031055,41.6205218
654065277,6,trunk,123.3030262,41.6196668
654065277,7,trunk,123.3026631,41.6140759
654065277,8,trunk,123.3025423,41.6124382
654065277,9,trunk,123.302337,41.6094363
654065277,10,trunk,123.3023284,41.6082811
654065277,11,trunk,123.3023713,41.6072158
654065277,12,trunk,123.3028262,41.6022419
654065277,13,trunk,123.3027919,41.6018568
654065277,14,trunk,123.3026889,41.6014525
654065277,15,trunk,123.3020996,41.6002077
654065277,16,trunk,123.3017104,41.5993858
654065277,17,trunk,123.3011611,41.5981598
654065277,18,trunk,123.3010495,41.5977747
654065277,19,trunk,123.3009809,41.5974538
654065277,20,trunk,123.3010238,41.5970366
654065277,21,trunk,123.3012126,41.5965937
654065277,22,trunk,123.3014873,41.5960994
654065277,23,trunk,123.3093923,41.5836201
654065277,24,trunk,123.3098643,41.5828561
654065277,25,trunk,123.3101132,41.5822847
654065277,26,trunk,123.3102849,41.581617
654065277,27,trunk,123.3107398,41.5784646
654065277,28,trunk,123.310963,41.5776363
654065277,29,trunk,123.3112205,41.5768402
654065277,30,trunk,123.3113494,41.5764864
654065277,31,trunk,123.315551,41.5649562
654065277,32,trunk,123.3158885,41.5640299
654065277,33,trunk,123.3167995,41.5616663
654065278,0,trunk,123.289908,41.6289419
654065278,1,trunk,123.2863982,41.6290186
654065278,2,trunk,123.2838675,41.6290925
654065278,3,trunk,123.2814671,41.629272
654065278,4,trunk,123.2798753,41.6294706
654065278,5,trunk,123.2783617,41.6297152
654065278,6,trunk,123.2781784,41.6297497
654065278,7,trunk,123.2766258,41.6300418
654065278,8,trunk,123.2751326,41.6303929
654065278,9,trunk,123.2732728,41.63089
654065278,10,trunk,123.2714677,41.6314676
654065278,11,trunk,123.2701115,41.6319516
654065278,12,trunk,123.2687192,41.6325217
654065278,13,trunk,123.2665555,41.6335084
654065278,14,trunk,123.2652089,41.6341444
654065278,15,trunk,123.255655,41.6386561
654065278,16,trunk,123.253962,41.639487
654065278,17,trunk,123.252218,41.6404534
654065278,18,trunk,123.2503238,41.6416545
654065278,19,trunk,123.2487148,41.6428024
654065278,20,trunk,123.247563,41.6437288
654065278,21,trunk,123.2463853,41.6447755
654065278,22,trunk,123.245454,41.6456647
654065278,23,trunk,123.2445427,41.6466635
654065278,24,trunk,123.2433106,41.6481544
654065278,25,trunk,123.2362658,41.657198
654065278,26,trunk,123.2262446,41.6700602
654065278,27,trunk,123.2260884,41.6702852
654065278,28,trunk,123.2252792,41.6714506
654065278,29,trunk,123.2245178,41.6726767
654065288,0,primary,123.2636593,41.7180117
654065288,1,primary,123.264498,41.7175242
654065288,2,primary,123.2650307,41.7172942
661590601,0,primary,123.3995773,41.6869319
661590601,1,primary,123.3984655,41.6872902
661590601,2,primary,123.3921391,41.6894042
661590601,3,primary,123.3916371,41.6895742
661590601,4,primary,123.3904841,41.6899647
661590601,5,primary,123.3903207,41.6900232
661590601,6,primary,123.3901152,41.6900992
661590601,7,primary,123.3896301,41.6902828
661590601,8,primary,123.3837554,41.6927229
661590601,9,primary,123.3782477,41.6950533
661590601,10,primary,123.3755994,41.6962095
661590601,11,primary,123.3754851,41.696258
661590602,0,primary,123.399573,41.6868231
661590602,1,primary,123.4090376,41.6828644
661590602,2,primary,123.4101263,41.6825104
661590602,3,primary,123.4102062,41.6824844
661590602,4,primary,123.4110897,41.6822927
661590602,5,primary,123.4117915,41.682172
661590602,6,primary,123.4124637,41.6821003
661590602,7,primary,123.4133703,41.6820604
661590602,8,primary,123.4149547,41.6820282
661590602,9,primary,123.4154561,41.681992
661590602,10,primary,123.4157522,41.681985
662255893,0,trunk,123.4898511,41.8121036
662255893,1,trunk,123.4910018,41.8124974
662255893,2,trunk,123.4915248,41.8125874
662255893,3,trunk,123.4923322,41.8125594
662255893,4,trunk,123.5158391,41.8100511
662255893,5,trunk,123.5193635,41.8096846
662255893,6,trunk,123.5201226,41.8096686
662255893,7,trunk,123.5208441,41.8097046
662255893,8,trunk,123.5213979,41.8097795
662255893,9,trunk,123.5219572,41.8098865
662255893,10,trunk,123.5226224,41.8100684
662255893,11,trunk,123.5232285,41.8102524
662255893,12,trunk,123.5250015,41.8109061
662255895,0,trunk,123.5250015,41.8109061
662255895,1,trunk,123.5257094,41.8111795
662255895,2,trunk,123.5265974,41.811516
662255895,3,trunk,123.5268218,41.8116059
662255895,4,trunk,123.527317,41.811797
662255896,0,trunk,123.5272713,41.8118629
662255896,1,trunk,123.5267932,41.8117086
662255896,2,trunk,123.5256289,41.8112846
662255896,3,trunk,123.5249358,41.8110167
662255897,0,trunk,123.5249358,41.8110167
662255897,1,trunk,123.5225853,41.8101523
662255897,2,trunk,123.5219281,41.8099824
662255897,3,trunk,123.5213461,41.8098764
662255897,4,trunk,123.5207748,41.8098084
662255897,5,trunk,123.5201874,41.8097684
662255897,6,trunk,123.5195276,41.8097724
662255897,7,trunk,123.5192191,41.8097944
662255897,8,trunk,123.4923917,41.8126632
662255897,9,trunk,123.4918552,41.8127032
662255897,10,trunk,123.4914824,41.8126972
662255897,11,trunk,123.4910452,41.8126173
662255897,12,trunk,123.4897908,41.8122062
662263641,0,primary,123.4458856,41.8150382
662263641,1,primary,123.4458165,41.8152822
662263641,2,primary,123.4456631,41.8158236
662263641,3,primary,123.4456359,41.8161285
662263641,4,primary,123.4456525,41.8164589
662263641,5,primary,123.4457393,41.8167805
662263641,6,primary,123.4460198,41.8173777
662263641,7,primary,123.4464746,41.818125
662263641,8,primary,123.4465637,41.8183389
662263641,9,primary,123.4467385,41.8187585
662263641,10,primary,123.4469234,41.8191003
662263641,11,primary,123.4470055,41.8193604
662263641,12,primary,123.4471243,41.8198489
662263641,13,primary,123.4471498,41.8200439
662263641,14,primary,123.4470064,41.8200774
662263641,15,primary,123.4468689,41.8200807
662263641,16,primary,123.446814,41.8200453
662263642,0,primary,123.4455675,41.8148431
662263642,1,primary,123.4456229,41.8145907
662263642,2,primary,123.4459243,41.813217
662263642,3,primary,123.4460314,41.8126975
662263642,4,primary,123.4460711,41.8124858
662263642,5,primary,123.4461814,41.8123217
662271389,0,primary,123.4162492,41.6964223
662271389,1,primary,123.4169295,41.6963038
662271389,2,primary,123.4175398,41.6961773
662271390,0,primary,123.4162184,41.6965487
662271390,1,primary,123.4153105,41.696605
662271390,2,primary,123.4138203,41.6967232
662273101,0,trunk,123.5616918,41.819077
662273101,1,trunk,123.5580252,41.8197746
662273101,2,trunk,123.5574727,41.8198586
662273101,3,trunk,123.5568612,41.8199185
662273101,4,trunk,123.5562362,41.8199485
662273101,5,trunk,123.5556542,41.8199405
662273101,6,trunk,123.5552197,41.8199125
662273101,7,trunk,123.5481708,41.8192609
662273101,8,trunk,123.5472079,41.819137
662273101,9,trunk,123.5464783,41.818995
662273101,10,trunk,123.5457407,41.8187972
662273101,11,trunk,123.5446464,41.8184114
662273101,12,trunk,123.5371228,41.8155408
662273106,0,trunk,123.5371228,41.8155408
662273106,1,trunk,123.5369942,41.8154916
662273106,2,trunk,123.536694,41.8153767
662273106,3,trunk,123.5358935,41.8150809
662273109,0,trunk,123.5359271,41.8149937
662273109,1,trunk,123.5367791,41.8152916
662273109,2,trunk,123.5370085,41.8153777
662273109,3,trunk,123.5371925,41.8154468
662273117,0,trunk,123.5371925,41.8154468
662273117,1,trunk,123.5446598,41.8183014
662273117,2,trunk,123.5454752,41.8185953
662273117,3,trunk,123.5457836,41.8187012
662273117,4,trunk,123.5465454,41.8189011
662273117,5,trunk,123.5472106,41.819039
662273117,6,trunk,123.5480877,41.819149
662273117,7,trunk,123.5551177,41.8198066
662273117,8,trunk,123.5557454,41.8198426
662273117,9,trunk,123.5562362,41.8198386
662273117,10,trunk,123.5568773,41.8198166
662273117,11,trunk,123.55747,41.8197526
662273117,12,trunk,123.5580118,41.8196707
662273117,13,trunk,123.5616524,41.8189861
662275711,0,trunk,123.5621883,41.8188092
662275711,1,trunk,123.5624229,41.8187696
662275712,0,trunk,123.5624229,41.8187696
662275712,1,trunk,123.5633106,41.8186894
662275712,2,trunk,123.563703,41.8186511
662275712,3,trunk,123.5640415,41.8186377
662275712,4,trunk,123.5645018,41.8186663
662275713,0,trunk,123.5644955,41.8188072
662275713,1,trunk,123.5645018,41.8186663
662275714,0,trunk,123.5645929,41.8188159
662275714,1,trunk,123.5644955,41.8188072
662275714,2,trunk,123.5639905,41.8187717
662275714,3,trunk,123.5634674,41.8188008
662275714,4,trunk,123.5629644,41.818854
662275714,5,trunk,123.5624614,41.8189391
662275716,0,trunk,123.5645018,41.8186663
662275716,1,trunk,123.5645996,41.8186778
662275717,0,trunk,123.5645018,41.8186663
662275717,1,trunk,123.5645242,41.8181835
662275717,2,trunk,123.5645832,41.8179796
662275717,3,trunk,123.5647389,41.8177688
662275719,0,trunk,123.56645,41.8168434
662275719,1,trunk,123.5659429,41.817158
662275719,2,trunk,123.5651578,41.8176275
662275719,3,trunk,123.5648858,41.8178157
662275719,4,trunk,123.5647769,41.8178985
662275719,5,trunk,123.5646822,41.8180086
662275719,6,trunk,123.5646169,41.8181919
662275719,7,trunk,123.5645996,41.8186778
662275719,8,trunk,123.5645929,41.8188159
662275720,0,trunk,123.5645996,41.8186778
662275720,1,trunk,123.565405,41.818769
662275720,2,trunk,123.5686668,41.8191508
662275720,3,trunk,123.5698572,41.8193011
662275720,4,trunk,123.5712206,41.8195926
662275720,5,trunk,123.5716613,41.8197085
662644628,0,trunk,123.5231795,41.6531934
662644628,1,trunk,123.5198033,41.651926
662644628,2,trunk,123.5176539,41.6511067
662644628,3,trunk,123.5165282,41.6506547
662644628,4,trunk,123.5153524,41.6501003
662644628,5,trunk,123.512908,41.6489479
662644628,6,trunk,123.5110338,41.6479247
662644628,7,trunk,123.5092133,41.6468426
662644628,8,trunk,123.5074871,41.6457855
662644628,9,trunk,123.5049067,41.6440657
662644628,10,trunk,123.5042322,41.6435798
662644628,11,trunk,123.5040336,41.6434496
662644628,12,trunk,123.5035424,41.6431364
662644629,0,trunk,123.5232663,41.6530529
662644629,1,trunk,123.5236587,41.6531881
662656053,0,trunk,123.4951662,41.6361456
662656053,1,trunk,123.4950525,41.6360618
662656053,2,trunk,123.494996,41.6360358
662656053,3,trunk,123.4939661,41.6353737
662656053,4,trunk,123.4929227,41.6346555
662656053,5,trunk,123.4915051,41.6337194
662656053,6,trunk,123.4910451,41.6334156
662656072,0,trunk,123.496186,41.6360432
662656072,1,trunk,123.4964822,41.6362689
662656072,2,trunk,123.4966149,41.6364092
662656072,3,trunk,123.4967115,41.6365505
662656072,4,trunk,123.4967865,41.6366959
662656072,5,trunk,123.4968355,41.6368287
662656072,6,trunk,123.496863,41.6369655
662656072,7,trunk,123.4968751,41.6371068
662656072,8,trunk,123.496787,41.6378823
662656072,9,trunk,123.4967929,41.6380302
662656072,10,trunk,123.4968096,41.638144
662656072,11,trunk,123.4968437,41.6382428
662656072,12,trunk,123.4968778,41.6383276
662656072,13,trunk,123.4969253,41.6384236
662656072,14,trunk,123.4969889,41.6385217
662656072,15,trunk,123.4970768,41.6386489
662656072,16,trunk,123.4971834,41.638758
662656072,17,trunk,123.4973055,41.6388601
662656072,18,trunk,123.5036463,41.6430541
662656084,0,trunk,123.4925845,41.6308368
662656084,1,trunk,123.4934373,41.6314006
662656089,0,trunk,123.4896903,41.6299458
662656089,1,trunk,123.4899938,41.6298492
662656089,2,trunk,123.4901704,41.6298031
662656089,3,trunk,123.4903316,41.62978
662656089,4,trunk,123.4904981,41.629769
662656089,5,trunk,123.4906582,41.629781
662656089,6,trunk,123.4908075,41.6298049
662656089,7,trunk,123.4909649,41.629849
662656089,8,trunk,123.4910955,41.629893
662656089,9,trunk,123.4913317,41.6300174
662656089,10,trunk,123.4925845,41.6308368
666588946,0,motorway,123.2551589,41.795476
666588946,1,motorway,123.2567234,41.7954116
666588946,2,motorway,123.2572713,41.7954193
666588952,0,motorway,123.2572795,41.7957798
666588952,1,motorway,123.257,41.7957804
666588952,2,motorway,123.2551756,41.7956809
666588954,0,motorway,123.2551756,41.7956809
666588954,1,motorway,123.2545898,41.7956379
673534546,0,primary,123.4183471,41.8365001
673534546,1,primary,123.4184509,41.836505
673534546,2,primary,123.4191652,41.836539
673534546,3,primary,123.4202687,41.8365724
673534549,0,primary,123.4223573,41.8360133
673534549,1,primary,123.4223934,41.8358387
673534549,2,primary,123.4224947,41.8348023
673534549,3,primary,123.4225092,41.833218
673534549,4,primary,123.4225124,41.8328713
673534551,0,primary,123.4226706,41.8328648
673534551,1,primary,123.4226756,41.8332172
673534551,2,primary,123.422676,41.8341924
673534551,3,primary,123.4226655,41.8347927
673534551,4,primary,123.4225965,41.8354748
673534551,5,primary,123.4224512,41.8366898
673534551,6,primary,123.4224353,41.8368164
675739962,0,primary,123.4236145,41.8256369
675739962,1,primary,123.4237974,41.8240564
675739962,2,primary,123.4237823,41.82365
675739962,3,primary,123.423775,41.823478
675739962,4,primary,123.4237451,41.8232512
675739962,5,primary,123.4234852,41.8224057
675739962,6,primary,123.4231741,41.8214941
675739962,7,primary,123.4229868,41.8211741
675739966,0,primary,123.4236906,41.8256408
675739966,1,primary,123.4236658,41.8258589
675739966,2,primary,123.4234539,41.8282023
675739966,3,primary,123.4233545,41.8290008
675739966,4,primary,123.423392,41.8292341
675744387,0,primary,123.4231729,41.8292645
675744387,1,primary,123.4232787,41.8289989
675744387,2,primary,123.4233845,41.8281956
675744387,3,primary,123.4236145,41.8256369
675744388,0,primary,123.423392,41.8292341
675744388,1,primary,123.4233542,41.8295376
675744388,2,primary,123.4233228,41.8298853
675744388,3,primary,123.4232712,41.8301522
675744389,0,primary,123.4229868,41.8211741
675744389,1,primary,123.4229171,41.8208525
675744389,2,primary,123.4228935,41.8203088
675744389,3,primary,123.4229194,41.8192043
675744389,4,primary,123.4229917,41.8189162
675744389,5,primary,123.4230301,41.817624
675744389,6,primary,123.4230539,41.8168237
675744389,7,primary,123.4229992,41.8166396
675744391,0,primary,123.4231939,41.8211824
675744391,1,primary,123.4232348,41.8214786
675744391,2,primary,123.4235619,41.8224141
675744391,3,primary,123.4238087,41.8232175
675744391,4,primary,123.4238468,41.8234303
675744391,5,primary,123.4238604,41.8236403
675744391,6,primary,123.4238699,41.824063
675744391,7,primary,123.4236906,41.8256408
677209731,0,primary,123.4244469,41.8087128
677209731,1,primary,123.4243996,41.8090088
677209731,2,primary,123.4243438,41.8093097
677209731,3,primary,123.4240325,41.8107124
677209731,4,primary,123.4239463,41.8109306
677209731,5,primary,123.4238197,41.8114771
677209731,6,primary,123.4237732,41.8116974
677209731,7,primary,123.4236414,41.8123791
677209731,8,primary,123.4235623,41.8125685
677209731,9,primary,123.4232858,41.8138172
677209731,10,primary,123.4232586,41.8139859
677209731,11,primary,123.4232358,41.8141681
677209731,12,primary,123.4232146,41.8147467
677268168,0,primary,123.4262667,41.8051021
677268168,1,primary,123.4263004,41.804846
677268168,2,primary,123.4263906,41.8046427
677268168,3,primary,123.4264187,41.8043516
677268168,4,primary,123.426496,41.8025837
677268168,5,primary,123.4265396,41.8014521
677268168,6,primary,123.4265251,41.8007264
677268170,0,primary,123.4253765,41.7958704
677268170,1,primary,123.4259687,41.7914088
677268170,2,primary,123.4260258,41.7911687
677268170,3,primary,123.4261094,41.7908989
677268170,4,primary,123.4264475,41.790017
677268170,5,primary,123.426536,41.7897637
677268170,6,primary,123.4269971,41.7885437
677268170,7,primary,123.4284459,41.7847254
677268170,8,primary,123.4298212,41.782086
677268170,9,primary,123.4297861,41.7813273
683509281,0,primary,123.4231887,41.816565
683509281,1,primary,123.4231869,41.8166488
683509282,0,primary,123.4229968,41.8165515
683509282,1,primary,123.423031,41.816387
683509282,2,primary,123.4230389,41.8154826
683511611,0,trunk,123.4536341,41.8311781
683511611,1,trunk,123.4533325,41.8312533
683511611,2,trunk,123.4529897,41.8313183
683511611,3,trunk,123.4526487,41.8313696
683511611,4,trunk,123.4523031,41.8314038
683511611,5,trunk,123.4519814,41.8314201
683511611,6,trunk,123.4515908,41.831426
683511611,7,trunk,123.4512599,41.8314184
683511611,8,trunk,123.4509015,41.8314005
683511611,9,trunk,123.4448172,41.8310505
683511611,10,trunk,123.4389108,41.8307527
683511611,11,trunk,123.4285036,41.830311
683511611,12,trunk,123.4283905,41.8303063
683511613,0,trunk,123.4569757,41.8301062
683511613,1,trunk,123.4580032,41.82981
686254420,0,trunk,123.5011777,41.8521573
686254420,1,trunk,123.5012681,41.851546
686254420,2,trunk,123.501386,41.8507109
686254420,3,trunk,123.5014135,41.8503449
686254420,4,trunk,123.5013882,41.8499953
686254420,5,trunk,123.5013678,41.8497613
686254420,6,trunk,123.5013162,41.849525
686254420,7,trunk,123.5011313,41.8489415
686254420,8,trunk,123.5008819,41.8482623
686254420,9,trunk,123.5006077,41.8474212
686254420,10,trunk,123.5005775,41.8473617
686254420,11,trunk,123.5005238,41.8472961
686254420,12,trunk,123.4994865,41.8464665
686254420,13,trunk,123.4988195,41.8458691
686254420,14,trunk,123.4958774,41.8432343
686254420,15,trunk,123.4957863,41.8431378
686254420,16,trunk,123.4956576,41.8430016
686254420,17,trunk,123.4953621,41.8426461
686254420,18,trunk,123.4951267,41.8422643
686254420,19,trunk,123.4944191,41.8408338
686254420,20,trunk,123.4943074,41.840608
690997925,0,trunk,123.4944687,41.8405627
690997925,1,trunk,123.4945902,41.8407885
690997925,2,trunk,123.4954163,41.8423299
690997925,3,trunk,123.495688,41.8427432
690997925,4,trunk,123.4960442,41.8431466
690997925,5,trunk,123.4964497,41.8435513
690997925,6,trunk,123.49693,41.8439525
690997925,7,trunk,123.4986108,41.8454683
690997925,8,trunk,123.4997822,41.8464981
690997925,9,trunk,123.5004855,41.8470919
690997925,10,trunk,123.5006372,41.8472314
690997925,11,trunk,123.5006953,41.8473032
690997925,12,trunk,123.5007385,41.8473853
690997925,13,trunk,123.5011754,41.8486879
690997925,14,trunk,123.5014382,41.8494183
690997925,15,trunk,123.5014926,41.849699
690997925,16,trunk,123.5015385,41.8500652
690997925,17,trunk,123.5015491,41.8504314
690997925,18,trunk,123.5015271,41.8506577
690997925,19,trunk,123.5013802,41.8515365
690997925,20,trunk,123.5013114,41.851993
690997925,21,trunk,123.5012963,41.8521652
693424288,0,trunk,123.3945123,41.7227505
693424288,1,trunk,123.3923499,41.7222743
693424288,2,trunk,123.3918071,41.722158
693424288,3,trunk,123.3908338,41.7219494
693424288,4,trunk,123.3890132,41.7216519
693424288,5,trunk,123.3886971,41.7216007
693424288,6,trunk,123.3878966,41.7215068
704231040,0,trunk,123.2098738,41.7881226
704231040,1,trunk,123.2090292,41.78823
704231040,2,trunk,123.2029099,41.7890555
704231040,3,trunk,123.2021213,41.7891589
704231040,4,trunk,123.2019734,41.7891783
704231040,5,trunk,123.2007995,41.7892107
704231040,6,trunk,123.1993795,41.7891591
704231040,7,trunk,123.1986662,41.7890812
704231040,8,trunk,123.1979904,41.7889843
704231040,9,trunk,123.1951028,41.788456
704231040,10,trunk,123.1950205,41.788441
704231040,11,trunk,123.1919703,41.787883
704231040,12,trunk,123.1882358,41.7872041
704231040,13,trunk,123.1879636,41.7871474
704231040,14,trunk,123.186229,41.7868289
704231040,15,trunk,123.1845804,41.7865262
704231040,16,trunk,123.1815826,41.7859755
704231040,17,trunk,123.1810111,41.7858705
704231040,18,trunk,123.1806938,41.7858226
704231040,19,trunk,123.1793027,41.7855935
704231040,20,trunk,123.1783806,41.7855115
704231040,21,trunk,123.1760035,41.7854797
704231040,22,trunk,123.1747258,41.7854919
704231040,23,trunk,123.174007,41.7854988
704231040,24,trunk,123.1722094,41.7855407
704231040,25,trunk,123.1720903,41.7855435
704231040,26,trunk,123.1714343,41.7855924
704231040,27,trunk,123.1708131,41.7856387
704231040,28,trunk,123.1683329,41.7859831
704231040,29,trunk,123.1657313,41.7864425
704231040,30,trunk,123.1635038,41.7869535
704231040,31,trunk,123.1584083,41.7880118
704231040,32,trunk,123.1579609,41.7880508
704231040,33,trunk,123.1573333,41.7880554
704231040,34,trunk,123.1564474,41.7879752
704231040,35,trunk,123.1504188,41.7870771
704231040,36,trunk,123.1502407,41.7870506
704231040,37,trunk,123.1480926,41.7867315
704231040,38,trunk,123.1434843,41.7860467
704231040,39,trunk,123.1415783,41.7858261
704231040,40,trunk,123.1391651,41.7856323
704231040,41,trunk,123.1378044,41.7855655
704231040,42,trunk,123.1376232,41.7855621
704231040,43,trunk,123.1360932,41.7855333
704231040,44,trunk,123.1343228,41.7855593
704231040,45,trunk,123.1342167,41.7855609
704231040,46,trunk,123.1267344,41.785725
704231040,47,trunk,123.1207916,41.7858553
704231040,48,trunk,123.1206887,41.7858687
704231040,49,trunk,123.1180191,41.7859161
704231040,50,trunk,123.1119398,41.785964
704231040,51,trunk,123.1101696,41.7859589
704231040,52,trunk,123.1100643,41.7859586
704231040,53,trunk,123.108345,41.7859537
704231040,54,trunk,123.1078761,41.7859524
704231040,55,trunk,123.1032711,41.785967
704231040,56,trunk,123.0945274,41.7857746
704231040,57,trunk,123.0926677,41.7856887
704231040,58,trunk,123.089272,41.7854683
704231040,59,trunk,123.0854637,41.785186
704231040,60,trunk,123.0832992,41.7849541
704231040,61,trunk,123.0810909,41.7846738
704231040,62,trunk,123.0742089,41.7837764
704231040,63,trunk,123.0728306,41.7835714
704231040,64,trunk,123.0718236,41.7833944
704231040,65,trunk,123.0662232,41.7823977
704231040,66,trunk,123.065131,41.7823127
704231040,67,trunk,123.0642207,41.7823063
704231040,68,trunk,123.062652,41.7823202
704231040,69,trunk,123.0597811,41.7823457
704231040,70,trunk,123.0588922,41.7824111
704231040,71,trunk,123.0581871,41.7825267
704231040,72,trunk,123.0574993,41.7827173
704231040,73,trunk,123.0565785,41.7831219
704231040,74,trunk,123.0560356,41.7834829
704231040,75,trunk,123.0554614,41.7839335
704231040,76,trunk,123.0550638,41.7843223
704231040,77,trunk,123.0544887,41.7848847
704231040,78,trunk,123.0470146,41.7921935
704231040,79,trunk,123.0461531,41.7929254
704231040,80,trunk,123.0451598,41.7936583
704231040,81,trunk,123.040773,41.7966417
704231040,82,trunk,123.0399668,41.79719
704231040,83,trunk,123.0349506,41.8006013
704231040,84,trunk,123.0328309,41.802271
704231040,85,trunk,123.0312363,41.8038123
704231040,86,trunk,123.0304182,41.8046098
704231040,87,trunk,123.0296457,41.8054496
704231040,88,trunk,123.0286537,41.8066453
704231040,89,trunk,123.02843,41.8069687
704231042,0,trunk,123.028304,41.806962
704231042,1,trunk,123.0284624,41.8067317
704231042,2,trunk,123.0295229,41.8053954
704231042,3,trunk,123.0303192,41.8045652
704231042,4,trunk,123.03114,41.8037768
704231042,5,trunk,123.0326492,41.8023162
704231042,6,trunk,123.0327557,41.8022131
704231042,7,trunk,123.03308,41.8019552
704231042,8,trunk,123.0337188,41.8014471
704231042,9,trunk,123.0348941,41.8005123
704231042,10,trunk,123.0451255,41.7935683
704231042,11,trunk,123.0460659,41.7928678
704231042,12,trunk,123.0469281,41.792125
704231042,13,trunk,123.0544325,41.7847985
704231042,14,trunk,123.0549498,41.7842934
704231042,15,trunk,123.0553844,41.7838691
704231042,16,trunk,123.0559412,41.7834038
704231042,17,trunk,123.0565002,41.7830545
704231042,18,trunk,123.0574449,41.7826209
704231042,19,trunk,123.0576318,41.782574
704231042,20,trunk,123.058164,41.7824403
704231042,21,trunk,123.0587443,41.7823294
704231042,22,trunk,123.0587804,41.7823225
704231042,23,trunk,123.0588739,41.7823159
704231042,24,trunk,123.0598219,41.7822487
704231042,25,trunk,123.0642107,41.7822237
704231042,26,trunk,123.0651769,41.7822211
704231042,27,trunk,123.0662549,41.7823237
704231042,28,trunk,123.071761,41.7833048
704231042,29,trunk,123.0728557,41.7834876
704231042,30,trunk,123.0742455,41.7837042
704231042,31,trunk,123.0811218,41.7846064
704231042,32,trunk,123.0833005,41.7848866
704231042,33,trunk,123.0854567,41.7851248
704231042,34,trunk,123.089318,41.7854023
704231042,35,trunk,123.0925839,41.7856039
704231042,36,trunk,123.0930395,41.7856251
704231042,37,trunk,123.0949744,41.7857031
704231042,38,trunk,123.101289,41.7858597
704231042,39,trunk,123.1032019,41.7858951
704231042,40,trunk,123.1078698,41.785884
704231042,41,trunk,123.1083732,41.7858849
704231042,42,trunk,123.1099233,41.7858876
704231042,43,trunk,123.1101604,41.785888
704231042,44,trunk,123.1119526,41.7858912
704231042,45,trunk,123.1153811,41.7858483
704231042,46,trunk,123.1206684,41.7857822
704231042,47,trunk,123.1207713,41.7857688
704231042,48,trunk,123.1267607,41.7856333
704231042,49,trunk,123.1342049,41.7854649
704231042,50,trunk,123.136095,41.7854467
704231042,51,trunk,123.1378109,41.7854797
704231042,52,trunk,123.139149,41.7855451
704231042,53,trunk,123.1416263,41.7857301
704231042,54,trunk,123.1427059,41.7858581
704231042,55,trunk,123.1435779,41.7859615
704231042,56,trunk,123.1502252,41.7869607
704231042,57,trunk,123.1564865,41.7878994
704231042,58,trunk,123.1573644,41.7879778
704231042,59,trunk,123.1579368,41.7879774
704231042,60,trunk,123.1583627,41.7879324
704231042,61,trunk,123.1630238,41.7869565
704231042,62,trunk,123.163464,41.7868566
704231042,63,trunk,123.1656956,41.7863446
704231042,64,trunk,123.1683048,41.7858839
704231042,65,trunk,123.1691093,41.7857722
704231042,66,trunk,123.1707939,41.7855383
704231042,67,trunk,123.1714092,41.7854924
704231042,68,trunk,123.1720814,41.7854423
704231042,69,trunk,123.1721403,41.7854409
704231042,70,trunk,123.174004,41.7853975
704231042,71,trunk,123.1747742,41.7853901
704231042,72,trunk,123.1759103,41.7853792
704231042,73,trunk,123.1760038,41.7853783
704231042,74,trunk,123.1783899,41.7854103
704231042,75,trunk,123.1793255,41.7854935
704231042,76,trunk,123.1807245,41.7857239
704231042,77,trunk,123.181018,41.785777
704231042,78,trunk,123.1815876,41.7858801
704231042,79,trunk,123.18455,41.7864146
704231042,80,trunk,123.1862957,41.7867355
704231042,81,trunk,123.1880027,41.7870493
704231042,82,trunk,123.1882735,41.7871059
704231042,83,trunk,123.1920027,41.7877846
704231042,84,trunk,123.1950161,41.7883359
704231042,85,trunk,123.1950965,41.7883506
704231042,86,trunk,123.1968299,41.7886677
704231042,87,trunk,123.1978409,41.7888526
704231042,88,trunk,123.1980194,41.7888853
704231042,89,trunk,123.1986889,41.7889813
704231042,90,trunk,123.1993927,41.7890581
704231042,91,trunk,123.2008003,41.7891093
704231042,92,trunk,123.2018983,41.789049
704231042,93,trunk,123.2020956,41.7890357
704231042,94,trunk,123.202886,41.7889557
704231042,95,trunk,123.2090057,41.7881302
704231042,96,trunk,123.209852,41.7880226
704232943,0,trunk,123.2689241,41.7907757
704232943,1,trunk,123.2693245,41.7908416
704232943,2,trunk,123.2699542,41.790959
704232943,3,trunk,123.2731534,41.7917628
704232943,4,trunk,123.2771496,41.7927874
704232943,5,trunk,123.2788854,41.7932275
704232943,6,trunk,123.2823117,41.7940963
704232943,7,trunk,123.2892211,41.7958285
704232943,8,trunk,123.2983084,41.7981443
704232943,9,trunk,123.2998501,41.798555
704232943,10,trunk,123.3011162,41.7988159
704232943,11,trunk,123.3023042,41.7990401
704232943,12,trunk,123.3033482,41.7992097
704232943,13,trunk,123.3045928,41.7993549
704232943,14,trunk,123.3053815,41.7994287
704232943,15,trunk,123.3061268,41.7994658
704232944,0,trunk,123.2687518,41.7908555
704232944,1,trunk,123.2680581,41.7908139
704232944,2,trunk,123.267071,41.7908347
704232944,3,trunk,123.2663865,41.7909041
704232944,4,trunk,123.265744,41.7910256
704232944,5,trunk,123.2651248,41.7911957
704232944,6,trunk,123.2643751,41.7914422
704232944,7,trunk,123.262969,41.7919733
704232944,8,trunk,123.2582004,41.7937071
704232944,9,trunk,123.2560672,41.7944787
704232944,10,trunk,123.2549754,41.7947516
704232944,11,trunk,123.2543696,41.7948457
704232944,12,trunk,123.2536311,41.7949163
704232944,13,trunk,123.2525961,41.7949069
704232944,14,trunk,123.2508858,41.7947093
704232944,15,trunk,123.2491881,41.7944599
704232949,0,motorway,123.2756145,41.8281042
704232949,1,motorway,123.2759434,41.828535
704232950,0,motorway,123.2759434,41.828535
704232950,1,motorway,123.2838708,41.8389183
704232950,2,motorway,123.2852127,41.8405551
704232951,0,motorway,123.2756636,41.8285505
704232951,1,motorway,123.2753353,41.8281193
704232952,0,motorway,123.2730473,41.824377
704232952,1,motorway,123.2726367,41.8234319
704232952,2,motorway,123.2722261,41.8220869
704232952,3,motorway,123.2718819,41.8204837
704232952,4,motorway,123.2717106,41.818675
704232952,5,motorway,123.2716523,41.8133195
704232952,6,motorway,123.2715351,41.8093601
704232952,7,motorway,123.2713522,41.8077788
704232952,8,motorway,123.2711913,41.8069315
704232952,9,motorway,123.2709209,41.8058363
704232952,10,motorway,123.2708572,41.8056483
704235618,0,trunk,123.5230721,41.8868391
704235618,1,trunk,123.5229495,41.8867332
704235618,2,trunk,123.5227912,41.8865959
704235618,3,trunk,123.5226201,41.8864369
704235618,4,trunk,123.5224209,41.8862448
704235619,0,trunk,123.5224209,41.8862448
704235619,1,trunk,123.5217142,41.8855577
704235620,0,trunk,123.5225198,41.8861783
704235620,1,trunk,123.5229633,41.8866
704235622,0,trunk,123.5217142,41.8855577
704235622,1,trunk,123.5212853,41.8851244
704235622,2,trunk,123.5211695,41.8849897
704235622,3,trunk,123.5210403,41.8848241
704235622,4,trunk,123.5208744,41.884594
704235622,5,trunk,123.5206497,41.8842993
704235622,6,trunk,123.5204535,41.8840584
704235622,7,trunk,123.5200834,41.8836513
704235622,8,trunk,123.5198527,41.883405
704235622,9,trunk,123.5195964,41.8831622
704235622,10,trunk,123.5192896,41.8828888
704235622,11,trunk,123.5185151,41.8822169
704235622,12,trunk,123.5178379,41.8816212
704235622,13,trunk,123.5171722,41.8810173
704235622,14,trunk,123.5162712,41.880175
704235622,15,trunk,123.5157256,41.879632
704235622,16,trunk,123.5142472,41.8781528
704235622,17,trunk,123.5124488,41.8763706
704235622,18,trunk,123.511972,41.8758865
704235622,19,trunk,123.5117866,41.8756921
704235622,20,trunk,123.5115993,41.8754772
704235622,21,trunk,123.511428,41.875259
704235622,22,trunk,123.5112099,41.8749786
704235622,23,trunk,123.510779,41.8744159
704235622,24,trunk,123.5094666,41.8726939
704235622,25,trunk,123.5081522,41.8709896
704235622,26,trunk,123.5074592,41.8700676
704235622,27,trunk,123.5072542,41.8697785
704235622,28,trunk,123.5071227,41.8695594
704235622,29,trunk,123.507022,41.8693611
704235622,30,trunk,123.5068456,41.8690474
704235622,31,trunk,123.5066068,41.8684942
704235622,32,trunk,123.5065374,41.8682897
704235622,33,trunk,123.5063703,41.8676019
704235622,34,trunk,123.5062534,41.8670442
704235622,35,trunk,123.5058978,41.8653829
704235622,36,trunk,123.5058615,41.8652136
704235622,37,trunk,123.5057103,41.864526
704235622,38,trunk,123.5056333,41.8641284
704235622,39,trunk,123.5054255,41.8632384
704235622,40,trunk,123.5051352,41.8619467
704235622,41,trunk,123.5051105,41.8618199
704235622,42,trunk,123.5050517,41.8616071
704235622,43,trunk,123.5049971,41.8614326
704235622,44,trunk,123.504932,41.8612465
704235622,45,trunk,123.5048472,41.8610121
704235622,46,trunk,123.5047492,41.8607721
704235622,47,trunk,123.504661,41.8605677
704235622,48,trunk,123.5045877,41.8604135
704235622,49,trunk,123.5044997,41.8602514
704235622,50,trunk,123.504373,41.8600275
704235622,51,trunk,123.5040002,41.8594249
704235622,52,trunk,123.5036137,41.8588159
704235622,53,trunk,123.503035,41.8578617
704235622,54,trunk,123.5027352,41.8573318
704235622,55,trunk,123.5026145,41.8570873
704235622,56,trunk,123.5024127,41.8565688
704235622,57,trunk,123.5022941,41.8562196
704235622,58,trunk,123.5022487,41.8560874
704235622,59,trunk,123.5018544,41.8548961
704235622,60,trunk,123.5014543,41.8537363
704235622,61,trunk,123.5013693,41.8534769
704235622,62,trunk,123.5013153,41.8532772
704235622,63,trunk,123.5012451,41.8529544
704235622,64,trunk,123.5012068,41.8526939
704235622,65,trunk,123.5011821,41.8524253
704235622,66,trunk,123.5011777,41.8521573
734004448,0,trunk,123.4259127,41.7246196
734004448,1,trunk,123.4266852,41.7223845
734004448,2,trunk,123.4267477,41.7221671
734004448,3,trunk,123.4273445,41.719362
734004448,4,trunk,123.4279091,41.7170174
734004448,5,trunk,123.4280095,41.7164699
734004448,6,trunk,123.4288568,41.7128202
734004448,7,trunk,123.4289107,41.7124928
734004448,8,trunk,123.4289056,41.7123179
734004448,9,trunk,123.4288718,41.7121495
734004448,10,trunk,123.4287698,41.7117054
734004448,11,trunk,123.428742,41.7114452
734004448,12,trunk,123.4287436,41.7113012
734004448,13,trunk,123.4287659,41.7111532
734004448,14,trunk,123.4288605,41.7108602
734004448,15,trunk,123.4289925,41.7106651
734004448,16,trunk,123.4291306,41.7105252
734004448,17,trunk,123.4294603,41.7102787
734004448,18,trunk,123.4296424,41.7101807
734004448,19,trunk,123.4306027,41.7097684
734004448,20,trunk,123.4332309,41.7086761
734004448,21,trunk,123.4373497,41.7069356
734004448,22,trunk,123.4416243,41.7051706
734004448,23,trunk,123.4424369,41.7047421
734004448,24,trunk,123.4445841,41.7031434
734004449,0,trunk,123.4260377,41.7246557
734004449,1,trunk,123.4253275,41.7265274
734004487,0,trunk,123.516167,41.6507139
734004487,1,trunk,123.5160291,41.6508313
734004487,2,trunk,123.5134625,41.6529205
734004487,3,trunk,123.5123377,41.6537777
740723840,0,trunk,123.3212864,41.8057596
740723840,1,trunk,123.3209054,41.8048564
740723841,0,trunk,123.31957,41.8026257
740723841,1,trunk,123.3191784,41.8025325
740723841,2,trunk,123.3188358,41.8023889
740723842,0,trunk,123.3209023,41.8017285
740723842,1,trunk,123.3209045,41.8021966
740723843,0,trunk,123.3061268,41.7994658
740723843,1,trunk,123.306254,41.7994747
740723843,2,trunk,123.3065503,41.7994782
740723843,3,trunk,123.307755,41.7995124
740723844,0,trunk,123.3077674,41.7995945
740723844,1,trunk,123.3061142,41.799545
740723847,0,trunk,123.4923772,41.8411474
740723847,1,trunk,123.4943074,41.840608
740723847,2,trunk,123.4944687,41.8405627
740723848,0,trunk,123.4945902,41.8407885
740723848,1,trunk,123.4944191,41.8408338
740723848,2,trunk,123.4924742,41.8413871
740723851,0,trunk,123.4729806,41.8468004
740723851,1,trunk,123.4858522,41.8431045
740723852,0,trunk,123.4858944,41.8431998
740723852,1,trunk,123.4804489,41.8448013
740723852,2,trunk,123.4767154,41.8458366
740723852,3,trunk,123.473038,41.8469346
740723853,0,trunk,123.3206313,41.777211
740723853,1,trunk,123.3206499,41.7787933
740723853,2,trunk,123.3206615,41.7797833
740723853,3,trunk,123.3205422,41.7803103
740723854,0,trunk,123.3204246,41.7803642
740723854,1,trunk,123.3203085,41.7800393
740723854,2,trunk,123.3202835,41.7793565
740723854,3,trunk,123.3202629,41.7786418
740723854,4,trunk,123.320255,41.7780261
740723854,5,trunk,123.320248,41.7768846
740723855,0,trunk,123.3201062,41.7757611
740723855,1,trunk,123.320773,41.7757839
740723856,0,primary,123.320773,41.7757839
740723856,1,primary,123.3234235,41.7759141
740723856,2,primary,123.3251528,41.7760037
740723856,3,primary,123.3252932,41.7760049
740723856,4,primary,123.3255475,41.7760092
740723856,5,primary,123.3259438,41.7760273
740723857,0,primary,123.3250629,41.7761647
740723857,1,primary,123.3243631,41.776099
740723857,2,primary,123.3207675,41.7759477
745181901,0,trunk,123.5784434,41.9392994
745181901,1,trunk,123.5789708,41.9397091
745181901,2,trunk,123.5790363,41.9397594
745181901,3,trunk,123.5797606,41.9403155
745181901,4,trunk,123.5803542,41.9408961
745181901,5,trunk,123.5808989,41.9415311
745181901,6,trunk,123.5812486,41.9419968
745181901,7,trunk,123.5815738,41.9424867
745181901,8,trunk,123.5818909,41.9430129
745181901,9,trunk,123.5821592,41.9435995
745181901,10,trunk,123.582481,41.9444526
745181901,11,trunk,123.582582,41.9449058
745181901,12,trunk,123.5826959,41.9456799
745181901,13,trunk,123.5829479,41.9474398
745181901,14,trunk,123.5832244,41.9493931
745181901,15,trunk,123.5833626,41.9500643
745181901,16,trunk,123.5835252,41.9506448
745181901,17,trunk,123.5837448,41.9512375
745181901,18,trunk,123.584127,41.9520553
745181901,19,trunk,123.5841287,41.952059
745181901,20,trunk,123.5843302,41.9524348
745181901,21,trunk,123.5845741,41.9528218
745181901,22,trunk,123.5849319,41.9533841
745181901,23,trunk,123.5870622,41.9565224
745181901,24,trunk,123.588528,41.9587443
745181901,25,trunk,123.5888414,41.9592194
745181904,0,trunk,123.5779149,41.9389123
745181904,1,trunk,123.5784434,41.9392994
758335282,0,primary,123.4656539,41.7430252
758335282,1,primary,123.4657051,41.7444523
758335282,2,primary,123.465723,41.7449102
758335282,3,primary,123.4657525,41.7461605
758335282,4,primary,123.4658135,41.7468524
801491914,0,primary,123.3050245,41.6875896
801491914,1,primary,123.3104349,41.6875761
801491914,2,primary,123.3106342,41.6875754
801491914,3,primary,123.3113729,41.6876198
801491914,4,primary,123.3117552,41.6876502
801491914,5,primary,123.312109,41.6876888
801491914,6,primary,123.3124983,41.6877483
801491914,7,primary,123.3135509,41.6879798
801491915,0,primary,123.3100683,41.6848071
801491915,1,primary,123.309883,41.6845256
801491915,2,primary,123.3098322,41.6844557
801491915,3,primary,123.3074818,41.6810397
801491915,4,primary,123.3072613,41.6804944
801491915,5,primary,123.3072442,41.679901
801491915,6,primary,123.3074598,41.6786642
801491915,7,primary,123.3074674,41.6786283
801491915,8,primary,123.3081315,41.6754893
801491915,9,primary,123.308359,41.6743456
801491915,10,primary,123.3087038,41.6726127
801491915,11,primary,123.3087305,41.6725438
801491915,12,primary,123.3088937,41.6721223
801491915,13,primary,123.3097166,41.6706433
801491915,14,primary,123.309826,41.6703211
801491915,15,primary,123.3099355,41.6699985
801491915,16,primary,123.3100407,41.6694411
801491915,17,primary,123.3100825,41.6689102
801491916,0,primary,123.3104337,41.6877174
801491916,1,primary,123.309933,41.6877334
801491916,2,primary,123.3050619,41.687726
801491917,0,primary,123.3100683,41.6848071
801491917,1,primary,123.3104686,41.6852749
801491917,2,primary,123.3105443,41.6854364
801491917,3,primary,123.3105982,41.6855927
801491917,4,primary,123.3106368,41.6857549
801491917,5,primary,123.3106539,41.6859139
801491917,6,primary,123.3106512,41.6861352
801491917,7,primary,123.3106342,41.6875754
801491917,8,primary,123.3106397,41.6877279
801491918,0,primary,123.3104337,41.6877174
801491918,1,primary,123.3104349,41.6875761
801491918,2,primary,123.3104371,41.6860991
801491918,3,primary,123.3104349,41.6858857
801491918,4,primary,123.3104149,41.6857303
801491918,5,primary,123.3103703,41.6855414
801491918,6,primary,123.3103085,41.6853603
801491918,7,primary,123.3100683,41.6848071
807847642,0,trunk,123.2997799,41.7786233
807847642,1,trunk,123.3019801,41.7782265
807847642,2,trunk,123.3020701,41.7782103
807847642,3,trunk,123.3037294,41.7779618
807847642,4,trunk,123.3044545,41.7778532
807847642,5,trunk,123.3065041,41.777547
807847642,6,trunk,123.3082875,41.7772805
813556290,0,primary,123.2992685,41.6700476
813556290,1,primary,123.2992629,41.6754053
813556290,2,primary,123.2991923,41.678583
813556290,3,primary,123.2991562,41.6808408
813556290,4,primary,123.2991805,41.6814154
813556290,5,primary,123.2991826,41.6814647
813556290,6,primary,123.2992013,41.6819078
813556290,7,primary,123.2994442,41.6844605
813556290,8,primary,123.299444,41.6845343
813556290,9,primary,123.2995593,41.6852934
813556290,10,primary,123.2996465,41.6858325
813556290,11,primary,123.2998001,41.6872727
813556290,12,primary,123.2998146,41.6875992
813556290,13,primary,123.2998223,41.687744
813556290,14,primary,123.2998282,41.6879003
813556290,15,primary,123.2998255,41.6885182
813556290,16,primary,123.2997279,41.6891254
813556290,17,primary,123.2995571,41.6897933
813556290,18,primary,123.2990192,41.6914166
813556290,19,primary,123.2985895,41.6927017
813556290,20,primary,123.2982074,41.6935942
813556290,21,primary,123.2977033,41.6946081
813556290,22,primary,123.2966544,41.6965934
813556290,23,primary,123.2940362,41.7007642
813556290,24,primary,123.292901,41.7022832
813556290,25,primary,123.2918409,41.7036902
813556290,26,primary,123.2902797,41.7055903
813556290,27,primary,123.2898081,41.7059484
813556290,28,primary,123.2892634,41.7062702
813556290,29,primary,123.2885804,41.706604
813556290,30,primary,123.2863753,41.7076159
813556290,31,primary,123.2860956,41.7077443
813556297,0,primary,123.2932019,41.7014632
813556297,1,primary,123.2937679,41.7006426
813556297,2,primary,123.2963861,41.6965145
813556297,3,primary,123.297378,41.6946385
813556297,4,primary,123.2978903,41.6935395
813556297,5,primary,123.2981033,41.693067
813556297,6,primary,123.2984179,41.6923267
813556297,7,primary,123.2987704,41.6912968
813556297,8,primary,123.2993376,41.6895869
813556297,9,primary,123.2995083,41.6888036
813556297,10,primary,123.2995274,41.6879975
813556297,11,primary,123.2995326,41.6877424
813556297,12,primary,123.2995301,41.6876031
813556297,13,primary,123.2994969,41.6872788
813556297,14,primary,123.2993088,41.6858362
813556297,15,primary,123.2989918,41.6825171
813556297,16,primary,123.2989091,41.681467
813556297,17,primary,123.298905,41.6814156
813556297,18,primary,123.2988932,41.6812653
813556297,19,primary,123.2989344,41.6786122
813556297,20,primary,123.2989358,41.6785491
813556297,21,primary,123.2989672,41.6754055
813556297,22,primary,123.2989672,41.6700267
813556297,23,primary,123.2989579,41.6698538
813556297,24,primary,123.2989672,41.668295
813556297,25,primary,123.2989548,41.6670337
813556297,26,primary,123.298913,41.6659549
813556297,27,primary,123.298882,41.6655764
813556297,28,primary,123.2988507,41.6653067
813556297,29,primary,123.2987655,41.6648236
813556297,30,primary,123.2986721,41.6643085
813556297,31,primary,123.2985379,41.6637205
813556297,32,primary,123.298343,41.6630633
813556297,33,primary,123.2982088,41.6626061
813556297,34,primary,123.2981376,41.6624062
813556297,35,primary,123.2971237,41.6595202
813556297,36,primary,123.296195,41.6565901
813556297,37,primary,123.2960494,41.6561724
813556297,38,primary,123.2959458,41.6558204
813556297,39,primary,123.2955536,41.6547584
813556297,40,primary,123.2953156,41.6540643
813556297,41,primary,123.2947572,41.6524655
813556297,42,primary,123.2945984,41.6518876
813556297,43,primary,123.2944501,41.6513302
813556297,44,primary,123.2943297,41.6507236
813556297,45,primary,123.2942325,41.6502071
813556297,46,primary,123.2941099,41.6484582
813556297,47,primary,123.2941285,41.6475544
813556297,48,primary,123.2941651,41.6471868
813556297,49,primary,123.2942001,41.6467844
813556297,50,primary,123.2942031,41.6467589
813556297,51,primary,123.2946015,41.6433918
813556297,52,primary,123.2946113,41.64332
813556297,53,primary,123.2946495,41.6431001
813556297,54,primary,123.2947373,41.6425953
813556297,55,primary,123.2948808,41.641302
813556297,56,primary,123.2949377,41.6405668
813556297,57,primary,123.294954,41.6397282
813556297,58,primary,123.2949423,41.6389397
813556297,59,primary,123.2948691,41.6347886
813556297,60,primary,123.2948689,41.6289624
813556299,0,primary,123.2859748,41.7076551
813556299,1,primary,123.2862882,41.7075103
813556299,2,primary,123.288434,41.706519
813556299,3,primary,123.2890113,41.7062398
813556299,4,primary,123.2895967,41.7058695
813556299,5,primary,123.289987,41.7055053
813556299,6,primary,123.2915238,41.7036417
813556299,7,primary,123.2927175,41.7021146
813556299,8,primary,123.2932019,41.7014632
813556300,0,primary,123.2860956,41.7077443
813556300,1,primary,123.2650681,41.7174268
813556301,0,primary,123.2650681,41.7174268
813556301,1,primary,123.2644364,41.7177726
813556301,2,primary,123.2637332,41.7181154
813556302,0,primary,123.2650307,41.7172942
813556302,1,primary,123.2859748,41.7076551
833419415,0,primary,123.4673066,41.6813805
833419415,1,primary,123.4680526,41.6813895
833419416,0,primary,123.4605171,41.6813835
833419416,1,primary,123.4605486,41.6813841
833419416,2,primary,123.4606231,41.6813856
833419416,3,primary,123.460701,41.6813871
833419416,4,primary,123.4607898,41.6813889
833419416,5,primary,123.4609779,41.6813877
833419416,6,primary,123.4615127,41.6813843
833419416,7,primary,123.4635709,41.6813826
833419416,8,primary,123.4636412,41.6813832
833419416,9,primary,123.4673066,41.6813805
833420039,0,primary,123.4680477,41.681614
833420039,1,primary,123.4672657,41.6815943
838002096,0,primary,123.5558318,41.9373818
838002096,1,primary,123.5568083,41.9370902
838002096,2,primary,123.5577564,41.9367309
838002096,3,primary,123.5586724,41.9363469
838002096,4,primary,123.5597069,41.9357498
838002096,5,primary,123.5649281,41.9326486
838002096,6,primary,123.5682385,41.9306823
838002096,7,primary,123.5686857,41.9304167
838002096,8,primary,123.5687513,41.9303777
838002097,0,primary,123.5554934,41.9374551
838002097,1,primary,123.5558318,41.9373818
838002098,0,primary,123.5555357,41.9375607
838002098,1,primary,123.554679,41.9377356
838002098,2,primary,123.5536632,41.937883
838002098,3,primary,123.5525625,41.9379751
838002098,4,primary,123.5516282,41.9379857
838002098,5,primary,123.5509097,41.9379883
838002098,6,primary,123.5498515,41.9379199
838002098,7,primary,123.5492109,41.937833
838002098,8,primary,123.5487633,41.9377547
838002098,9,primary,123.5486285,41.9377311
838002098,10,primary,123.5472537,41.937446
838002098,11,primary,123.5459265,41.9370748
838002098,12,primary,123.5450099,41.9366772
838002098,13,primary,123.5440225,41.9361901
838002098,14,primary,123.5431554,41.9357189
838002098,15,primary,123.5419754,41.934991
838002098,16,primary,123.5407828,41.9342318
838002098,17,primary,123.5332541,41.9294238
838002098,18,primary,123.5330995,41.9293257
838002098,19,primary,123.5311504,41.9280886
838002098,20,primary,123.5304603,41.927691
838002098,21,primary,123.5296073,41.9272671
838002098,22,primary,123.5288039,41.9269722
838002098,23,primary,123.5279864,41.9268063
838002098,24,primary,123.5273152,41.9267397
838002098,25,primary,123.527137,41.926722
838002098,26,primary,123.5232529,41.9267074
838002098,27,primary,123.5208443,41.9266983
838002098,28,primary,123.5192233,41.9267694
838002098,29,primary,123.5191797,41.9267775
838002098,30,primary,123.5146559,41.9275831
838002098,31,primary,123.5127662,41.9279375
838002098,32,primary,123.5126531,41.9279579
838002099,0,primary,123.5558575,41.9374855
838002099,1,primary,123.5555357,41.9375607
838002290,0,trunk,123.5687513,41.9303777
838002290,1,trunk,123.5686792,41.9303133
838002290,2,trunk,123.5683496,41.9300188
838002290,3,trunk,123.5654805,41.9274555
838002290,4,trunk,123.5644994,41.9265924
838002290,5,trunk,123.5625295,41.9250634
838002290,6,trunk,123.5600753,41.9231807
838002290,7,trunk,123.5580283,41.9216141
838002290,8,trunk,123.5553841,41.9196623
838002290,9,trunk,123.5525662,41.9175938
838002290,10,trunk,123.55174,41.9168714
838002290,11,trunk,123.5505707,41.915849
838002290,12,trunk,123.5502368,41.9155336
838002290,13,trunk,123.5497451,41.915069
838002290,14,trunk,123.5482987,41.9134054
838002290,15,trunk,123.5478949,41.9129409
838002290,16,trunk,123.547109,41.9119309
838002290,17,trunk,123.5465572,41.9111169
838002290,18,trunk,123.5459827,41.9100441
838002290,19,trunk,123.5456642,41.9095299
838002290,20,trunk,123.5455016,41.9092863
838002290,21,trunk,123.5453918,41.909135
838002290,22,trunk,123.5452292,41.9089308
838002290,23,trunk,123.5449934,41.9086555
838002290,24,trunk,123.5446979,41.9083216
838002290,25,trunk,123.5445986,41.9082227
838002290,26,trunk,123.5442128,41.9078386
838002290,27,trunk,123.5428773,41.9064543
838002290,28,trunk,123.5423732,41.9059158
838002290,29,trunk,123.5422675,41.9057932
838002290,30,trunk,123.5421659,41.9056737
838002290,31,trunk,123.5420744,41.9055482
838002290,32,trunk,123.5419951,41.9054377
838002290,33,trunk,123.5419077,41.9053091
838002290,34,trunk,123.5415947,41.904825
838002290,35,trunk,123.5412445,41.9042739
838002290,36,trunk,123.5410255,41.9039294
838002290,37,trunk,123.5408466,41.9036661
838002290,38,trunk,123.5406893,41.9034481
838002290,39,trunk,123.5405079,41.9032085
838002290,40,trunk,123.5403934,41.903059
838002290,41,trunk,123.5402323,41.902854
838002290,42,trunk,123.5400339,41.9026263
838002290,43,trunk,123.5398541,41.9024143
838002290,44,trunk,123.5396673,41.9022023
838002290,45,trunk,123.5394431,41.9019763
838002290,46,trunk,123.5391209,41.9016426
838002290,47,trunk,123.5379487,41.9004904
838002290,48,trunk,123.5368956,41.8995293
838002290,49,trunk,123.5359523,41.8986933
838002290,50,trunk,123.5352168,41.898019
838002290,51,trunk,123.5350276,41.89784
838002290,52,trunk,123.5349179,41.8977305
838002290,53,trunk,123.5348058,41.8976071
838002290,54,trunk,123.5345373,41.8973012
838002290,55,trunk,123.5344462,41.8971795
838002290,56,trunk,123.5341987,41.896851
838002290,57,trunk,123.5339582,41.8965243
838002290,58,trunk,123.5337574,41.8962844
838002290,59,trunk,123.5336453,41.896168
838002290,60,trunk,123.5335239,41.8960463
838002290,61,trunk,123.5333955,41.8959194
838002290,62,trunk,123.5332507,41.8957943
838002290,63,trunk,123.5330989,41.895657
838002290,64,trunk,123.5328748,41.8954779
838002290,65,trunk,123.5327043,41.8953563
838002290,66,trunk,123.5324806,41.8952057
838002290,67,trunk,123.5314224,41.8945567
838002290,68,trunk,123.5304697,41.8939849
838002290,69,trunk,123.5301545,41.8937868
838002290,70,trunk,123.5299513,41.8936564
838002290,71,trunk,123.5297599,41.893526
838002290,72,trunk,123.5295567,41.8933905
838002290,73,trunk,123.5293007,41.8932064
838002291,0,primary,123.5687513,41.9303777
838002291,1,primary,123.5689554,41.9302571
838002292,0,trunk,123.5689554,41.9302571
838002292,1,trunk,123.5691194,41.9304049
838002293,0,primary,123.5748386,41.926835
838002293,1,primary,123.5825231,41.9244205
838002293,2,primary,123.5828731,41.9243105
838002293,3,primary,123.5850295,41.9236329
838002294,0,trunk,123.5689163,41.9305249
838002294,1,trunk,123.5687513,41.9303777
838002295,0,primary,123.5689163,41.9305249
838002295,1,primary,123.5688437,41.9305681
838002295,2,primary,123.5683971,41.9308337
838002295,3,primary,123.5651002,41.9327947
838002295,4,primary,123.560239,41.935686
838002295,5,primary,123.5595772,41.9360796
838002295,6,primary,123.5589756,41.9363771
838002295,7,primary,123.5581155,41.9367588
838002295,8,primary,123.5566963,41.9372485
838002295,9,primary,123.5558575,41.9374855
838002296,0,primary,123.5691194,41.9304049
838002296,1,primary,123.5689163,41.9305249
838002297,0,trunk,123.5691194,41.9304049
838002297,1,trunk,123.5691817,41.9304666
838002297,2,trunk,123.5695056,41.9307794
838002297,3,trunk,123.5721704,41.9333022
838002297,4,trunk,123.5729512,41.9341286
838002297,5,trunk,123.5754369,41.9367594
838002297,6,trunk,123.5764649,41.9376224
838002297,7,trunk,123.5769749,41.9381019
838002297,8,trunk,123.5779149,41.9389123
879893135,0,trunk,123.5295182,41.6370331
879893135,1,trunk,123.529495,41.6369342
879893135,2,trunk,123.5296352,41.6363252
879893135,3,trunk,123.5297321,41.6361015
879893135,4,trunk,123.5299223,41.6357111
879893135,5,trunk,123.5301618,41.6353057
879893135,6,trunk,123.5306693,41.6345918
879893135,7,trunk,123.5308699,41.6343102
879893135,8,trunk,123.5310967,41.6337543
879893135,9,trunk,123.5311847,41.6333432
879893135,10,trunk,123.5312413,41.6323854
879893135,11,trunk,123.5313219,41.6320209
879893135,12,trunk,123.5314739,41.6316797
879893135,13,trunk,123.532229,41.6301822
879893135,14,trunk,123.5333203,41.6281457
879893135,15,trunk,123.5337489,41.6272409
879893135,16,trunk,123.5341115,41.6262666
879893135,17,trunk,123.5342889,41.6255775
879893135,18,trunk,123.5345552,41.624429
879893135,19,trunk,123.5347126,41.6233974
879893135,20,trunk,123.534731,41.6232765
879893135,21,trunk,123.5347504,41.6231496
879893135,22,trunk,123.5348817,41.6222883
879893135,23,trunk,123.5350589,41.6214114
879893135,24,trunk,123.5351568,41.6210869
879893135,25,trunk,123.5353173,41.6206585
879893135,26,trunk,123.5356118,41.6200494
879893135,27,trunk,123.5360876,41.6192047
879893135,28,trunk,123.5372235,41.6174886
879893135,29,trunk,123.5374155,41.6170927
879893135,30,trunk,123.5376207,41.6165582
879893135,31,trunk,123.5382485,41.6137619
879893135,32,trunk,123.538753,41.6115146
879893135,33,trunk,123.5394424,41.6078285
879893135,34,trunk,123.5394761,41.6076219
879893135,35,trunk,123.5395319,41.6073222
879893135,36,trunk,123.5400788,41.6049522
879893135,37,trunk,123.5401561,41.604694
879893135,38,trunk,123.5402145,41.6044989
879893135,39,trunk,123.5404147,41.6039952
879893135,40,trunk,123.5408006,41.6032852
879893135,41,trunk,123.5411442,41.6027208
879893135,42,trunk,123.5412387,41.6025655
879893135,43,trunk,123.5428157,41.6002832
879893135,44,trunk,123.5443527,41.5980553
879893135,45,trunk,123.5456911,41.5963391
879893135,46,trunk,123.5457533,41.5962593
879893135,47,trunk,123.5463587,41.5955214
879893135,48,trunk,123.5465559,41.5952352
879893135,49,trunk,123.5467332,41.594949
879893135,50,trunk,123.5468803,41.5946247
879893135,51,trunk,123.5471282,41.5940357
879893135,52,trunk,123.5473233,41.5933055
879893135,53,trunk,123.5474011,41.5929571
879893135,54,trunk,123.547508,41.5926005
879893135,55,trunk,123.5476529,41.5921849
879893135,56,trunk,123.5478238,41.5917931
879893135,57,trunk,123.5479936,41.5914739
879893135,58,trunk,123.548501,41.5905197
879893135,59,trunk,123.5502289,41.5874415
879893135,60,trunk,123.5515689,41.5849694
884705370,0,primary,123.5689554,41.9302571
884705370,1,primary,123.5690452,41.9302024
884705370,2,primary,123.5694565,41.929952
884705370,3,primary,123.5721668,41.9283016
884705370,4,primary,123.5736177,41.9274181
884705371,0,primary,123.5737542,41.927576
884705371,1,primary,123.5723231,41.9284495
884705371,2,primary,123.5696164,41.9301072
884705371,3,primary,123.5692001,41.9303557
884705371,4,primary,123.5691194,41.9304049
884705372,0,primary,123.5749521,41.9270032
884705372,1,primary,123.5746678,41.9271392
884705372,2,primary,123.5737542,41.927576
884705373,0,primary,123.5736177,41.9274181
884705373,1,primary,123.5745662,41.9269651
884705373,2,primary,123.5748386,41.926835
885861901,0,trunk,123.5516494,41.5850056
885861901,1,trunk,123.5508796,41.5864336
885861901,2,trunk,123.5503299,41.5874512
885861901,3,trunk,123.5485886,41.5905416
885861901,4,trunk,123.547905,41.5918093
885861901,5,trunk,123.54774,41.5921971
885861901,6,trunk,123.5475912,41.5926127
885861901,7,trunk,123.5474972,41.5929689
885861901,8,trunk,123.5474255,41.5933038
885861901,9,trunk,123.5472257,41.5940341
885861901,10,trunk,123.5469897,41.5946496
885861901,11,trunk,123.5468386,41.5949749
885861901,12,trunk,123.5466631,41.5952799
885861901,13,trunk,123.5464564,41.5955587
885861901,14,trunk,123.5458549,41.5962906
885861901,15,trunk,123.5457926,41.5963689
885861901,16,trunk,123.5444503,41.5980537
885861901,17,trunk,123.5429132,41.6002816
885861901,18,trunk,123.5413363,41.6025639
885861901,19,trunk,123.5412154,41.6027624
885861901,20,trunk,123.5408981,41.6032836
885861901,21,trunk,123.5405122,41.6039937
885861901,22,trunk,123.540312,41.6044973
885861901,23,trunk,123.540249,41.6047077
885861901,24,trunk,123.5401763,41.6049507
885861901,25,trunk,123.5396255,41.6073207
885861901,26,trunk,123.5395634,41.6076215
885861901,27,trunk,123.5395296,41.6078262
885861901,28,trunk,123.5388505,41.611513
885861901,29,trunk,123.5378608,41.6159218
885861901,30,trunk,123.5377183,41.6165566
885861901,31,trunk,123.537513,41.6170912
885861901,32,trunk,123.537321,41.6174871
885861901,33,trunk,123.5361865,41.6192125
885861901,34,trunk,123.5357093,41.6200479
885861901,35,trunk,123.5354148,41.620657
885861901,36,trunk,123.5352543,41.6210854
885861901,37,trunk,123.5351564,41.62141
885861901,38,trunk,123.5349792,41.6222868
885861901,39,trunk,123.534645,41.6244424
885861901,40,trunk,123.5343865,41.625576
885861901,41,trunk,123.5342091,41.6262652
885861901,42,trunk,123.5338465,41.6272394
885861901,43,trunk,123.5334041,41.6281631
885861901,44,trunk,123.5323266,41.6301807
885861901,45,trunk,123.5315715,41.6316783
885861901,46,trunk,123.5314289,41.6320373
885861901,47,trunk,123.5313389,41.632384
885861901,48,trunk,123.5312823,41.6333418
885861901,49,trunk,123.5311942,41.6337528
885861901,50,trunk,123.5309674,41.6343088
885861901,51,trunk,123.5307528,41.6346087
885861901,52,trunk,123.5302593,41.6353031
885861901,53,trunk,123.5299973,41.6357319
885861901,54,trunk,123.5297935,41.6361078
885861901,55,trunk,123.5297079,41.6363354
885861901,56,trunk,123.5295874,41.6368694
885861901,57,trunk,123.5295182,41.6370331
904262572,0,primary,123.5051375,41.7440648
904262572,1,primary,123.5043686,41.7439401
904262572,2,primary,123.5036589,41.7438008
904262572,3,primary,123.5026949,41.7436117
904262572,4,primary,123.501985,41.7434724
904262572,5,primary,123.5018323,41.7434424
904262572,6,primary,123.5017183,41.7434201
904262572,7,primary,123.5015774,41.7433924
904262572,8,primary,123.4996539,41.7430149
904262572,9,primary,123.4989,41.7428669
904262572,10,primary,123.4963776,41.7423701
904262572,11,primary,123.4958491,41.7422686
904262572,12,primary,123.4955591,41.7422117
904262572,13,primary,123.4951878,41.7421389
904262572,14,primary,123.4909036,41.7413232
904262572,15,primary,123.4894729,41.7410496
904262572,16,primary,123.4843907,41.7401189
904262572,17,primary,123.481149,41.7394241
904262572,18,primary,123.4810316,41.7394031
904262572,19,primary,123.4772396,41.7387235
904262572,20,primary,123.4755491,41.7383975
904262572,21,primary,123.4740929,41.7381167
904262572,22,primary,123.4717051,41.7376599
904262573,0,primary,123.4716531,41.7372374
904262573,1,primary,123.4738398,41.7376627
904262573,2,primary,123.4756549,41.7380157
904262573,3,primary,123.4770638,41.7382816
904262573,4,primary,123.4779622,41.7385061
904262573,5,primary,123.4810497,41.7391162
904262573,6,primary,123.4811556,41.7391371
904262573,7,primary,123.4850117,41.7398864
904262573,8,primary,123.4895806,41.7407417
904262573,9,primary,123.4907278,41.7409602
904262573,10,primary,123.4911384,41.7410239
904262573,11,primary,123.4950603,41.7417848
904262573,12,primary,123.4953136,41.7418339
904262573,13,primary,123.4956752,41.741905
904262573,14,primary,123.4959279,41.7419547
904262573,15,primary,123.4962927,41.7420265
904262573,16,primary,123.4966553,41.7420978
904262573,17,primary,123.4979038,41.7423283
904262573,18,primary,123.4999239,41.7427014
904262573,19,primary,123.5017082,41.7430286
904262573,20,primary,123.5018418,41.7430531
904262573,21,primary,123.5019476,41.7430725
904262573,22,primary,123.502114,41.743103
904262573,23,primary,123.5034368,41.7433387
904262573,24,primary,123.5052677,41.7436953
904262574,0,trunk,123.5045519,41.7438564
904262574,1,trunk,123.5017792,41.7433363
904262574,2,trunk,123.5007767,41.7431399
904262574,3,trunk,123.499941,41.7429466
904262574,4,trunk,123.4959823,41.7422006
904262574,5,trunk,123.4954106,41.7420899
904262574,6,trunk,123.4917778,41.7413915
904262574,7,trunk,123.4896438,41.7409812
904262574,8,trunk,123.486189,41.7403298
904262574,9,trunk,123.481261,41.739379
904262574,10,trunk,123.4776532,41.7386887
904262574,11,trunk,123.4770152,41.7385849
904262574,12,trunk,123.4740179,41.7380062
904262575,0,trunk,123.4740692,41.7378278
904262575,1,trunk,123.4773119,41.738473
904262575,2,trunk,123.4812147,41.7392373
904262575,3,trunk,123.482532,41.7394762
904262575,4,trunk,123.4854422,41.7400489
904262575,5,trunk,123.4896697,41.7408462
904262575,6,trunk,123.4919315,41.7412764
904262575,7,trunk,123.4950485,41.7418693
904262575,8,trunk,123.4960491,41.7420571
904262575,9,trunk,123.5002279,41.7428788
904262575,10,trunk,123.5009483,41.7429839
904262575,11,trunk,123.5020955,41.7431922
904262575,12,trunk,123.5046341,41.7436566
904262580,0,trunk,123.4740179,41.7380062
904262580,1,trunk,123.4724399,41.7377114
904262580,2,trunk,123.470893,41.7374224
904262580,3,trunk,123.4699455,41.7372397
904262580,4,trunk,123.4668686,41.7366395
904262592,0,trunk,123.4979657,41.7350397
904262592,1,trunk,123.4980351,41.7348228
904262592,2,trunk,123.4986644,41.7328566
904262592,3,trunk,123.4987923,41.7324567
904262592,4,trunk,123.4988148,41.7323865
904262592,5,trunk,123.4988622,41.7322093
904262592,6,trunk,123.4990569,41.7316591
904262593,0,trunk,123.4978907,41.7352739
904262593,1,trunk,123.4979329,41.7351422
904262593,2,trunk,123.4979657,41.7350397
904262594,0,trunk,123.4992085,41.7316865
904262594,1,trunk,123.4990255,41.73226
904262594,2,trunk,123.4989751,41.7323589
904262594,3,trunk,123.498811,41.7328801
904262594,4,trunk,123.4981086,41.7350999
904262595,0,trunk,123.4981086,41.7350999
904262595,1,trunk,123.4980353,41.7353221
904262596,0,trunk,123.4978247,41.73548
904262596,1,trunk,123.4978907,41.7352739
904262597,0,trunk,123.497707,41.7358479
904262597,1,trunk,123.4977414,41.7357404
904262597,2,trunk,123.4978247,41.73548
904262598,0,trunk,123.4979743,41.7355071
904262598,1,trunk,123.4978537,41.7358729
904262599,0,trunk,123.4980353,41.7353221
904262599,1,trunk,123.4980151,41.7353834
904262599,2,trunk,123.4979743,41.7355071
904262603,0,trunk,123.4923906,41.7513333
904262603,1,trunk,123.4930244,41.7494817
904262603,2,trunk,123.4930733,41.7493503
904262603,3,trunk,123.4935046,41.7481923
904262603,4,trunk,123.4936202,41.7478236
904262603,5,trunk,123.4939588,41.7469684
904262604,0,trunk,123.4940701,41.7469921
904262604,1,trunk,123.4937412,41.7478772
904262604,2,trunk,123.4934612,41.7487516
904262604,3,trunk,123.4931255,41.7497598
904262604,4,trunk,123.4928752,41.750455
904262604,5,trunk,123.4925301,41.7513453
904262606,0,trunk,123.4966046,41.7392955
904262606,1,trunk,123.4969084,41.7383438
904262606,2,trunk,123.4970075,41.7380331
904262606,3,trunk,123.4970633,41.7378587
904262606,4,trunk,123.4971045,41.7377303
904262606,5,trunk,123.497707,41.7358479
904262607,0,trunk,123.4978537,41.7358729
904262607,1,trunk,123.4971847,41.7379013
904262607,2,trunk,123.497125,41.7380824
904262607,3,trunk,123.4969232,41.7386655
904262607,4,trunk,123.4967017,41.7393053
904262609,0,trunk,123.4669446,41.7364126
904262609,1,trunk,123.4702537,41.7370454
904262609,2,trunk,123.4722265,41.7374499
904262609,3,trunk,123.4740692,41.7378278
904262615,0,trunk,123.4358778,41.7319542
904262615,1,trunk,123.4350144,41.7317796
904262616,0,trunk,123.4350955,41.7315963
904262616,1,trunk,123.4359746,41.7318252
904262618,0,trunk,123.4668686,41.7366395
904262618,1,trunk,123.4666009,41.7365872
904262618,2,trunk,123.46598,41.7364657
904262618,3,trunk,123.4642124,41.7361076
904262618,4,trunk,123.4635234,41.7360261
904262618,5,trunk,123.4628771,41.7359729
904262618,6,trunk,123.4622356,41.7359339
904262618,7,trunk,123.459646,41.7359374
904262618,8,trunk,123.4551128,41.7359232
904262618,9,trunk,123.4548744,41.735915
904262618,10,trunk,123.4548039,41.7359126
904262618,11,trunk,123.4543335,41.7358913
904262618,12,trunk,123.4531123,41.7357282
904262618,13,trunk,123.4522142,41.7355864
904262619,0,trunk,123.4522523,41.7354906
904262619,1,trunk,123.4525421,41.7355403
904262619,2,trunk,123.4529983,41.7356147
904262619,3,trunk,123.4543288,41.7357318
904262619,4,trunk,123.4547052,41.7357552
904262619,5,trunk,123.4551271,41.7357814
904262619,6,trunk,123.4613091,41.7357601
904262619,7,trunk,123.4626538,41.7357637
904262619,8,trunk,123.4635614,41.7358417
904262619,9,trunk,123.4640223,41.7358807
904262619,10,trunk,123.4647018,41.7359906
904262619,11,trunk,123.4656331,41.7361466
904262619,12,trunk,123.4669446,41.7364126
904262620,0,trunk,123.4501282,41.7350297
904262620,1,trunk,123.4516963,41.7353843
904262620,2,trunk,123.4522523,41.7354906
904262621,0,trunk,123.4468828,41.7342779
904262621,1,trunk,123.4485744,41.7346786
904262621,2,trunk,123.4493109,41.7348382
904262622,0,trunk,123.4493109,41.7348382
904262622,1,trunk,123.4501282,41.7350297
904262623,0,trunk,123.4501235,41.7351396
904262623,1,trunk,123.4493062,41.7349552
904262624,0,trunk,123.4493062,41.7349552
904262624,1,trunk,123.4485507,41.7347744
904262624,2,trunk,123.4468543,41.7343808
904262625,0,trunk,123.43976,41.7326787
904262625,1,trunk,123.4433015,41.7334726
904262625,2,trunk,123.4461035,41.7341006
904262625,3,trunk,123.4468828,41.7342779
904262626,0,trunk,123.4468543,41.7343808
904262626,1,trunk,123.446037,41.7341964
904262626,2,trunk,123.4431107,41.7335539
904262626,3,trunk,123.4397077,41.732778
904262627,0,trunk,123.4397077,41.732778
904262627,1,trunk,123.4391137,41.7326468
904262627,2,trunk,123.4358778,41.7319542
904262628,0,trunk,123.4359746,41.7318252
904262628,1,trunk,123.4391517,41.732551
904262628,2,trunk,123.43976,41.7326787
904262633,0,trunk,123.4522142,41.7355864
904262633,1,trunk,123.4513779,41.7354162
904262633,2,trunk,123.4501235,41.7351396
904385995,0,trunk,123.4709284,41.782393
904385995,1,trunk,123.4703902,41.7821302
904385995,2,trunk,123.47004,41.7819227
904385995,3,trunk,123.4684047,41.7808315
904385995,4,trunk,123.4676168,41.7803302
904385996,0,trunk,123.4676168,41.7803302
904385996,1,trunk,123.4674573,41.7802253
904385996,2,trunk,123.4673541,41.7801041
904385996,3,trunk,123.4673198,41.7799502
904385996,4,trunk,123.4673229,41.7798056
904385996,5,trunk,123.4673573,41.779717
904385996,6,trunk,123.4674042,41.7796098
904385996,7,trunk,123.4675105,41.7794699
904386006,0,trunk,123.4902604,41.7573915
904386006,1,trunk,123.4904662,41.7568152
904386006,2,trunk,123.4905012,41.7567173
904386007,0,trunk,123.4906342,41.7567612
904386007,1,trunk,123.4906026,41.7568473
904386007,2,trunk,123.4903954,41.7574122
904386017,0,trunk,123.4892751,41.7594752
904386017,1,trunk,123.4894436,41.7591345
904386017,2,trunk,123.4901825,41.7576095
904386017,3,trunk,123.4902604,41.7573915
904386018,0,trunk,123.4889825,41.7600671
904386018,1,trunk,123.4892751,41.7594752
904386019,0,trunk,123.4903954,41.7574122
904386019,1,trunk,123.4903436,41.7575533
904386019,2,trunk,123.4895064,41.7593069
904386019,3,trunk,123.4894549,41.7594098
904386019,4,trunk,123.4894235,41.7594678
904386019,5,trunk,123.4893946,41.7595211
904386020,0,trunk,123.4893946,41.7595211
904386020,1,trunk,123.4890779,41.7600891
904409589,0,primary,123.5664612,41.7474159
904409589,1,primary,123.5649649,41.7481802
904409590,0,primary,123.5674779,41.7467684
904409590,1,primary,123.567748,41.7466392
904409590,2,primary,123.5685821,41.7462403
904409590,3,primary,123.5690038,41.7461236
904409591,0,primary,123.5675834,41.7468506
904409591,1,primary,123.566694,41.7473092
904409591,2,primary,123.566577,41.7473628
904409591,3,primary,123.5664612,41.7474159
904409592,0,primary,123.5587491,41.752147
904409592,1,primary,123.5609886,41.7506236
904409592,2,primary,123.562899,41.749307
904409592,3,primary,123.5636447,41.7488107
904409592,4,primary,123.5638804,41.7486714
904409592,5,primary,123.5641413,41.7485173
904409592,6,primary,123.5648588,41.7481294
904409592,7,primary,123.5653767,41.7478495
904409592,8,primary,123.5662533,41.7473757
904409593,0,primary,123.5662533,41.7473757
904409593,1,primary,123.5674779,41.7467684
904409594,0,primary,123.5690038,41.7461236
904409594,1,primary,123.5675834,41.7468506
904409598,0,primary,123.5201992,41.7712655
904409598,1,primary,123.5213586,41.7707355
904409598,2,primary,123.5220999,41.7703966
904409598,3,primary,123.5229536,41.7700063
904409598,4,primary,123.526144,41.7685864
904409598,5,primary,123.5282407,41.7676532
904409598,6,primary,123.5305515,41.766711
904409598,7,primary,123.5365719,41.7639671
904409598,8,primary,123.5370525,41.7637648
904409598,9,primary,123.5377427,41.7634615
904409598,10,primary,123.5378153,41.7634196
904409598,11,primary,123.5378944,41.763374
904409598,12,primary,123.5379669,41.7633322
904409598,13,primary,123.5380873,41.7632628
904409598,14,primary,123.5403184,41.7619769
904409598,15,primary,123.5409321,41.7616084
904409598,16,primary,123.5432853,41.7601956
904409598,17,primary,123.5433769,41.7601505
904409598,18,primary,123.5450941,41.7591638
904409598,19,primary,123.545393,41.7590128
904409598,20,primary,123.5454694,41.7589742
904409598,21,primary,123.5464497,41.7584789
904409598,22,primary,123.5473432,41.7580744
904409598,23,primary,123.5491241,41.757155
904409598,24,primary,123.5505021,41.7564976
904409598,25,primary,123.5516197,41.7559645
904409598,26,primary,123.5547501,41.7545164
904409598,27,primary,123.5570136,41.7533009
904409598,28,primary,123.5574964,41.7530168
904409598,29,primary,123.5580085,41.7526659
904409599,0,primary,123.5580085,41.7526659
904409599,1,primary,123.5581994,41.752535
904409600,0,primary,123.5649649,41.7481802
904409600,1,primary,123.5641306,41.7486636
904409600,2,primary,123.5634036,41.7491309
904409600,3,primary,123.5592516,41.7519525
904409600,4,primary,123.5588871,41.7522074
904409601,0,primary,123.5583564,41.7525784
904409601,1,primary,123.5581382,41.7527193
904409602,0,primary,123.5584546,41.7523549
904409602,1,primary,123.5587491,41.752147
904409603,0,primary,123.5581994,41.752535
904409603,1,primary,123.5584546,41.7523549
904409604,0,primary,123.5588871,41.7522074
904409604,1,primary,123.5586136,41.7523959
904409605,0,primary,123.5586136,41.7523959
904409605,1,primary,123.5583564,41.7525784
904409611,0,primary,123.5202871,41.7713663
904409611,1,primary,123.5197001,41.7716148
904409611,2,primary,123.5178206,41.7723685
904409611,3,primary,123.513314,41.7741638
904409611,4,primary,123.5115687,41.7748089
904409612,0,primary,123.5114699,41.774688
904409612,1,primary,123.5123805,41.7743439
904409612,2,primary,123.5176604,41.7723042
904409612,3,primary,123.5193303,41.7716286
904409612,4,primary,123.5201992,41.7712655
904409631,0,primary,123.5091407,41.7756039
904409631,1,primary,123.5100228,41.7752349
904409631,2,primary,123.5114699,41.774688
904409632,0,primary,123.5115687,41.7748089
904409632,1,primary,123.510104,41.7753551
904409632,2,primary,123.5092238,41.7757084
904411533,0,trunk,123.5372683,41.7972444
904411533,1,trunk,123.5320653,41.7945968
904411533,2,trunk,123.5276343,41.7923411
904411533,3,trunk,123.5267081,41.7918781
904411533,4,trunk,123.5257667,41.7914074
904411534,0,trunk,123.5259338,41.7913425
904411534,1,trunk,123.526261,41.7915052
904411534,2,trunk,123.5275046,41.792131
904411534,3,trunk,123.529798,41.793285
904411534,4,trunk,123.5316576,41.7942208
904411534,5,trunk,123.537351,41.7970413
904411535,0,trunk,123.5254423,41.7910921
904411535,1,trunk,123.5259338,41.7913425
904411536,0,trunk,123.5257667,41.7914074
904411536,1,trunk,123.5253222,41.7911852
904411536,2,trunk,123.525258,41.7911517
904469074,0,motorway,123.3319424,41.708347
904469074,1,motorway,123.315295,41.7038099
904469075,0,motorway,123.3325263,41.7085053
904469075,1,motorway,123.3319424,41.708347
904469076,0,motorway,123.3144246,41.7033982
904469076,1,motorway,123.3320225,41.7082045
904469077,0,motorway,123.3320225,41.7082045
904469077,1,motorway,123.3325912,41.7083594
904478809,0,trunk,123.4350144,41.7317796
904478809,1,trunk,123.4312032,41.7309465
904478809,2,trunk,123.4308372,41.7308701
904478809,3,trunk,123.4305202,41.7307963
904478809,4,trunk,123.428943,41.7304269
904478809,5,trunk,123.4278426,41.7301691
904478810,0,trunk,123.4278869,41.7300621
904478810,1,trunk,123.4290613,41.7302986
904478810,2,trunk,123.4305935,41.7306072
904478810,3,trunk,123.4308924,41.7306767
904478810,4,trunk,123.4312931,41.730767
904478810,5,trunk,123.4350955,41.7315963
904478811,0,trunk,123.4278426,41.7301691
904478811,1,trunk,123.4263322,41.7298218
904478811,2,trunk,123.4256769,41.7296791
904478811,3,trunk,123.4244607,41.7294078
904478811,4,trunk,123.4242242,41.7293555
904478811,5,trunk,123.4239405,41.7292928
904478811,6,trunk,123.4224778,41.7289625
904478811,7,trunk,123.4221433,41.728891
904478812,0,trunk,123.4221765,41.7288126
904478812,1,trunk,123.4232752,41.7290573
904478812,2,trunk,123.4239833,41.729218
904478812,3,trunk,123.4255939,41.7295729
904478812,4,trunk,123.4278869,41.7300621
904478815,0,trunk,123.4015654,41.7243096
904478815,1,trunk,123.3979412,41.7234977
904478815,2,trunk,123.3978256,41.7234718
904478815,3,trunk,123.3958335,41.7230381
904478815,4,trunk,123.3945123,41.7227505
904478816,0,trunk,123.4051512,41.725024
904478816,1,trunk,123.4084067,41.725725
904478816,2,trunk,123.4156668,41.7273233
904478816,3,trunk,123.4161036,41.7274188
904478816,4,trunk,123.4175772,41.727741
904478816,5,trunk,123.4188433,41.7280353
904478816,6,trunk,123.4214952,41.7286609
904478816,7,trunk,123.4221765,41.7288126
904478817,0,trunk,123.4016066,41.7242247
904478817,1,trunk,123.4026524,41.7244614
904478817,2,trunk,123.4051512,41.725024
904478818,0,trunk,123.4051063,41.7251153
904478818,1,trunk,123.4026183,41.7245503
904478818,2,trunk,123.4015654,41.7243096
904478821,0,trunk,123.3879347,41.7213907
904478821,1,trunk,123.3882332,41.7214181
904478821,2,trunk,123.3899661,41.7216456
904478821,3,trunk,123.3907284,41.7217877
904478821,4,trunk,123.3916719,41.7220016
904478821,5,trunk,123.3923646,41.7221447
904478821,6,trunk,123.3929664,41.7222691
904478821,7,trunk,123.3936998,41.7224399
904478821,8,trunk,123.3945566,41.7226327
904478823,0,trunk,123.3836223,41.7214243
904478823,1,trunk,123.3844802,41.7213502
904478823,2,trunk,123.3849307,41.7213236
904478823,3,trunk,123.3852946,41.7213021
904478823,4,trunk,123.3862716,41.7213087
904478823,5,trunk,123.3868598,41.7213399
904478823,6,trunk,123.3874479,41.721371
904478823,7,trunk,123.387628,41.7213814
904478823,8,trunk,123.3879347,41.7213907
904478824,0,trunk,123.3878966,41.7215068
904478824,1,trunk,123.3874948,41.7214779
904478824,2,trunk,123.3870295,41.7214471
904478824,3,trunk,123.3862795,41.7214164
904478824,4,trunk,123.3857433,41.7214144
904478824,5,trunk,123.3852558,41.7214247
904478824,6,trunk,123.3849584,41.721438
904478824,7,trunk,123.3843378,41.7214936
904478824,8,trunk,123.3841267,41.721512
904478824,9,trunk,123.3836618,41.7215526
904478827,0,trunk,123.3755466,41.7226153
904478827,1,trunk,123.3724237,41.7229398
904478827,2,trunk,123.3715767,41.7230442
904478827,3,trunk,123.3709216,41.723134
904478828,0,trunk,123.3764024,41.7225263
904478828,1,trunk,123.3755466,41.7226153
904478829,0,trunk,123.370863,41.7230084
904478829,1,trunk,123.3727308,41.7227633
904478829,2,trunk,123.3755088,41.7224776
904478830,0,trunk,123.3755088,41.7224776
904478830,1,trunk,123.3763678,41.7223893
904492416,0,primary,123.3824224,41.7086643
904492416,1,primary,123.3807272,41.7058553
904492416,2,primary,123.3805234,41.7053943
904492416,3,primary,123.3803887,41.704969
904492416,4,primary,123.379844,41.7029716
904492417,0,primary,123.3721202,41.6916009
904492417,1,primary,123.3722274,41.6917398
904492417,2,primary,123.3755332,41.6961191
904492417,3,primary,123.3755994,41.6962095
904492417,4,primary,123.3791877,41.7010108
904492417,5,primary,123.3794134,41.7013897
904492417,6,primary,123.3795517,41.7016878
904492417,7,primary,123.3796791,41.702036
904492417,8,primary,123.3797458,41.7022468
904492419,0,trunk,123.3825642,41.7086429
904492419,1,trunk,123.3851796,41.7128695
904492419,2,trunk,123.3854617,41.7132894
904492419,3,trunk,123.3856423,41.7135583
904492419,4,trunk,123.3859136,41.7141056
904492419,5,trunk,123.3862456,41.7148376
904492420,0,trunk,123.3861228,41.714845
904492420,1,trunk,123.3854933,41.7134997
904492420,2,trunk,123.3853474,41.713294
904492420,3,trunk,123.385073,41.7129072
904492420,4,trunk,123.3824224,41.7086643
904492421,0,trunk,123.3786169,41.7441784
904492421,1,trunk,123.3791565,41.7428674
904492421,2,trunk,123.3797493,41.7414613
904492421,3,trunk,123.3801873,41.7402005
904492422,0,trunk,123.3803037,41.7402307
904492422,1,trunk,123.3798849,41.7414479
904492422,2,trunk,123.3791944,41.7431093
904492422,3,trunk,123.379001,41.7435657
904492422,4,trunk,123.3787498,41.7442049
904492452,0,trunk,123.3812981,41.7378162
904492452,1,trunk,123.3810486,41.7384011
904492452,2,trunk,123.3806296,41.7394302
904492452,3,trunk,123.3803037,41.7402307
904492453,0,trunk,123.3801873,41.7402005
904492453,1,trunk,123.380477,41.7394849
904492453,2,trunk,123.3807052,41.7389234
904492453,3,trunk,123.3809217,41.7383864
904492453,4,trunk,123.3811888,41.7377876
904492454,0,trunk,123.3787498,41.7442049
904492454,1,trunk,123.3785,41.7447422
904492454,2,trunk,123.3784028,41.7449532
904492454,3,trunk,123.3783849,41.7449921
904492460,0,trunk,123.3698905,41.7547241
904492460,1,trunk,123.36983,41.7542201
904492460,2,trunk,123.3698554,41.7537161
904492460,3,trunk,123.3700224,41.7532139
904492460,4,trunk,123.3702,41.7528598
904492461,0,trunk,123.3703198,41.7529631
904492461,1,trunk,123.3701184,41.7533404
904492461,2,trunk,123.3700029,41.7537097
904492461,3,trunk,123.3701016,41.7578979
904492461,4,trunk,123.3701997,41.758573
904492461,5,trunk,123.3704161,41.7593102
904592329,0,trunk,123.4328859,41.7513016
904592329,1,trunk,123.4330534,41.7511278
904592330,0,trunk,123.4326432,41.7515913
904592330,1,trunk,123.4328859,41.7513016
904592331,0,trunk,123.432842,41.7516541
904592331,1,trunk,123.4325758,41.7519639
904599965,0,primary,123.3135509,41.6879798
904599965,1,primary,123.3124637,41.6878564
904599965,2,primary,123.3119859,41.6878076
904599965,3,primary,123.3116887,41.6877839
904599965,4,primary,123.3110873,41.6877394
904599965,5,primary,123.3106397,41.6877279
904599967,0,primary,123.3106397,41.6877279
904599967,1,primary,123.3104337,41.6877174
904599970,0,primary,123.2958432,41.6546658
904599970,1,primary,123.2962727,41.6559361
904599970,2,primary,123.2963314,41.6561032
904599970,3,primary,123.2964918,41.6565718
904599970,4,primary,123.2974228,41.6595576
904599970,5,primary,123.2983701,41.6623572
904599970,6,primary,123.2984526,41.6625589
904599970,7,primary,123.2985947,41.6629427
904599970,8,primary,123.2988732,41.6639942
904599970,9,primary,123.299011,41.6646902
904599970,10,primary,123.2991245,41.665439
904599970,11,primary,123.2991911,41.666063
904599970,12,primary,123.2992314,41.66663
904599970,13,primary,123.299278,41.6698749
904599972,0,primary,123.299278,41.6698749
904599972,1,primary,123.2992685,41.6700476
904600189,0,trunk,123.311606,41.6282912
904600189,1,trunk,123.3156347,41.6282183
904600189,2,trunk,123.3183891,41.6281401
904600189,3,trunk,123.3192308,41.6281169
904600189,4,trunk,123.3256708,41.6279723
904600191,0,primary,123.3256708,41.6279723
904600191,1,primary,123.3258065,41.6279722
904600192,0,primary,123.3259362,41.6320417
904600192,1,primary,123.3262038,41.6383221
904600192,2,primary,123.3261721,41.6387892
904600192,3,primary,123.3260763,41.6390841
904600193,0,primary,123.3260763,41.6390841
904600193,1,primary,123.3259665,41.6394748
904600194,0,primary,123.3259318,41.6390049
904600194,1,primary,123.3259662,41.6387832
904600194,2,primary,123.3260334,41.6383479
904600194,3,primary,123.3258028,41.632065
904600195,0,primary,123.3258218,41.639422
904600195,1,primary,123.3259318,41.6390049
904600196,0,primary,123.3257949,41.6319628
904600196,1,primary,123.3256701,41.628283
904600196,2,primary,123.3256721,41.628165
904600196,3,primary,123.3256708,41.6279723
904600197,0,primary,123.3258028,41.632065
904600197,1,primary,123.3257949,41.6319628
904600198,0,primary,123.3258065,41.6279722
904600198,1,primary,123.3258093,41.6281625
904600198,2,primary,123.3258121,41.62828
904600198,3,primary,123.3259336,41.6319454
904600199,0,primary,123.3259336,41.6319454
904600199,1,primary,123.3259362,41.6320417
904671559,0,primary,123.4175398,41.6961773
904671559,1,primary,123.4185907,41.6959515
904671561,0,primary,123.4186299,41.6961109
904671561,1,primary,123.4184178,41.6961505
904671561,2,primary,123.4177657,41.6962871
904671561,3,primary,123.4175824,41.6963315
904765276,0,trunk,123.4625779,41.7067167
904765276,1,trunk,123.4625946,41.7066105
904765276,2,trunk,123.4627187,41.7060646
904765276,3,trunk,123.4629801,41.705238
904765276,4,trunk,123.463518,41.7042617
904765276,5,trunk,123.4640622,41.7035432
904765276,6,trunk,123.4656383,41.7018246
904765276,7,trunk,123.4681931,41.6990366
904765276,8,trunk,123.4684023,41.6988008
904765276,9,trunk,123.4698935,41.6970436
904765277,0,trunk,123.4698935,41.6970436
904765277,1,trunk,123.4701204,41.6967952
904765278,0,trunk,123.4701422,41.6971336
904765278,1,trunk,123.4685874,41.6988939
904765278,2,trunk,123.4684679,41.6990283
904765278,3,trunk,123.4658377,41.7019508
904765278,4,trunk,123.4643141,41.7036437
904765278,5,trunk,123.4637436,41.7043708
904765278,6,trunk,123.4636258,41.7045935
904765278,7,trunk,123.4632711,41.7052638
904765278,8,trunk,123.4630573,41.7058847
904765278,9,trunk,123.4629066,41.7066103
904765279,0,trunk,123.4703652,41.6968912
904765279,1,trunk,123.4701422,41.6971336
904765287,0,primary,123.4592315,41.7071683
904765287,1,primary,123.4594043,41.7070471
904765287,2,primary,123.4598325,41.706718
904765287,3,primary,123.4600079,41.7065405
904765287,4,primary,123.4602547,41.7062682
904765287,5,primary,123.4604929,41.7058008
904765287,6,primary,123.4606538,41.7049438
904765287,7,primary,123.460652,41.7032468
904765287,8,primary,123.4606485,41.7000592
904765287,9,primary,123.4606339,41.6973994
904765287,10,primary,123.4606282,41.6963254
904765288,0,primary,123.4606282,41.6963254
904765288,1,primary,123.4606284,41.6959644
904765289,0,primary,123.4609057,41.6963228
904765289,1,primary,123.4609081,41.6963702
904765289,2,primary,123.4609147,41.6974003
904765289,3,primary,123.4609324,41.700141
904765289,4,primary,123.4609733,41.7049251
904765289,5,primary,123.4608414,41.7057859
904765289,6,primary,123.4605087,41.7063727
904765289,7,primary,123.46027,41.7066595
904765289,8,primary,123.4600753,41.706867
904765289,9,primary,123.4599228,41.7070189
904765289,10,primary,123.4597973,41.7071361
904765290,0,primary,123.4609261,41.6959541
904765290,1,primary,123.4609057,41.6963228
904869740,0,trunk,123.206764,41.7049516
904869740,1,trunk,123.2111479,41.6968458
904869740,2,trunk,123.2112708,41.6966185
904869740,3,trunk,123.2114289,41.6963261
904869740,4,trunk,123.2140022,41.6915837
904869740,5,trunk,123.2143214,41.6909959
904874811,0,primary,123.3220658,41.7512623
904874811,1,primary,123.3211359,41.7520227
904874811,2,primary,123.3204255,41.7526713
904874811,3,primary,123.3199243,41.753064
904875257,0,primary,123.272517,41.7917471
904875257,1,primary,123.2716164,41.7915434
904875257,2,primary,123.2693863,41.791039
904875257,3,primary,123.2689903,41.7908713
904875257,4,primary,123.2687224,41.7907392
904875257,5,primary,123.268169,41.790433
904875257,6,primary,123.2677709,41.7901867
904875257,7,primary,123.267309,41.7898031
904875257,8,primary,123.2669877,41.7894467
904875257,9,primary,123.266838,41.7892398
904875257,10,primary,123.2667628,41.789026
904875257,11,primary,123.2667785,41.7886253
904875259,0,primary,123.2667785,41.7886253
904875259,1,primary,123.266858,41.788978
904875259,2,primary,123.2669282,41.7891646
904875259,3,primary,123.2670821,41.7893511
904875259,4,primary,123.2673541,41.7896559
904875259,5,primary,123.2678085,41.7900407
904875259,6,primary,123.2682596,41.7903203
904875259,7,primary,123.2688417,41.7906358
904875259,8,primary,123.2694912,41.7907968
904875259,9,primary,123.2726278,41.79157
904876377,0,primary,123.4455172,41.8931716
904876377,1,primary,123.4454875,41.8930872
904876377,2,primary,123.4448257,41.8912061
904876377,3,primary,123.4447764,41.8909446
904876377,4,primary,123.4448011,41.890573
904876377,5,primary,123.4452386,41.888206
904876377,6,primary,123.4452817,41.887917
904876377,7,primary,123.4452694,41.887472
904876377,8,primary,123.4452386,41.8870913
904876377,9,primary,123.4451683,41.8867311
904876377,10,primary,123.444986,41.885871
904876377,11,primary,123.4442958,41.8826
904876377,12,primary,123.4423424,41.8737633
904876377,13,primary,123.441757,41.8709506
904876377,14,primary,123.4414547,41.8695165
904876377,15,primary,123.4391114,41.8586932
904876377,16,primary,123.4389236,41.8578702
904876377,17,primary,123.4389117,41.8577929
904876377,18,primary,123.4389033,41.8577387
904876377,19,primary,123.4388679,41.8574177
904876377,20,primary,123.4388594,41.8571709
904876377,21,primary,123.4388595,41.8570406
904876377,22,primary,123.438867,41.8568835
904876377,23,primary,123.4388968,41.8566396
904876377,24,primary,123.438988,41.8563399
904876377,25,primary,123.4391103,41.8560252
904876377,26,primary,123.4391771,41.8558801
904876377,27,primary,123.4397493,41.8547863
904876377,28,primary,123.4401725,41.8540417
904876377,29,primary,123.4402308,41.8539391
904876377,30,primary,123.4402535,41.8538992
904876377,31,primary,123.4404895,41.8534917
904876377,32,primary,123.4408007,41.8529642
904876377,33,primary,123.4409616,41.8525726
904876377,34,primary,123.4410561,41.8522319
904876377,35,primary,123.4411026,41.8519915
904876377,36,primary,123.4411396,41.8517054
904876377,37,primary,123.4413002,41.8493807
904876377,38,primary,123.4413263,41.8490735
904876378,0,primary,123.4414339,41.8490777
904876378,1,primary,123.4414189,41.8493864
904876378,2,primary,123.4412974,41.8517222
904876378,3,primary,123.4412573,41.8519849
904876378,4,primary,123.4412041,41.8522552
904876378,5,primary,123.4410937,41.852646
904876378,6,primary,123.44094,41.8530014
904876378,7,primary,123.44034,41.8539868
904876378,8,primary,123.440284,41.854081
904876378,9,primary,123.4401462,41.8543129
904876378,10,primary,123.4398673,41.8547823
904876378,11,primary,123.4392531,41.8558971
904876378,12,primary,123.439179,41.8560369
904876378,13,primary,123.4390611,41.8563493
904876378,14,primary,123.4389789,41.8566479
904876378,15,primary,123.4389394,41.8568861
904876378,16,primary,123.4389317,41.8570378
904876378,17,primary,123.438936,41.8571664
904876378,18,primary,123.43894,41.8574181
904876378,19,primary,123.4390013,41.8577166
904876378,20,primary,123.4390093,41.8577699
904876378,21,primary,123.4390631,41.8581259
904876378,22,primary,123.4392026,41.8586653
904876378,23,primary,123.4404996,41.8646614
904876378,24,primary,123.4412452,41.8681215
904876378,25,primary,123.4423359,41.8733296
904876378,26,primary,123.4432233,41.8773627
904876378,27,primary,123.4452061,41.8865193
904876378,28,primary,123.4452213,41.886588
904876378,29,primary,123.445328,41.8870702
904876378,30,primary,123.4453927,41.8875225
904876378,31,primary,123.4453434,41.8880867
904876378,32,primary,123.4448935,41.8906785
904876378,33,primary,123.444875,41.8910134
904876378,34,primary,123.4449613,41.8912932
904876378,35,primary,123.4455928,41.8930635
904876378,36,primary,123.4456235,41.8931496
904976620,0,motorway,123.2704338,41.8028245
904976620,1,motorway,123.2712946,41.8053008
904976620,2,motorway,123.2713208,41.8053882
904976621,0,motorway,123.2713208,41.8053882
904976621,1,motorway,123.2713643,41.8055518
904976622,0,motorway,123.2708005,41.805491
904976622,1,motorway,123.2699105,41.8028559
904976623,0,motorway,123.2708572,41.8056483
904976623,1,motorway,123.2708005,41.805491
904976627,0,trunk,123.2787524,41.7798222
904976627,1,trunk,123.2745686,41.7798939
904982725,0,trunk,123.3202333,41.7753496
904982725,1,trunk,123.320241,41.7750278
904982725,2,trunk,123.3202516,41.7749538
904982725,3,trunk,123.3202671,41.7748735
904982725,4,trunk,123.3202875,41.774792
904982725,5,trunk,123.3203137,41.7747059
904982725,6,trunk,123.3203423,41.7746356
904982725,7,trunk,123.3203821,41.7745476
904982725,8,trunk,123.3204381,41.7744481
904982725,9,trunk,123.3204946,41.7743575
904982725,10,trunk,123.3205719,41.7742628
904982725,11,trunk,123.3206545,41.7741734
904982725,12,trunk,123.320732,41.7741031
904982725,13,trunk,123.3208087,41.7740407
904982725,14,trunk,123.3209415,41.7739528
904982725,15,trunk,123.3210369,41.7738968
904982725,16,trunk,123.3211453,41.7738422
904982725,17,trunk,123.321287,41.7737777
904982725,18,trunk,123.3221071,41.7734693
904982725,19,trunk,123.3221833,41.7734406
904982725,20,trunk,123.3225295,41.7733169
904982725,21,trunk,123.3230068,41.7731424
904982725,22,trunk,123.3246255,41.772569
904982725,23,trunk,123.3253604,41.7723009
904982726,0,trunk,123.3245016,41.7728341
904982726,1,trunk,123.3231221,41.7733553
904982726,2,trunk,123.3227767,41.7734803
904982726,3,trunk,123.3223983,41.7736206
904982726,4,trunk,123.3221144,41.7737231
904982726,5,trunk,123.3218327,41.7738256
904982726,6,trunk,123.3215543,41.7739271
904982726,7,trunk,123.3213592,41.7740222
904982726,8,trunk,123.3212666,41.7740788
904982726,9,trunk,123.3211881,41.7741413
904982726,10,trunk,123.3211068,41.7742102
904982726,11,trunk,123.3210263,41.7742858
904982726,12,trunk,123.3209653,41.7743513
904982726,13,trunk,123.3209047,41.7744202
904982726,14,trunk,123.3208643,41.7744711
904982726,15,trunk,123.3208188,41.7745403
904982726,16,trunk,123.3207778,41.7746176
904982726,17,trunk,123.3207464,41.7746895
904982726,18,trunk,123.3207133,41.7747671
904982726,19,trunk,123.3206841,41.7748471
904982726,20,trunk,123.320661,41.7749254
904982726,21,trunk,123.3206396,41.7750088
904982726,22,trunk,123.320628,41.7750768
904982726,23,trunk,123.3206172,41.775164
904982727,0,trunk,123.3222887,41.772615
904982727,1,trunk,123.3226062,41.7729713
904982727,2,trunk,123.3226769,41.7730613
904982727,3,trunk,123.322762,41.7731574
904982728,0,trunk,123.322762,41.7731574
904982728,1,trunk,123.3230125,41.7734401
904982729,0,trunk,123.322659,41.7732002
904982729,1,trunk,123.3213608,41.7716997
904982729,2,trunk,123.3211149,41.7714243
904982730,0,trunk,123.3229005,41.7734912
904982730,1,trunk,123.322659,41.7732002
904982731,0,trunk,123.3204246,41.7803642
904982731,1,trunk,123.3204212,41.7792546
904982732,0,trunk,123.3205241,41.7792516
904982732,1,trunk,123.3205422,41.7803103
904983885,0,primary,123.3107561,41.7601482
904983885,1,primary,123.3107274,41.760259
904983885,2,primary,123.3106474,41.760422
904983885,3,primary,123.3087638,41.7619379
904983885,4,primary,123.3079988,41.7624327
904983885,5,primary,123.3077108,41.7626352
904983887,0,primary,123.3075621,41.7625437
904983887,1,primary,123.3078273,41.7623278
904983887,2,primary,123.3099097,41.7605533
904983887,3,primary,123.3103215,41.7602492
904983887,4,primary,123.310575,41.7601417
905131259,0,trunk,123.3211149,41.7714243
905131259,1,trunk,123.3209097,41.7711918
905131259,2,trunk,123.3204631,41.7706809
905131259,3,trunk,123.3202381,41.7704236
905131259,4,trunk,123.3196457,41.7697247
905131260,0,trunk,123.3197484,41.7696705
905131260,1,trunk,123.3203328,41.7703481
905131260,2,trunk,123.3205819,41.7706368
905131260,3,trunk,123.3222887,41.772615
905131264,0,trunk,123.3100388,41.7607085
905131264,1,trunk,123.3098093,41.76089
905131264,2,trunk,123.3086307,41.7619011
905131264,3,trunk,123.3085281,41.7620252
905131264,4,trunk,123.308436,41.76221
905131264,5,trunk,123.3084185,41.7623632
905131264,6,trunk,123.3084254,41.7624891
905131264,7,trunk,123.3084497,41.7625969
905131264,8,trunk,123.3085068,41.7627723
905131264,9,trunk,123.3085953,41.7629386
905131264,10,trunk,123.3087864,41.7631049
905131264,11,trunk,123.3114904,41.7650267
905131264,12,trunk,123.3126088,41.7658055
905131264,13,trunk,123.3127917,41.765916
905131264,14,trunk,123.3129888,41.7660107
905131265,0,trunk,123.3107561,41.7601482
905131265,1,trunk,123.3100388,41.7607085
905131266,0,trunk,123.3089796,41.7631268
905131266,1,trunk,123.309957,41.7638169
905131266,2,trunk,123.3117572,41.765086
905131266,3,trunk,123.3124096,41.765556
905131266,4,trunk,123.3129888,41.7660107
905131266,5,trunk,123.3132354,41.7661476
905131266,6,trunk,123.3136391,41.7663207
905131266,7,trunk,123.3150708,41.7668832
905131266,8,trunk,123.3162397,41.7673428
905131266,9,trunk,123.3168775,41.7675783
905131266,10,trunk,123.3174457,41.7678038
905131266,11,trunk,123.3179643,41.7680768
905131266,12,trunk,123.3181813,41.7682085
905131266,13,trunk,123.3185413,41.768455
905131266,14,trunk,123.3188489,41.7687196
905131266,15,trunk,123.3189917,41.7688549
905131266,16,trunk,123.3192708,41.7691245
905131266,17,trunk,123.3193677,41.7692315
905131266,18,trunk,123.3197484,41.7696705
905131267,0,trunk,123.3077113,41.7623304
905131267,1,trunk,123.3082021,41.7626177
905131267,2,trunk,123.3089796,41.7631268
905131268,0,trunk,123.3099499,41.7640685
905131268,1,trunk,123.3087888,41.7631966
905131268,2,trunk,123.3086343,41.7630905
905131268,3,trunk,123.3084676,41.7628782
905131268,4,trunk,123.3083619,41.7626841
905131268,5,trunk,123.3083213,41.7625265
905131268,6,trunk,123.3083091,41.7623748
905131268,7,trunk,123.3083253,41.7622657
905131268,8,trunk,123.3083782,41.7621262
905131268,9,trunk,123.3084432,41.7619715
905131268,10,trunk,123.3085585,41.7618476
905131268,11,trunk,123.3099881,41.7606493
905131269,0,trunk,123.3099881,41.7606493
905131269,1,trunk,123.310575,41.7601417
905131270,0,trunk,123.3111635,41.7599042
905131270,1,trunk,123.3107561,41.7601482
905131272,0,primary,123.310966,41.7598495
905131272,1,primary,123.3115092,41.7594401
905131272,2,primary,123.3122991,41.7587312
905131272,3,primary,123.3139162,41.7574619
905131272,4,primary,123.3144553,41.7569717
905131272,5,primary,123.3145391,41.7569006
905131272,6,primary,123.3173737,41.7545837
905131272,7,primary,123.3177094,41.7542238
905131272,8,primary,123.3181804,41.7538368
905131272,9,primary,123.3187753,41.7533652
905131272,10,primary,123.3188821,41.7532896
905131273,0,primary,123.3188821,41.7532896
905131273,1,primary,123.3195309,41.7527726
905131274,0,trunk,123.310575,41.7601417
905131274,1,trunk,123.310966,41.7598495
905131288,0,trunk,123.2706736,41.755021
905131288,1,trunk,123.2712405,41.7552125
905131288,2,trunk,123.2716765,41.7553439
905131289,0,trunk,123.2716514,41.7554346
905131289,1,trunk,123.2714103,41.7553705
905131289,2,trunk,123.2712111,41.7553063
905131289,3,trunk,123.2704093,41.7550437
905131292,0,trunk,123.2704093,41.7550437
905131292,1,trunk,123.2694443,41.7546598
905131292,2,trunk,123.2664444,41.7534245
905131293,0,trunk,123.2666603,41.753343
905131293,1,trunk,123.2681994,41.7539779
905131293,2,trunk,123.2706736,41.755021
905134176,0,trunk,123.4029299,41.8291006
905134176,1,trunk,123.402641,41.8291249
905134177,0,trunk,123.402647,41.8289856
905134177,1,trunk,123.4028434,41.8290137
905134177,2,trunk,123.4029275,41.8290257
905134179,0,primary,123.3976619,41.8289036
905134179,1,primary,123.3936465,41.8287469
905134179,2,primary,123.393517,41.8287412
905242234,0,trunk,123.5002252,41.7278603
905242234,1,trunk,123.5002818,41.7277227
905242234,2,trunk,123.5003599,41.7275382
905242234,3,trunk,123.5004457,41.7273299
905242235,0,trunk,123.5004457,41.7273299
905242235,1,trunk,123.5006702,41.7268669
911702301,0,motorway,123.466023,41.9139511
911702301,1,motorway,123.4667798,41.9145703
911702301,2,motorway,123.4674121,41.9151748
911702301,3,motorway,123.4680257,41.9159138
911702301,4,motorway,123.4684052,41.9164425
911702301,5,motorway,123.4687282,41.9171034
911702301,6,motorway,123.4689058,41.9177823
911702301,7,motorway,123.4690915,41.9188517
911702301,8,motorway,123.4690431,41.9195786
911702301,9,motorway,123.4689623,41.9201434
911702301,10,motorway,123.4679773,41.9232553
911702301,11,motorway,123.4660006,41.9294203
911702301,12,motorway,123.4657048,41.9303675
911702301,13,motorway,123.4648912,41.932752
911702301,14,motorway,123.4644617,41.9341436
911702301,15,motorway,123.4641086,41.9352341
911702301,16,motorway,123.4633994,41.937507
911702301,17,motorway,123.4625025,41.9403676
911702301,18,motorway,123.4620537,41.94178
911702301,19,motorway,123.4612026,41.9445384
911702301,20,motorway,123.4602503,41.9475284
911702301,21,motorway,123.4600045,41.9483189
911702301,22,motorway,123.4598613,41.9487615
911702301,23,motorway,123.4597826,41.9490245
911702301,24,motorway,123.4597065,41.9492964
911702301,25,motorway,123.4596554,41.9495017
911702301,26,motorway,123.4596107,41.9497058
911702301,27,motorway,123.4595411,41.9501143
911702301,28,motorway,123.4594977,41.9503897
911702301,29,motorway,123.4594514,41.9507746
911702301,30,motorway,123.4594267,41.9512588
911702301,31,motorway,123.4594199,41.9515442
911702301,32,motorway,123.4594342,41.9520753
911702301,33,motorway,123.459478,41.9525483
911702301,34,motorway,123.4595917,41.9532625
911702301,35,motorway,123.459763,41.9541072
911702301,36,motorway,123.4600541,41.9554711
911702301,37,motorway,123.460336,41.9568168
911702301,38,motorway,123.460556,41.9578656
911702301,39,motorway,123.460734,41.9586993
911702301,40,motorway,123.4609001,41.959526
911702301,41,motorway,123.4610114,41.9601065
911702301,42,motorway,123.4611302,41.960776
911702301,43,motorway,123.4611786,41.9610815
916410536,0,trunk,123.4101317,41.7581693
916410536,1,trunk,123.41058,41.7580915
916410536,2,trunk,123.4108761,41.7580464
916410536,3,trunk,123.4111521,41.7580106
916410536,4,trunk,123.4114534,41.7579834
916410536,5,trunk,123.4121287,41.7579182
916410536,6,trunk,123.4136643,41.7577616
916410536,7,trunk,123.4142965,41.7576894
916410536,8,trunk,123.4147013,41.7576362
916410536,9,trunk,123.4150298,41.7575864
916410536,10,trunk,123.4153309,41.7575359
916410536,11,trunk,123.4155599,41.7574879
916410536,12,trunk,123.4158048,41.757434
916410536,13,trunk,123.4160516,41.7573698
916410536,14,trunk,123.41632,41.7572804
916410536,15,trunk,123.4166299,41.7571743
916410536,16,trunk,123.4169199,41.7570497
916410536,17,trunk,123.4171378,41.7569558
916410536,18,trunk,123.4173496,41.7568437
916410536,19,trunk,123.4175851,41.7567181
916410536,20,trunk,123.4178444,41.7565676
916410536,21,trunk,123.4180919,41.7564041
916410536,22,trunk,123.4183372,41.756233
916410537,0,trunk,123.4098124,41.7582427
916410537,1,trunk,123.4101317,41.7581693
916410538,0,trunk,123.4184415,41.7563118
916410538,1,trunk,123.4179502,41.7566426
916410538,2,trunk,123.4176246,41.7568283
916410538,3,trunk,123.4173498,41.7569764
916410538,4,trunk,123.4170339,41.7571271
916410538,5,trunk,123.4167599,41.7572424
916410538,6,trunk,123.4164869,41.7573452
916410538,7,trunk,123.4160729,41.7574834
916410538,8,trunk,123.4158019,41.7575608
916410538,9,trunk,123.4155464,41.7576163
916410538,10,trunk,123.415255,41.7576752
916410538,11,trunk,123.414935,41.7577258
916410538,12,trunk,123.41466,41.7577625
916410538,13,trunk,123.4142399,41.757811
916410538,14,trunk,123.4136648,41.7578683
916410538,15,trunk,123.4131296,41.7579244
916410538,16,trunk,123.4122222,41.7580201
916410538,17,trunk,123.4118201,41.758058
916410538,18,trunk,123.4113008,41.7581132
916410538,19,trunk,123.4108176,41.758172
916410538,20,trunk,123.4104154,41.7582346
916410538,21,trunk,123.4101322,41.7582859
916410539,0,trunk,123.4101322,41.7582859
916410539,1,trunk,123.4098214,41.758359
943433744,0,trunk,123.4428161,41.7433321
943433744,1,trunk,123.4432304,41.7429786
943433744,2,trunk,123.4436976,41.7425566
943433745,0,trunk,123.4437781,41.7428533
943433745,1,trunk,123.4432092,41.7432658
943433745,2,trunk,123.4430048,41.7434433
948394192,0,trunk,123.4499848,41.8236095
948394192,1,trunk,123.4490791,41.8231978
948394193,0,trunk,123.44911,41.8231439
948394193,1,trunk,123.4497821,41.823432
948394193,2,trunk,123.4501011,41.8235681
948394194,0,trunk,123.4613861,41.8327158
948394194,1,trunk,123.4610369,41.8322063
948394195,0,trunk,123.4613181,41.8322963
948394195,1,trunk,123.4614931,41.832664
949558269,0,trunk,123.5174457,41.6496192
949558269,1,trunk,123.5168087,41.6501676
949558269,2,trunk,123.516167,41.6507139
949558270,0,trunk,123.5160058,41.6506403
949558270,1,trunk,123.5172861,41.649552
970508512,0,trunk,123.3893231,41.807584
970508512,1,trunk,123.3924224,41.8058149
970508512,2,trunk,123.3929375,41.8054896
970508512,3,trunk,123.3933,41.805264
970508512,4,trunk,123.3939887,41.8048564
970508513,0,trunk,123.3947103,41.8046598
970508513,1,trunk,123.3940034,41.8050272
970508513,2,trunk,123.3931802,41.8055177
970508513,3,trunk,123.3925253,41.8058936
970508513,4,trunk,123.3894089,41.8077035
970508515,0,trunk,123.4886268,41.8116536
970508515,1,trunk,123.4891527,41.8118411
970508515,2,trunk,123.4898511,41.8121036
970508517,0,trunk,123.4897908,41.8122062
970508517,1,trunk,123.4891045,41.8119031
970508517,2,trunk,123.4885781,41.81171
970508527,0,trunk,123.5356557,41.8148124
970508527,1,trunk,123.536437,41.8150782
970508527,2,trunk,123.5366698,41.8151593
970508757,0,trunk,123.5624614,41.8189391
970508757,1,trunk,123.5616918,41.819077
970508758,0,trunk,123.5616524,41.8189861
970508758,1,trunk,123.5623217,41.8188718
970508758,2,trunk,123.5633106,41.8186894
983608585,0,primary,123.4999694,41.9301971
983608585,1,primary,123.5034962,41.9295858
983608585,2,primary,123.5035766,41.9295719
983608585,3,primary,123.5076788,41.9287918
983608585,4,primary,123.5102529,41.9283085
983608585,5,primary,123.5126253,41.927863
983608586,0,primary,123.5126531,41.9279579
983608586,1,primary,123.5077745,41.9288602
983608586,2,primary,123.507672,41.9288792
983608586,3,primary,123.5042987,41.9295147
983608586,4,primary,123.5018418,41.9299777
983608586,5,primary,123.500459,41.9302081
983608586,6,primary,123.5001298,41.930263
983608586,7,primary,123.4999984,41.9302849
983608587,0,primary,123.4999984,41.9302849
983608587,1,primary,123.499617,41.9303472
983608588,0,primary,123.4995681,41.9302667
983608588,1,primary,123.4999694,41.9301971
987965796,0,primary,123.3873195,41.9418977
987965796,1,primary,123.3874776,41.9419063
987965796,2,primary,123.391064,41.9421591
987965796,3,primary,123.3946919,41.9424234
987965796,4,primary,123.3948094,41.9424319
987965796,5,primary,123.4027353,41.9430766
987965796,6,primary,123.4048682,41.9431876
987965796,7,primary,123.4082873,41.9434814
987965796,8,primary,123.4089325,41.9435289
987965796,9,primary,123.4094811,41.9435692
987965796,10,primary,123.4115557,41.9436803
987965796,11,primary,123.4117683,41.943695
987965796,12,primary,123.4128493,41.9437719
987965796,13,primary,123.4134158,41.9438122
987965796,14,primary,123.4152796,41.944017
987965796,15,primary,123.4182614,41.9442234
987965796,16,primary,123.4183598,41.9442322
987965796,17,primary,123.4219271,41.9445095
987965796,18,primary,123.4229545,41.9445866
987965796,19,primary,123.4257357,41.9447952
987965796,20,primary,123.4258545,41.9448059
987965796,21,primary,123.4317336,41.9452329
987965796,22,primary,123.4318484,41.9452461
987965796,23,primary,123.4318614,41.9452471
987965796,24,primary,123.4367292,41.9456309
987965796,25,primary,123.4382859,41.9457537
987965796,26,primary,123.439387,41.9458743
987965796,27,primary,123.4402798,41.9460216
987965796,28,primary,123.4412516,41.9462104
987965796,29,primary,123.4418613,41.9463321
987965796,30,primary,123.4424783,41.9464843
987965796,31,primary,123.4434912,41.946748
987965796,32,primary,123.4445069,41.9470446
987965796,33,primary,123.4452882,41.9473042
987965796,34,primary,123.446792,41.9477857
987965796,35,primary,123.4468852,41.9478172
987965796,36,primary,123.4592566,41.9519517
987965796,37,primary,123.4593549,41.9519826
987965796,38,primary,123.4622922,41.9529788
991231221,0,primary,123.4050067,41.6116197
991231221,1,primary,123.4063882,41.6162941
991231221,2,primary,123.4073135,41.6194249
991231221,3,primary,123.4074612,41.6198797
991231221,4,primary,123.4095886,41.6269558
991231222,0,primary,123.4095008,41.6269809
991231222,1,primary,123.4074435,41.6202882
991231222,2,primary,123.4073343,41.6199232
991231222,3,primary,123.4071719,41.6194735
991231222,4,primary,123.4062709,41.6163145
991231222,5,primary,123.4049347,41.6116299
991231225,0,primary,123.4095886,41.6269558
991231225,1,primary,123.4099927,41.6282244
991231225,2,primary,123.4102335,41.6287515
991231225,3,primary,123.4114384,41.6309605
991231225,4,primary,123.4122274,41.6324074
991231225,5,primary,123.4123125,41.6325856
991231225,6,primary,123.4123956,41.6327757
991231225,7,primary,123.4124654,41.6329737
991231225,8,primary,123.4125152,41.633147
991231225,9,primary,123.4125551,41.6333139
991231225,10,primary,123.4126087,41.6337982
991231225,11,primary,123.4126364,41.6350069
991231225,12,primary,123.412616,41.6383027
991231225,13,primary,123.4126156,41.6383642
991231225,14,primary,123.4126102,41.6387014
991231225,15,primary,123.4125505,41.6444699
991231225,16,primary,123.4125558,41.645747
991231225,17,primary,123.4125553,41.6458488
991231225,18,primary,123.4125528,41.6461159
996626243,0,primary,123.4363532,41.9351559
996626243,1,primary,123.435952,41.9360912
996626244,0,primary,123.4447937,41.9136886
996626244,1,primary,123.4437492,41.9157147
996626244,2,primary,123.443246,41.9167495
996626244,3,primary,123.4428813,41.9177713
996626244,4,primary,123.4424887,41.9190718
996626244,5,primary,123.4424712,41.9191361
996626244,6,primary,123.441522,41.9226266
996626244,7,primary,123.4407355,41.9254828
996626244,8,primary,123.4405091,41.9261651
996626244,9,primary,123.4404697,41.9262675
996626244,10,primary,123.4402017,41.9269409
996626244,11,primary,123.4386795,41.9300884
996626244,12,primary,123.4386549,41.9301402
996626244,13,primary,123.4370535,41.9335028
996626244,14,primary,123.4368165,41.9340262
996626244,15,primary,123.4367749,41.9341173
996626244,16,primary,123.4365983,41.9345523
996626244,17,primary,123.4363532,41.9351559
996626247,0,primary,123.435952,41.9360912
996626247,1,primary,123.4357096,41.9366019
996626247,2,primary,123.4345998,41.9390302
996626247,3,primary,123.4345681,41.9391015
996626247,4,primary,123.4321242,41.9445965
996626247,5,primary,123.4318614,41.9452471
996626247,6,primary,123.4318308,41.945323
996626247,7,primary,123.4317159,41.9455704
996626247,8,primary,123.4306643,41.9486443
996626247,9,primary,123.429875,41.9509599
996626247,10,primary,123.4295755,41.9517271
996626247,11,primary,123.4295551,41.9517868
996626247,12,primary,123.4293347,41.9524325
996626247,13,primary,123.4291911,41.9529036
996626247,14,primary,123.4290972,41.9534257
996626247,15,primary,123.4290247,41.9539932
996626247,16,primary,123.4290273,41.9545307
996626247,17,primary,123.4290709,41.9549262
996626247,18,primary,123.4292626,41.9562777
996626247,19,primary,123.4292756,41.9563737
996626247,20,primary,123.4299828,41.9611402
996626247,21,primary,123.4299958,41.9612365
996626247,22,primary,123.4312563,41.9695662
996626247,23,primary,123.4314713,41.9712116
996626247,24,primary,123.4315037,41.971597
996626247,25,primary,123.431498,41.9721082
996626247,26,primary,123.4314804,41.9726654
996747763,0,primary,123.5688605,41.9564858
996747763,1,primary,123.5711559,41.9556697
996747763,2,primary,123.577115,41.9536518
996747763,3,primary,123.5785217,41.9531621
996747763,4,primary,123.579376,41.9529092
996747763,5,primary,123.5804773,41.9526182
996747763,6,primary,123.5825105,41.9522164
996747763,7,primary,123.5837071,41.9520615
996747763,8,primary,123.5839785,41.9520226
996747763,9,primary,123.584127,41.9520553
996747764,0,primary,123.463196,41.9533932
996747764,1,primary,123.4622383,41.9530814
996747768,0,primary,123.5679647,41.9567889
996747768,1,primary,123.5688605,41.9564858
996954353,0,motorway,123.4610454,41.9610904
996954353,1,motorway,123.460993,41.960732
996954353,2,motorway,123.4609477,41.9604624
996954353,3,motorway,123.4607899,41.9596123
996954353,4,motorway,123.4600039,41.9558475
996954353,5,motorway,123.4594721,41.9533206
996954353,6,motorway,123.459382,41.9527943
996954353,7,motorway,123.4593318,41.9524241
996954353,8,motorway,123.4592982,41.9518416
996954353,9,motorway,123.459295,41.9514481
996954353,10,motorway,123.4593054,41.9510619
996954353,11,motorway,123.4593332,41.950631
996954353,12,motorway,123.4593676,41.9503652
996954353,13,motorway,123.4594265,41.9500036
996954353,14,motorway,123.4594789,41.9497161
996954353,15,motorway,123.4595246,41.9495054
996954353,16,motorway,123.4595958,41.9492276
996954353,17,motorway,123.4596728,41.9489471
996954353,18,motorway,123.4597467,41.948687
996954353,19,motorway,123.4599409,41.9480964
996954353,20,motorway,123.4601564,41.9474266
996954353,21,motorway,123.4618592,41.9419738
996954353,22,motorway,123.463258,41.9375361
996954353,23,motorway,123.4639708,41.9352393
996954353,24,motorway,123.4647528,41.9327662
996954353,25,motorway,123.4656116,41.9302074
996954353,26,motorway,123.4658645,41.929445
996954353,27,motorway,123.468704,41.9204137
996954353,28,motorway,123.4688654,41.9196507
996954353,29,motorway,123.4688977,41.9192542
996954353,30,motorway,123.4688735,41.9187435
996954353,31,motorway,123.468704,41.9176141
996954353,32,motorway,123.4684052,41.9167369
996954353,33,motorway,123.4680984,41.9162743
996954353,34,motorway,123.4676463,41.9156915
996954353,35,motorway,123.4671699,41.9151988
996954353,36,motorway,123.4665401,41.914628
996954353,37,motorway,123.4657085,41.9139792
996954355,0,motorway,123.4612988,41.9757768
996954355,1,motorway,123.4613221,41.973592
996954355,2,motorway,123.4613322,41.9722457
996954355,3,motorway,123.4613295,41.9708271
996954355,4,motorway,123.4613112,41.9692724
996954355,5,motorway,123.4613005,41.9680379
996954355,6,motorway,123.4612975,41.964745
996954355,7,motorway,123.4612909,41.9640052
996954355,8,motorway,123.4612491,41.9631568
996954355,9,motorway,123.4611872,41.9622805
996954355,10,motorway,123.4611455,41.9618567
996954355,11,motorway,123.4610454,41.9610904
996954358,0,motorway,123.4544654,42.0272914
996954358,1,motorway,123.4543322,42.0255334
996954358,2,motorway,123.4542837,42.0250116
996954358,3,motorway,123.454274,42.0241888
996954358,4,motorway,123.4543645,42.0232902
996954358,5,motorway,123.4545098,42.0222945
996954358,6,motorway,123.4548247,42.0212028
996954358,7,motorway,123.4551799,42.0203151
996954358,8,motorway,123.4559228,42.0189775
996954358,9,motorway,123.4566252,42.0179697
996954358,10,motorway,123.4577152,42.0166141
996954358,11,motorway,123.459112,42.0151024
996954358,12,motorway,123.4596933,42.0144245
996954358,13,motorway,123.4600486,42.0138066
996954358,14,motorway,123.4603877,42.0131588
996954358,15,motorway,123.4607672,42.0122829
996954358,16,motorway,123.4610498,42.0113231
996954358,17,motorway,123.4612113,42.0108011
996954358,18,motorway,123.4613404,42.0101712
996954358,19,motorway,123.4613808,42.0096073
996954358,20,motorway,123.4613566,42.0087854
996954358,21,motorway,123.4613324,42.0025098
996954358,22,motorway,123.4613243,41.9964315
996954358,23,motorway,123.4613404,41.9891165
996954358,24,motorway,123.4613081,41.9828209
996954358,25,motorway,123.461318,41.9797359
996954358,26,motorway,123.4612997,41.977769
996954366,0,motorway,123.4612997,41.977769
996954366,1,motorway,123.461296,41.9770968
996954366,2,motorway,123.4612988,41.9757768
996954374,0,motorway,123.4611786,41.9610815
996954374,1,motorway,123.4612612,41.9617031
996954374,2,motorway,123.4613299,41.962357
996954374,3,motorway,123.4613833,41.9631076
996954374,4,motorway,123.4614024,41.9635234
996954374,5,motorway,123.4614184,41.9639037
996954374,6,motorway,123.4614373,41.9647753
996954374,7,motorway,123.461432,41.9657634
996954374,8,motorway,123.461428,41.9669653
996954374,9,motorway,123.4614349,41.9679027
996954374,10,motorway,123.4614441,41.9692485
996954374,11,motorway,123.4614656,41.9710353
996954374,12,motorway,123.461464,41.9722987
996954374,13,motorway,123.4614491,41.973828
996954374,14,motorway,123.4614215,41.9758287
996954382,0,motorway,123.4614355,41.9778282
996954382,1,motorway,123.4614858,41.9807683
996954382,2,motorway,123.4614849,41.9810384
996954382,3,motorway,123.4614777,41.9832891
996954382,4,motorway,123.46151,41.9890985
996954382,5,motorway,123.4614938,41.9940193
996954382,6,motorway,123.4614938,41.9986757
996954382,7,motorway,123.4614858,42.0039077
996954382,8,motorway,123.4615181,42.0094273
996954382,9,motorway,123.4614615,42.0102252
996954382,10,motorway,123.4613404,42.0108311
996954382,11,motorway,123.461187,42.0113951
996954382,12,motorway,123.4607914,42.0126908
996954382,13,motorway,123.460638,42.0130688
996954382,14,motorway,123.4603877,42.0135367
996954382,15,motorway,123.4598387,42.0144305
996954382,16,motorway,123.4595641,42.0148384
996954382,17,motorway,123.4592412,42.0151864
996954382,18,motorway,123.4577152,42.016908
996954382,19,motorway,123.4568351,42.0179937
996954382,20,motorway,123.4560358,42.0191574
996954382,21,motorway,123.455624,42.0199012
996954382,22,motorway,123.4553414,42.020513
996954382,23,motorway,123.4550278,42.0212593
996954382,24,motorway,123.454744,42.0221865
996954382,25,motorway,123.4545582,42.0234161
996954382,26,motorway,123.4544937,42.0242018
996954382,27,motorway,123.4544371,42.0250535
996954382,28,motorway,123.4545744,42.026619
996954382,29,motorway,123.4546129,42.0272832
996954383,0,motorway,123.4614215,41.9758287
996954383,1,motorway,123.4614242,41.9766443
996954383,2,motorway,123.4614355,41.9778282
1002949605,0,primary,123.4610657,41.8900253
1002949605,1,primary,123.4612537,41.8904139
1002949605,2,primary,123.4624999,41.8929241
1002949605,3,primary,123.4663907,41.900669
1002949605,4,primary,123.4665573,41.9009944
1002949605,5,primary,123.4666133,41.9011036
1002949605,6,primary,123.4675675,41.9029665
1002949605,7,primary,123.4682269,41.9042332
1002949605,8,primary,123.4707238,41.9090291
1002949605,9,primary,123.4708728,41.9093245
1002949605,10,primary,123.4710153,41.909662
1002949605,11,primary,123.4711036,41.9098778
1002949605,12,primary,123.4711641,41.9100914
1002949605,13,primary,123.4712009,41.9103032
1002949605,14,primary,123.4712038,41.9105062
1002949605,15,primary,123.471212,41.9107589
1002949605,16,primary,123.4711429,41.9111194
1002949606,0,primary,123.4609262,41.8900563
1002949606,1,primary,123.4609231,41.8899633
1002949606,2,primary,123.4609445,41.8890252
1002949606,3,primary,123.4609475,41.888831
1002949606,4,primary,123.4611304,41.8874762
1002949606,5,primary,123.4612488,41.886754
1002949606,6,primary,123.4613962,41.8859391
1002949606,7,primary,123.4622213,41.8806919
1002949606,8,primary,123.4622507,41.8805027
1002949606,9,primary,123.4622208,41.8803011
1002949606,10,primary,123.4621387,41.8800834
1002949606,11,primary,123.4612187,41.8780668
1002949606,12,primary,123.4598168,41.8749934
1002949606,13,primary,123.4586824,41.8725064
1002949606,14,primary,123.4580064,41.8710239
1002949606,15,primary,123.4576517,41.8702724
1002949606,16,primary,123.4552297,41.8649827
1002949606,17,primary,123.4544588,41.8632989
1002949606,18,primary,123.4535675,41.8613673
1002949606,19,primary,123.4522111,41.8584553
1002949606,20,primary,123.4509207,41.855685
1002949606,21,primary,123.4504441,41.8545676
1002949606,22,primary,123.4503552,41.8543514
1002949606,23,primary,123.4503217,41.8541958
1002949606,24,primary,123.4503084,41.8540576
1002949606,25,primary,123.4503051,41.8537674
1002949606,26,primary,123.4507547,41.8498472
1003307487,0,primary,123.3654363,41.9178917
1003307487,1,primary,123.3646569,41.9177005
1003307487,2,primary,123.357626,41.9154467
1003307487,3,primary,123.3452372,41.9114434
1003307487,4,primary,123.3451325,41.911412
1003307487,5,primary,123.3381931,41.9091571
1003307487,6,primary,123.3380572,41.9091129
1003307487,7,primary,123.3350986,41.9082367
1003307487,8,primary,123.3350034,41.9082059
1003307487,9,primary,123.3320377,41.9073029
1003307487,10,primary,123.3318467,41.9072447
1003307487,11,primary,123.3262969,41.9055548
1003307487,12,primary,123.3219193,41.9042218
1003307487,13,primary,123.3212705,41.9040143
1003307487,14,primary,123.3209521,41.9039124
1003307487,15,primary,123.319831,41.9034676
1003307487,16,primary,123.3189975,41.9031226
1003307487,17,primary,123.317436,41.9023631
1003307487,18,primary,123.3139351,41.9007127
1003307487,19,primary,123.3138153,41.9006563
1003307487,20,primary,123.3126205,41.900093
1003307487,21,primary,123.3109759,41.8993258
1007417232,0,primary,123.363022,41.6445205
1007417232,1,primary,123.3621298,41.6478354
1007417232,2,primary,123.3612346,41.6513436
1007417232,3,primary,123.3607936,41.6530722
1007417232,4,primary,123.3606251,41.6538141
1007417232,5,primary,123.3584984,41.6618688
1007417232,6,primary,123.3584732,41.6619742
1007417232,7,primary,123.3580507,41.663599
1007417232,8,primary,123.357856,41.6643475
1007625125,0,primary,123.4166587,41.6921121
1007625125,1,primary,123.4166715,41.6922943
1007625125,2,primary,123.4166773,41.6924969
1007625125,3,primary,123.4166994,41.6926934
1007625125,4,primary,123.4167441,41.6929352
1007625125,5,primary,123.4168111,41.6931759
1007625125,6,primary,123.4169066,41.6934015
1007625125,7,primary,123.417432,41.6943236
1007625125,8,primary,123.4175382,41.6945701
1007625125,9,primary,123.4180422,41.695503
1007625125,10,primary,123.4181885,41.695828
1007625125,11,primary,123.4185156,41.6968731
1007625125,12,primary,123.4188673,41.697971
1007625125,13,primary,123.4189594,41.6981992
1007625125,14,primary,123.4191765,41.6986374
1007625125,15,primary,123.4192086,41.6986872
1007625125,16,primary,123.419972,41.6997223
1007625125,17,primary,123.4227856,41.7035473
1007625125,18,primary,123.4254954,41.7072007
1007625125,19,primary,123.4282709,41.7109644
1007625125,20,primary,123.4286849,41.7115259
1007625125,21,primary,123.429092,41.7120706
1007625125,22,primary,123.4292358,41.7122771
1007625125,23,primary,123.4293334,41.7124113
1007625125,24,primary,123.4294698,41.7125977
1007625126,0,primary,123.3942135,41.6970017
1007625126,1,primary,123.3910209,41.6912881
1007625126,2,primary,123.3903207,41.6900232
1007625126,3,primary,123.3902586,41.6899206
1007625126,4,primary,123.3895324,41.6887134
1007625126,5,primary,123.3894981,41.6886563
1007625126,6,primary,123.3893396,41.6884109
1007625126,7,primary,123.3887164,41.6875492
1007625126,8,primary,123.388004,41.6866015
1007625126,9,primary,123.3879227,41.6864692
1007625126,10,primary,123.3871446,41.6854647
1007625126,11,primary,123.3870741,41.6853685
1007625126,12,primary,123.3861978,41.6841793
1007625126,13,primary,123.3847512,41.6822123
1007625126,14,primary,123.3824941,41.679179
1007625126,15,primary,123.3824303,41.6790932
1007625126,16,primary,123.3806117,41.6766859
1007625126,17,primary,123.3798858,41.675725
1007625126,18,primary,123.3797721,41.6755715
1007625127,0,primary,123.4164825,41.6914818
1007625127,1,primary,123.416468,41.6909297
1007625127,2,primary,123.4164289,41.6902379
1007625127,3,primary,123.4163528,41.6895922
1007625127,4,primary,123.4162581,41.6890239
1007625127,5,primary,123.4159202,41.6874723
1007625127,6,primary,123.4159043,41.6874151
1007625127,7,primary,123.4157643,41.6867736
1007625127,8,primary,123.4157057,41.6865277
1007625127,9,primary,123.4156634,41.6863075
1007625127,10,primary,123.4156395,41.6861196
1007625127,11,primary,123.4155953,41.6857519
1007625127,12,primary,123.4155897,41.685496
1007625127,13,primary,123.4156029,41.6850212
1007625127,14,primary,123.4156772,41.6842241
1007625127,15,primary,123.4157161,41.6832736
1007625127,16,primary,123.4157664,41.6827019
1007625127,17,primary,123.4157825,41.6823733
1007625127,18,primary,123.4157648,41.6822024
1007625133,0,primary,123.4166293,41.6914716
1007625133,1,primary,123.4166587,41.6921121
1007625134,0,primary,123.3799708,41.7029582
1007625134,1,primary,123.3802921,41.7042063
1007625134,2,primary,123.3804839,41.7049516
1007625134,3,primary,123.3806109,41.7053723
1007625134,4,primary,123.3808215,41.7058359
1007625134,5,primary,123.3825642,41.7086429
1007625135,0,primary,123.3945096,41.6975269
1007625135,1,primary,123.3942135,41.6970017
1007625136,0,primary,123.4165104,41.6921256
1007625136,1,primary,123.4164825,41.6914818
1007625137,0,primary,123.3797458,41.7022468
1007625137,1,primary,123.3799708,41.7029582
1007625138,0,primary,123.3943896,41.6969763
1007625138,1,primary,123.3946719,41.6974926
1007625143,0,primary,123.379844,41.7029716
1007625143,1,primary,123.3796304,41.7022681
1007625145,0,primary,123.3796304,41.7022681
1007625145,1,primary,123.379612,41.7022221
1007625145,2,primary,123.3795667,41.7020582
1007625145,3,primary,123.3794318,41.7017075
1007625145,4,primary,123.3792861,41.7014074
1007625145,5,primary,123.3790768,41.7010492
1007625145,6,primary,123.3781216,41.6997799
1007625145,7,primary,123.3771405,41.6984762
1007625145,8,primary,123.3768799,41.6981299
1007625145,9,primary,123.3754851,41.696258
1007625145,10,primary,123.3754148,41.6961668
1007625145,11,primary,123.3742616,41.6946433
1007625145,12,primary,123.3739912,41.6942799
1007625145,13,primary,123.373371,41.6934465
1007625145,14,primary,123.3721323,41.6917819
1007625145,15,primary,123.3720231,41.6916426
1007625146,0,primary,123.3946719,41.6974926
1007625146,1,primary,123.396525,41.7007653
1010991122,0,trunk,123.4064678,41.8986299
1010991122,1,trunk,123.4060311,41.8996702
1010991122,2,trunk,123.4055222,41.9007195
1010991122,3,trunk,123.405321,41.9011333
1010991122,4,trunk,123.4041206,41.9033495
1010991122,5,trunk,123.4038661,41.9038023
1010991122,6,trunk,123.4038237,41.9038779
1010991122,7,trunk,123.4036845,41.9040917
1010991122,8,trunk,123.4033115,41.9047675
1010991122,9,trunk,123.4032792,41.904826
1010991123,0,trunk,123.4031038,41.9047717
1010991123,1,trunk,123.4031371,41.9047116
1010991123,2,trunk,123.4036674,41.90383
1010991123,3,trunk,123.4037096,41.9037545
1010991123,4,trunk,123.4039579,41.9032911
1010991123,5,trunk,123.4045125,41.9022816
1010991123,6,trunk,123.405173,41.9010846
1010991123,7,trunk,123.4053768,41.9006742
1010991123,8,trunk,123.4058543,41.8996782
1010991123,9,trunk,123.4060794,41.8991697
1024107943,0,primary,123.4963646,41.7069889
1024107943,1,primary,123.4963168,41.7069337
1024107943,2,primary,123.495859,41.7065011
1024107943,3,primary,123.495516,41.7061506
1024107943,4,primary,123.4950616,41.7056361
1024107943,5,primary,123.4947534,41.7052403
1024107943,6,primary,123.4941923,41.7043596
1024107944,0,primary,123.4941923,41.7043596
1024107944,1,primary,123.4939646,41.7040061
1024107945,0,primary,123.4945371,41.7044504
1024107945,1,primary,123.4950062,41.7051401
1024107945,2,primary,123.495295,41.7055278
1024107945,3,primary,123.4957516,41.706042
1024107945,4,primary,123.4963391,41.7065905
1024107945,5,primary,123.496598,41.7068219
1024107945,6,primary,123.4966542,41.7068714
1024107946,0,primary,123.4942986,41.7040768
1024107946,1,primary,123.4945371,41.7044504
1024384148,0,motorway,123.4915886,41.6950302
1024384148,1,motorway,123.497029,41.687515
1024384148,2,motorway,123.4986088,41.685421
1024384148,3,motorway,123.4995071,41.6843028
1024384148,4,motorway,123.5008023,41.6826081
1024384148,5,motorway,123.5020363,41.6809775
1024384148,6,motorway,123.5032089,41.6797643
1024384148,7,motorway,123.507504,41.6753693
1024384148,8,motorway,123.5115694,41.6714172
1024384148,9,motorway,123.5171041,41.6659098
1024384148,10,motorway,123.5185791,41.6645854
1026243822,0,primary,123.5830298,41.7991656
1026243822,1,primary,123.5793012,41.7976117
1026243834,0,primary,123.5728251,41.7948659
1026243834,1,primary,123.5728941,41.7949087
1026243834,2,primary,123.5742874,41.7956569
1026243834,3,primary,123.5744742,41.7957527
1026243834,4,primary,123.5746283,41.795824
1026243834,5,primary,123.5748011,41.7958989
1026243834,6,primary,123.5749692,41.7959668
1026243834,7,primary,123.575142,41.796026
1026243834,8,primary,123.5765186,41.7964495
1026243834,9,primary,123.5768636,41.7965644
1026243834,10,primary,123.5772642,41.7967022
1026243834,11,primary,123.5775661,41.7968124
1026243834,12,primary,123.5778527,41.7969227
1026243834,13,primary,123.5781977,41.7970628
1026243834,14,primary,123.5792289,41.7974928
1026243834,15,primary,123.5793501,41.7975454
1026243834,16,primary,123.5796628,41.7976748
1026243834,17,primary,123.5815716,41.7984724
1026243834,18,primary,123.5830782,41.7991069
1028621066,0,trunk,123.2300428,41.73504
1028621066,1,trunk,123.2296725,41.7344702
1029177046,0,trunk,123.3256716,41.7724073
1029177046,1,trunk,123.3255668,41.7724412
1029177046,2,trunk,123.3254063,41.772493
1029177046,3,trunk,123.3245016,41.7728341
1029177047,0,trunk,123.3202396,41.7754975
1029177047,1,trunk,123.3202333,41.7753496
1092329218,0,motorway,123.4643984,41.9108607
1092329218,1,motorway,123.4651635,41.9109971
1092329219,0,motorway,123.46488,41.9111242
1092329219,1,motorway,123.4641355,41.9109804
1092329220,0,motorway,123.4641355,41.9109804
1092329220,1,motorway,123.4631624,41.9107732
1092329220,2,motorway,123.4623446,41.9105787
1092329220,3,motorway,123.4594749,41.909891
1092329220,4,motorway,123.4488339,41.9073409
1092329221,0,motorway,123.4489238,41.9071974
1092329221,1,motorway,123.4595656,41.9097494
1092329221,2,motorway,123.4624112,41.9104187
1092329221,3,motorway,123.4637125,41.9107302
1092329221,4,motorway,123.4643984,41.9108607
1116767197,0,motorway,123.4249212,41.6962742
1116767197,1,motorway,123.4202796,41.6973084
1116767197,2,motorway,123.4171676,41.6980153
1117478324,0,motorway,123.536787,41.6468647
1117478324,1,motorway,123.5385475,41.6398038
1117478325,0,motorway,123.5366306,41.6474196
1117478325,1,motorway,123.536787,41.6468647
1117478326,0,motorway,123.5387011,41.6398095
1117478326,1,motorway,123.5369699,41.6468703
1117478326,2,motorway,123.5369541,41.646928
1117478327,0,motorway,123.5369541,41.646928
1117478327,1,motorway,123.5368205,41.647414
1118731056,0,primary,123.3905863,41.7760691
1118731056,1,primary,123.3918584,41.7778074
1118731056,2,primary,123.3932007,41.7795018
1118731056,3,primary,123.3932915,41.7796209
1118731056,4,primary,123.3941927,41.7807829
1118731056,5,primary,123.3947228,41.7814864
1118731056,6,primary,123.3955154,41.7825309
1118731056,7,primary,123.395602,41.782655
1118731056,8,primary,123.3967471,41.7841855
1118731056,9,primary,123.3980034,41.785873
1118731056,10,primary,123.3992631,41.787565
1123445049,0,motorway,123.4809659,41.7029983
1123445049,1,motorway,123.4782765,41.7038203
1123445049,2,motorway,123.4729431,41.7053954
1123445050,0,motorway,123.4729431,41.7053954
1123445050,1,motorway,123.4726654,41.7054801
1123445051,0,motorway,123.472591,41.7052208
1123445051,1,motorway,123.4781233,41.7035812
1123445051,2,motorway,123.4807728,41.7028048
1123445052,0,motorway,123.4723135,41.7053056
1123445052,1,motorway,123.472591,41.7052208
1123445054,0,motorway,123.4849815,41.7195998
1123445054,1,motorway,123.48114,41.7177264
1123445054,2,motorway,123.4789832,41.716704
1123445054,3,motorway,123.4765501,41.7156935
1123445054,4,motorway,123.4747303,41.7149876
1123445054,5,motorway,123.4722045,41.7141745
1123445054,6,motorway,123.4693587,41.7133154
1123445054,7,motorway,123.4685381,41.7130723
1123445054,8,motorway,123.4650847,41.7120494
1123445055,0,motorway,123.4854865,41.7198461
1123445055,1,motorway,123.4849815,41.7195998
1123445056,0,motorway,123.4651926,41.7119361
1123445056,1,motorway,123.4694582,41.713174
1123445056,2,motorway,123.4723115,41.714043
1123445056,3,motorway,123.4748183,41.7148749
1123445056,4,motorway,123.47672,41.7155858
1123445056,5,motorway,123.4791123,41.7165781
1123445056,6,motorway,123.4812974,41.7175977
1123445056,7,motorway,123.485169,41.7194869
1123445057,0,motorway,123.485169,41.7194869
1123445057,1,motorway,123.4856739,41.7197333
1162263605,0,motorway,123.2992646,41.7224071
1162263605,1,motorway,123.29848,41.724276
1162263605,2,motorway,123.2982057,41.7248214
1162263605,3,motorway,123.2975784,41.7261374
1162263605,4,motorway,123.2973636,41.726538
1162263605,5,motorway,123.2970071,41.7272031
1162263605,6,motorway,123.2963381,41.7283686
1162263605,7,motorway,123.2960518,41.7288141
1162263605,8,motorway,123.2955655,41.729615
1162263605,9,motorway,123.2921446,41.7351284
1169517152,0,primary,123.3466077,41.6647251
1169517152,1,primary,123.3432773,41.6642551
1169517153,0,primary,123.3433041,41.6641539
1169517153,1,primary,123.3466464,41.664661
1169517154,0,primary,123.3485055,41.6650085
1169517154,1,primary,123.3478924,41.6649207
1169517154,2,primary,123.3466077,41.6647251
1169517155,0,primary,123.3466464,41.664661
1169517155,1,primary,123.3479143,41.6648489
1169517155,2,primary,123.3485291,41.6649348
1173965208,0,motorway,123.305393,41.8476148
1173965208,1,motorway,123.3104149,41.8481996
1173965208,2,motorway,123.3134408,41.8485908
1173965208,3,motorway,123.3152883,41.8488918
1173965208,4,motorway,123.3166476,41.8492571
1173965208,5,motorway,123.3179804,41.8497376
1173965208,6,motorway,123.3194861,41.8504259
1173965208,7,motorway,123.3214784,41.8517096
1173965208,8,motorway,123.3228569,41.8527609
1173965208,9,motorway,123.3266319,41.8556398
1173965208,10,motorway,123.3294208,41.85775
1173965208,11,motorway,123.3332891,41.860727
1173965222,0,motorway,123.3445916,41.8731118
1173965222,1,motorway,123.3436567,41.873969
1173965222,2,motorway,123.3429346,41.8746293
1173965222,3,motorway,123.3406977,41.87667
1173965223,0,motorway,123.3381448,41.8788577
1173965223,1,motorway,123.3406137,41.8766021
1173965224,0,motorway,123.3366317,41.8801473
1173965224,1,motorway,123.3381448,41.8788577
1173965225,0,motorway,123.3382507,41.8789227
1173965225,1,motorway,123.3367252,41.880218
1173971462,0,primary,123.4456235,41.8931496
1173971462,1,primary,123.447149,41.8974328
1173971462,2,primary,123.4471991,41.8975346
1173971462,3,primary,123.4472672,41.8976276
1173971462,4,primary,123.4473596,41.8977113
1173971462,5,primary,123.4474573,41.8978007
1173971462,6,primary,123.4493726,41.8995059
1173971462,7,primary,123.4495132,41.8996517
1173971462,8,primary,123.449655,41.8998237
1173971462,9,primary,123.4497535,41.8999865
1173971462,10,primary,123.4498216,41.900182
1173971462,11,primary,123.4500362,41.9008082
1173971462,12,primary,123.4503294,41.9017978
1173971462,13,primary,123.4503573,41.9019917
1173971462,14,primary,123.4504027,41.9022473
1173971462,15,primary,123.4504263,41.9025918
1173971462,16,primary,123.4504254,41.9026343
1173971462,17,primary,123.4503611,41.9030795
1173971462,18,primary,123.4502688,41.9034573
1173971462,19,primary,123.4500843,41.9039632
1173971462,20,primary,123.4495013,41.9057111
1173971462,21,primary,123.4492375,41.9062325
1173971462,22,primary,123.4459196,41.9115046
1173971462,23,primary,123.4448327,41.913613
1173971463,0,primary,123.4448327,41.913613
1173971463,1,primary,123.4447937,41.9136886
1173971464,0,primary,123.4446906,41.9135793
1173971464,1,primary,123.4457821,41.9114508
1173971464,2,primary,123.4490791,41.9062145
1173971464,3,primary,123.4493428,41.9056931
1173971464,4,primary,123.4499259,41.9039452
1173971464,5,primary,123.4501338,41.9034262
1173971464,6,primary,123.4502236,41.9030602
1173971464,7,primary,123.4502879,41.9026629
1173971464,8,primary,123.4502837,41.9026163
1173971464,9,primary,123.4502759,41.9025297
1173971464,10,primary,123.4502506,41.9022501
1173971464,11,primary,123.4502052,41.9019945
1173971464,12,primary,123.4501773,41.9018006
1173971464,13,primary,123.4499311,41.9008248
1173971464,14,primary,123.4497468,41.9001995
1173971464,15,primary,123.4496787,41.9000041
1173971464,16,primary,123.4495802,41.8998412
1173971464,17,primary,123.4494384,41.8996693
1173971464,18,primary,123.4492978,41.8995234
1173971464,19,primary,123.4473824,41.8978183
1173971464,20,primary,123.4472848,41.8977288
1173971464,21,primary,123.4471923,41.8976451
1173971464,22,primary,123.4471243,41.8975521
1173971464,23,primary,123.4470741,41.8974503
1173971464,24,primary,123.4455172,41.8931716
1173971465,0,primary,123.4446518,41.9136549
1173971465,1,primary,123.4446906,41.9135793
1233501933,0,primary,123.1381996,41.6507158
1233501933,1,primary,123.138397,41.6507878
1233501933,2,primary,123.1388952,41.6509901
1233501933,3,primary,123.1394304,41.651214
1233501933,4,primary,123.1398027,41.6513881
1233501933,5,primary,123.1402246,41.6516052
1233501933,6,primary,123.1405944,41.6518019
1233501933,7,primary,123.1410531,41.6520707
1233501933,8,primary,123.1425082,41.6529402
1233501933,9,primary,123.1434845,41.6534465
1233501933,10,primary,123.1444954,41.6540246
1233501933,11,primary,123.1456967,41.6547117
1233501933,12,primary,123.1480489,41.6560738
1233501933,13,primary,123.1489199,41.6566844
1233501933,14,primary,123.1492759,41.6569545
1233501933,15,primary,123.1498141,41.6573335
1233501933,16,primary,123.1501665,41.6575517
1233501933,17,primary,123.1504043,41.6576662
1233501933,18,primary,123.1505445,41.6577338
1233501933,19,primary,123.1509718,41.6579323
1233501933,20,primary,123.1513444,41.6580839
1233501933,21,primary,123.1516216,41.6581764
1233501933,22,primary,123.1520718,41.6583177
1233501933,23,primary,123.1525637,41.6584299
1233501933,24,primary,123.1529014,41.6584962
1233501933,25,primary,123.153311,41.6585586
1233501933,26,primary,123.1540773,41.6586276
1233501933,27,primary,123.1545703,41.6586589
1233501933,28,primary,123.1569148,41.6587775
1233501933,29,primary,123.1584067,41.6590019
1233501933,30,primary,123.1592807,41.6591473
1233501933,31,primary,123.1599498,41.6592111
1233501933,32,primary,123.1603896,41.659233
1233501933,33,primary,123.1606428,41.6592213
1233501933,34,primary,123.1633056,41.6590733
1233501933,35,primary,123.1654223,41.6589177
1233501933,36,primary,123.165989,41.6589279
1233501933,37,primary,123.1668738,41.6590272
1233501933,38,primary,123.1676993,41.6593029
1233501933,39,primary,123.1685596,41.6597008
1233501933,40,primary,123.1696007,41.660201
1233501933,41,primary,123.1706353,41.660698
1233501933,42,primary,123.1721442,41.6613254
1233501933,43,primary,123.1728338,41.6616289
1233501933,44,primary,123.1735166,41.662009
1233501933,45,primary,123.174196,41.6624145
1233501933,46,primary,123.1747934,41.6628277
1233501933,47,primary,123.1753226,41.6632408
1233501933,48,primary,123.1769339,41.6646257
1233501933,49,primary,123.1792895,41.6666251
1233501933,50,primary,123.1813754,41.6686271
1233501933,51,primary,123.1831199,41.6701852
1233501933,52,primary,123.183144,41.6702053
1233501933,53,primary,123.1832733,41.670313
1233501933,54,primary,123.1840303,41.6709439
1233501933,55,primary,123.1843592,41.671218
1233501933,56,primary,123.1850488,41.6716898
1233501933,57,primary,123.1856579,41.6720913
1233501933,58,primary,123.1859068,41.672189
1233501933,59,primary,123.1862366,41.6723029
1233501933,60,primary,123.1866054,41.6724217
1233501933,61,primary,123.1871756,41.6725709
1233501933,62,primary,123.1878748,41.6727295
1233501933,63,primary,123.1899052,41.6732023
1233501933,64,primary,123.1910745,41.6734657
1233501933,65,primary,123.1916838,41.6736233
1233501933,66,primary,123.1921478,41.6737603
1233501933,67,primary,123.1930679,41.6740958
1233501933,68,primary,123.1939953,41.6744748
1233501933,69,primary,123.1946323,41.6747261
1233501933,70,primary,123.1951471,41.6749515
1233501933,71,primary,123.195567,41.6751705
1233501933,72,primary,123.1959118,41.6754281
1233501933,73,primary,123.1964342,41.675961
1233501933,74,primary,123.1967141,41.6763639
1233501933,75,primary,123.1969428,41.6768101
1233501933,76,primary,123.197175,41.6774425
1233501933,77,primary,123.1973832,41.6780442
1233501933,78,primary,123.1975812,41.6783808
1233501933,79,primary,123.1978407,41.6787939
1233501933,80,primary,123.1981479,41.6791253
1233501933,81,primary,123.1985371,41.6794645
1233501933,82,primary,123.1991209,41.6798189
1233501933,83,primary,123.1995784,41.6800254
1233501933,84,primary,123.2002475,41.6802498
1233501933,85,primary,123.2027499,41.6808566
1233501933,86,primary,123.2033746,41.6810988
1233501933,87,primary,123.2039482,41.6813793
1233501933,88,primary,123.2047138,41.6819169
1291799145,0,trunk,123.5154899,41.7472696
1291799145,1,trunk,123.5148079,41.7469259
1291799145,2,trunk,123.5147223,41.7468887
1291799145,3,trunk,123.513323,41.7462809
1291799145,4,trunk,123.5122247,41.7458466
1291799145,5,trunk,123.5118302,41.7457113
1291799145,6,trunk,123.5113386,41.7455308
1291799145,7,trunk,123.5103393,41.7452062
1291799145,8,trunk,123.5092918,41.7448934
1291799145,9,trunk,123.5084789,41.7446823
1291799145,10,trunk,123.5074408,41.7444358
1291799145,11,trunk,123.5072831,41.7444066
1291799145,12,trunk,123.507209,41.7443929
1291799145,13,trunk,123.5068918,41.7443293
1291799145,14,trunk,123.5067135,41.7442936
1291799145,15,trunk,123.5058147,41.7441134
1291799145,16,trunk,123.5051781,41.7439738
1291799145,17,trunk,123.5045519,41.7438564
1291799146,0,trunk,123.5160008,41.7475352
1291799146,1,trunk,123.5154899,41.7472696
1291799147,0,trunk,123.5046341,41.7436566
1291799147,1,trunk,123.5058909,41.7438873
1291799147,2,trunk,123.5068986,41.7440753
1291799147,3,trunk,123.506975,41.7440919
1291799147,4,trunk,123.5072943,41.7441612
1291799147,5,trunk,123.5073678,41.7441772
1291799147,6,trunk,123.5074587,41.7441994
1291799147,7,trunk,123.5085686,41.7444709
1291799147,8,trunk,123.5093884,41.7446944
1291799147,9,trunk,123.5104383,41.7450104
1291799147,10,trunk,123.5104897,41.7450272
1291799147,11,trunk,123.5114682,41.7453473
1291799147,12,trunk,123.5123525,41.7456671
1291799147,13,trunk,123.5134558,41.7460981
1291799147,14,trunk,123.5149051,41.7467108
1291799147,15,trunk,123.5149863,41.7467548
1291799147,16,trunk,123.5156603,41.7471038
1291799148,0,trunk,123.5156603,41.7471038
1291799148,1,trunk,123.516128,41.7473479
1291799155,0,motorway,123.5205705,41.7341466
1291799155,1,motorway,123.5180362,41.7336703
1291799156,0,motorway,123.5208064,41.7341909
1291799156,1,motorway,123.5205705,41.7341466
1291799157,0,motorway,123.5180669,41.733512
1291799157,1,motorway,123.5207099,41.7340065
1291799158,0,motorway,123.5207099,41.7340065
1291799158,1,motorway,123.5209206,41.7340459
1291799836,0,primary,123.4947569,41.7078712
1291799836,1,primary,123.4936952,41.7084539
1291799836,2,primary,123.4920626,41.7094991
1291799836,3,primary,123.4914419,41.7099237
1291799836,4,primary,123.4904607,41.7106786
1291799836,5,primary,123.4899369,41.7111365
1291799836,6,primary,123.4898745,41.7111933
1291799836,7,primary,123.489817,41.7112375
1291799836,8,primary,123.4885444,41.7123046
1291799836,9,primary,123.48786,41.7129613
1291799836,10,primary,123.4869855,41.7138758
1291799836,11,primary,123.4860553,41.7149338
1291799836,12,primary,123.4832897,41.7180763
1291799837,0,primary,123.4950688,41.7077001
1291799837,1,primary,123.4947569,41.7078712
1291799838,0,primary,123.4831631,41.7179984
1291799838,1,primary,123.4856844,41.7151394
1291799838,2,primary,123.4863846,41.7143691
1291799838,3,primary,123.4874681,41.7131772
1291799838,4,primary,123.4878704,41.7127367
1291799838,5,primary,123.488616,41.712038
1291799838,6,primary,123.4896823,41.7110758
1291799838,7,primary,123.4897605,41.7110163
1291799838,8,primary,123.4902815,41.7105786
1291799838,9,primary,123.4912919,41.7098459
1291799838,10,primary,123.4918688,41.7094341
1291799838,11,primary,123.4920477,41.7093219
1291799838,12,primary,123.493601,41.708348
1291799838,13,primary,123.4946156,41.7077878
1291799839,0,primary,123.4946156,41.7077878
1291799839,1,primary,123.4949355,41.7076111
1296046744,0,primary,123.2497027,41.7333911
1296046744,1,primary,123.2486627,41.7349654
1296046744,2,primary,123.247437,41.7368382
1296046745,0,primary,123.2499334,41.7330418
1296046745,1,primary,123.2497027,41.7333911
1296046746,0,primary,123.2497632,41.7330334
1296046746,1,primary,123.2522487,41.7292642
1296046746,2,primary,123.2538566,41.7281855
1296046746,3,primary,123.2547748,41.7276352
1296046747,0,primary,123.2495337,41.7333821
1296046747,1,primary,123.2497632,41.7330334
1296053710,0,motorway,123.5346416,41.7367677
1296053710,1,motorway,123.5232966,41.7346589
1296053710,2,motorway,123.5208064,41.7341909
1296053711,0,motorway,123.5356149,41.7369486
1296053711,1,motorway,123.5346416,41.7367677
1296053712,0,motorway,123.5209206,41.7340459
1296053712,1,motorway,123.5234902,41.7345266
1296053712,2,motorway,123.5347704,41.7366353
1296053713,0,motorway,123.5347704,41.7366353
1296053713,1,motorway,123.5357549,41.7368193
1297145941,0,primary,123.5072943,41.7441612
1297145941,1,primary,123.5073899,41.7441172
1297145941,2,primary,123.5074598,41.7440851
1297145941,3,primary,123.5076439,41.7441151
1297145941,4,primary,123.5087553,41.7443758
1297145941,5,primary,123.5095431,41.7445763
1297145941,6,primary,123.5109193,41.7450007
1297145941,7,primary,123.5122485,41.7454447
1297145941,8,primary,123.5136507,41.7460123
1297145941,9,primary,123.5150057,41.7466118
1315868987,0,trunk,123.4717051,41.7376599
1315868987,1,trunk,123.4708588,41.7375122
1315868987,2,trunk,123.4699579,41.737355
1315868987,3,trunk,123.466825,41.7367513
1315868987,4,trunk,123.4665132,41.7366582
1315868987,5,trunk,123.4660942,41.7365731
1315868987,6,trunk,123.465582,41.7364535
1315868987,7,trunk,123.46547,41.7364274
1315868987,8,trunk,123.4653518,41.7363998
1315868987,9,trunk,123.4650972,41.7363404
1315868987,10,trunk,123.464929,41.7363011
1315868987,11,trunk,123.4641768,41.7361625
1315868987,12,trunk,123.4629924,41.7360028
1315868987,13,trunk,123.4621032,41.735954
1315868987,14,trunk,123.4605455,41.7359794
1315868987,15,trunk,123.4553744,41.7359712
1315868987,16,trunk,123.4547599,41.7359703
1315868987,17,trunk,123.4546936,41.7359627
1315868987,18,trunk,123.4545969,41.7359515
1315868987,19,trunk,123.4545387,41.7359449
1315868987,20,trunk,123.4544641,41.7359363
1315868987,21,trunk,123.4541791,41.7359036
1315868987,22,trunk,123.4539084,41.7358725
1315868987,23,trunk,123.4527219,41.7357363
1315868987,24,trunk,123.4524305,41.7357417
1315868987,25,trunk,123.4519574,41.7357505
1315868987,26,trunk,123.4517063,41.7357552
1315868987,27,trunk,123.4513656,41.7357661
1315868988,0,trunk,123.4515389,41.7348499
1315868988,1,trunk,123.4522768,41.7353081
1315868988,2,trunk,123.4524788,41.7354063
1315868988,3,trunk,123.4528562,41.7355583
1315868988,4,trunk,123.4531278,41.7356191
1315868988,5,trunk,123.4533941,41.7356678
1315868988,6,trunk,123.4537723,41.7357117
1315868988,7,trunk,123.4543695,41.7357811
1315868988,8,trunk,123.4544842,41.7357895
1315868988,9,trunk,123.4545713,41.7357959
1315868988,10,trunk,123.4546426,41.7358012
1315868988,11,trunk,123.4547445,41.7358087
1315868988,12,trunk,123.4548487,41.7358163
1315868988,13,trunk,123.4554492,41.7358365
1315868988,14,trunk,123.4605443,41.7358214
1315868988,15,trunk,123.4622278,41.7357907
1315868988,16,trunk,123.4631237,41.7358376
1315868988,17,trunk,123.4640101,41.7359165
1315868988,18,trunk,123.4650977,41.7360852
1315868988,19,trunk,123.4653403,41.7361208
1315868988,20,trunk,123.4665521,41.7363084
1315868988,21,trunk,123.4668748,41.7363008
1315868988,22,trunk,123.4670038,41.7363195
1315868988,23,trunk,123.4700489,41.7369133
1315868988,24,trunk,123.4713129,41.7371713
1315868988,25,trunk,123.4716531,41.7372374
1318935559,0,primary,123.2047138,41.6819169
1318935559,1,primary,123.2060583,41.6829216
1318935559,2,primary,123.2074498,41.6839898
1318935559,3,primary,123.2076232,41.684165
1318935559,4,primary,123.2079183,41.6844858
1318935560,0,primary,123.2079183,41.6844858
1318935560,1,primary,123.2087716,41.6855217
1318935561,0,primary,123.2086428,41.6855767
1318935561,1,primary,123.2076889,41.6844777
1318935562,0,primary,123.2087716,41.6855217
1318935562,1,primary,123.2091873,41.6859998
1318935562,2,primary,123.2094338,41.6862169
1318935562,3,primary,123.2096288,41.68639
1318935562,4,primary,123.2114574,41.6876787
1318935562,5,primary,123.2119173,41.6879672
1318935562,6,primary,123.2124214,41.6882529
1318935562,7,primary,123.2167114,41.6903383
1318935562,8,primary,123.2230471,41.6932396
1318935562,9,primary,123.2236984,41.6935445
1318935562,10,primary,123.2243312,41.693877
1318935562,11,primary,123.2253062,41.6944154
1318935562,12,primary,123.225917,41.6947341
1318935562,13,primary,123.2264321,41.6949924
1318935562,14,primary,123.2273409,41.6954072
1318935562,15,primary,123.2285992,41.6959704
1318935562,16,primary,123.2296735,41.6964622
1318935562,17,primary,123.2305345,41.6969155
1318935562,18,primary,123.2312262,41.6973275
1318935562,19,primary,123.2321607,41.6979045
1318935562,20,primary,123.2325838,41.6981819
1318935562,21,primary,123.2345449,41.699517
1318935562,22,primary,123.2349459,41.699745
1318935562,23,primary,123.235369,41.6999566
1318935562,24,primary,123.2358437,41.7001571
1318935562,25,primary,123.2361502,41.7002716
1318935562,26,primary,123.2381175,41.700929
1318935563,0,primary,123.2380271,41.7010123
1318935563,1,primary,123.2365521,41.700534
1318935563,2,primary,123.2356262,41.7002022
1318935563,3,primary,123.2352449,41.7000314
1318935563,4,primary,123.2348463,41.69982
1318935563,5,primary,123.234502,41.6996182
1318935563,6,primary,123.2338179,41.699179
1318935563,7,primary,123.2332689,41.6988065
1318935563,8,primary,123.2318877,41.6978598
1318935563,9,primary,123.2310729,41.6973588
1318935563,10,primary,123.2304688,41.6970191
1318935563,11,primary,123.2296262,41.696574
1318935563,12,primary,123.2281839,41.6959037
1318935563,13,primary,123.2268042,41.6952883
1318935563,14,primary,123.2258807,41.6948433
1318935563,15,primary,123.2242765,41.6939724
1318935563,16,primary,123.2232942,41.6934723
1318935563,17,primary,123.2211818,41.6925005
1318935563,18,primary,123.216877,41.6905416
1318935563,19,primary,123.2123184,41.6883408
1318935563,20,primary,123.2117665,41.6880358
1318935563,21,primary,123.2111189,41.6876045
1318935563,22,primary,123.2095884,41.6865137
1318935563,23,primary,123.2093271,41.6863048
1318935563,24,primary,123.2090843,41.6860685
1318935563,25,primary,123.2086428,41.6855767
1318935564,0,primary,123.2381175,41.700929
1318935564,1,primary,123.2428278,41.7024643
1318935564,2,primary,123.2439918,41.7027835
1318935565,0,primary,123.2410429,41.7020321
1318935565,1,primary,123.2380271,41.7010123
1326070440,0,trunk,123.320773,41.7757839
1326070440,1,trunk,123.3207675,41.7759477
1326070440,2,trunk,123.3207701,41.7760607
1326070440,3,trunk,123.3207731,41.7762209
1326070440,4,trunk,123.3207888,41.777299
1326070440,5,trunk,123.3207915,41.7777071
1326070440,6,trunk,123.3207781,41.7779251
1326070440,7,trunk,123.3207513,41.7781351
1326070440,8,trunk,123.3207111,41.7783872
1326070440,9,trunk,123.3206499,41.7787933
1326070441,0,trunk,123.3206172,41.775164
1326070441,1,trunk,123.3206177,41.7753708
1326070441,2,trunk,123.3206265,41.7760705
1326070441,3,trunk,123.3206313,41.777211
1326070443,0,trunk,123.3201045,41.7769452
1326070443,1,trunk,123.320102,41.7759356
1326070443,2,trunk,123.3201062,41.7757611
1326070444,0,trunk,123.3202629,41.7786418
1326070444,1,trunk,123.320129,41.7779292
1326070444,2,trunk,123.3201045,41.7769452
1326070445,0,trunk,123.320248,41.7768846
1326070445,1,trunk,123.3202396,41.7754975
1341978067,0,primary,123.3070242,41.6286798
1341978067,1,primary,123.3040199,41.6287633
1341978067,2,primary,123.3038724,41.6287674
1341978067,3,primary,123.3037374,41.6287702
1341978067,4,primary,123.3024306,41.6287968
1341978067,5,primary,123.2952287,41.6289701
1341978067,6,primary,123.2948689,41.6289624
1341978067,7,primary,123.2901384,41.629066
1341978068,0,primary,123.2901384,41.629066
1341978068,1,primary,123.2900197,41.6290686
1341978069,0,trunk,123.3038745,41.6286366
1341978069,1,trunk,123.3037437,41.6286395
1341978069,2,trunk,123.3016355,41.6286855
1341978069,3,trunk,123.2900266,41.6289393
1341978070,0,trunk,123.2900266,41.6289393
1341978070,1,trunk,123.289908,41.6289419
1341978071,0,trunk,123.2898823,41.6287757
1341978071,1,trunk,123.3017054,41.6285173
1341978071,2,trunk,123.3037537,41.6284736
1341978071,3,trunk,123.3038772,41.628471
1341978071,4,trunk,123.3040142,41.6284668
1341978071,5,trunk,123.3062507,41.6283989
1341978072,0,trunk,123.2897637,41.6287783
1341978072,1,trunk,123.2898823,41.6287757
1341978073,0,primary,123.2897589,41.6286357
1341978073,1,primary,123.3021833,41.6283658
1341978073,2,primary,123.3038795,41.628329
1341978073,3,primary,123.3070574,41.6282674
1341978073,4,primary,123.3072129,41.6283196
1341978073,5,primary,123.3072442,41.6284151
1341978073,6,primary,123.3072647,41.6284946
1341978073,7,primary,123.307236,41.6286308
1341978073,8,primary,123.3071676,41.6286713
1341978073,9,primary,123.3070242,41.6286798
1341978074,0,primary,123.2896403,41.6286383
1341978074,1,primary,123.2897589,41.6286357
1352043820,0,primary,123.3366784,41.863644
1352043820,1,primary,123.3344432,41.8647853
1352043820,2,primary,123.3326889,41.8656946
1352043820,3,primary,123.3324614,41.865808
1352043820,4,primary,123.3322388,41.8659076
1352043820,5,primary,123.33186,41.8660576
1352043820,6,primary,123.3314667,41.866185
1352043820,7,primary,123.3312714,41.8662331
1352043820,8,primary,123.3310882,41.866274
1352043820,9,primary,123.3308171,41.8663235
1352043820,10,primary,123.3302932,41.8663882
1352043820,11,primary,123.3300589,41.8663991
1352043820,12,primary,123.3297056,41.8664109
1352043820,13,primary,123.329481,41.8664077
1352043820,14,primary,123.3291989,41.8663888
1352043820,15,primary,123.3289776,41.8663623
1352043820,16,primary,123.3287587,41.8663337
1352043820,17,primary,123.3285567,41.8662968
1352043820,18,primary,123.3282662,41.8662385
1352043820,19,primary,123.32639,41.8658377
1358237996,0,trunk,123.3547277,41.8437849
1358237996,1,trunk,123.3546432,41.8439203
1358237996,2,trunk,123.3544526,41.8442151
1358237996,3,trunk,123.3542458,41.8445049
1358237996,4,trunk,123.3541148,41.8446748
1358237996,5,trunk,123.3539295,41.8449092
1358237996,6,trunk,123.353764,41.8450984
1358237996,7,trunk,123.3530118,41.8459671
1358237996,8,trunk,123.3524851,41.8465804
1358237996,9,trunk,123.3520638,41.8470582
1358237996,10,trunk,123.3517656,41.8473971
1358237996,11,trunk,123.3510902,41.8481564
1358237996,12,trunk,123.3494171,41.8499529
1358237996,13,trunk,123.3481485,41.851291
1358237996,14,trunk,123.3459304,41.8536491
1358237996,15,trunk,123.3453593,41.8542598
1358237996,16,trunk,123.344687,41.8549778
1358237996,17,trunk,123.3443301,41.8553566
1358237996,18,trunk,123.3440561,41.855677
1358237996,19,trunk,123.3437737,41.856054
1358237996,20,trunk,123.3434545,41.8565345
1358237996,21,trunk,123.3433267,41.8567451
1358237996,22,trunk,123.3431636,41.8570378
1358237996,23,trunk,123.3429867,41.8573865
1358237996,24,trunk,123.3429128,41.8575526
1358237996,25,trunk,123.3427872,41.8578694
1358237996,26,trunk,123.3426807,41.8581701
1358237996,27,trunk,123.3425907,41.8584657
1358237996,28,trunk,123.3425266,41.8587105
1358237996,29,trunk,123.3424686,41.8589793
1358237996,30,trunk,123.3424059,41.8593285
1358237996,31,trunk,123.3423751,41.859534
1358237996,32,trunk,123.3423252,41.8597441
1358237996,33,trunk,123.3422505,41.8599739
1358237996,34,trunk,123.3421655,41.8601934
1358237996,35,trunk,123.3421077,41.8603072
1358237996,36,trunk,123.3420063,41.8604699
1358237996,37,trunk,123.341873,41.8606577
1358237996,38,trunk,123.3417403,41.8608104
1358237996,39,trunk,123.3415978,41.8609499
1358237996,40,trunk,123.3414903,41.8610459
1358237996,41,trunk,123.3412607,41.8612378
1358237996,42,trunk,123.3411061,41.8613437
1358237998,0,trunk,123.3410692,41.861262
1358237998,1,trunk,123.341283,41.8611045
1358237998,2,trunk,123.3414469,41.8609721
1358237998,3,trunk,123.3415838,41.860838
1358237998,4,trunk,123.3417223,41.8606904
1358237998,5,trunk,123.341834,41.8605549
1358237998,6,trunk,123.3419318,41.8604097
1358237998,7,trunk,123.3420203,41.8602615
1358237998,8,trunk,123.3420838,41.8601265
1358237998,9,trunk,123.3421604,41.8599347
1358237998,10,trunk,123.3422074,41.8597814
1358237998,11,trunk,123.3422601,41.8595817
1358237998,12,trunk,123.3423897,41.8588539
1358237998,13,trunk,123.3425095,41.8583722
1358237998,14,trunk,123.3425975,41.8580944
1358237998,15,trunk,123.3426983,41.8578214
1358237998,16,trunk,123.3427844,41.8575969
1358237998,17,trunk,123.3428465,41.857459
1358237998,18,trunk,123.3430266,41.85709
1358237998,19,trunk,123.3431678,41.8568225
1358237998,20,trunk,123.3433201,41.8565559
1358237998,21,trunk,123.3433896,41.8564518
1358237998,22,trunk,123.3435367,41.8562229
1358237998,23,trunk,123.3438162,41.855831
1358237998,24,trunk,123.3440164,41.8555777
1358237998,25,trunk,123.3442273,41.8553302
1358237998,26,trunk,123.3450489,41.8544476
1358237998,27,trunk,123.3456436,41.8538131
1358237998,28,trunk,123.3480294,41.851283
1358237998,29,trunk,123.3484553,41.8508184
1358237998,30,trunk,123.3493425,41.8498893
1358237998,31,trunk,123.3496079,41.8495543
1358237998,32,trunk,123.3503111,41.8488112
1358237998,33,trunk,123.350912,41.8482075
1358237998,34,trunk,123.3514453,41.8476184
1358237998,35,trunk,123.3515195,41.8475284
1358237998,36,trunk,123.3519472,41.8470524
1358237998,37,trunk,123.3524841,41.8464292
1358237998,38,trunk,123.3531791,41.8456387
1358237998,39,trunk,123.3536907,41.8450468
1358237998,40,trunk,123.3538816,41.8448233
1358237998,41,trunk,123.3542935,41.8442711
1358237998,42,trunk,123.3546294,41.8437493
1408645449,0,primary,123.3839705,41.7836092
1408645449,1,primary,123.3827062,41.7841501
1408645450,0,primary,123.3824936,41.7838756
1408645450,1,primary,123.3837749,41.7833362
1408645451,0,primary,123.3819613,41.7840996
1408645451,1,primary,123.3824936,41.7838756
1408645452,0,primary,123.3827062,41.7841501
1408645452,1,primary,123.3821744,41.7843776
1411166225,0,primary,123.32639,41.8658377
1411166225,1,primary,123.3252912,41.8655998
1411166225,2,primary,123.3234661,41.8652079
1411166225,3,primary,123.3223114,41.8650413
1411166225,4,primary,123.3213126,41.8648323
1411166226,0,primary,123.3213126,41.8648323
1411166226,1,primary,123.3224294,41.8649974
1411166226,2,primary,123.3228688,41.8650485
1411166226,3,primary,123.3232617,41.8650976
1411166226,4,primary,123.323611,41.8651556
1411166226,5,primary,123.3249244,41.8654399
1411166226,6,primary,123.326415,41.8657624
1421922030,0,primary,123.3632498,41.6431418
1421922030,1,primary,123.3634019,41.642554
1421922030,2,primary,123.3652717,41.6355954
1421922030,3,primary,123.3655049,41.6346161
1421922030,4,primary,123.3660754,41.6324346
1421922030,5,primary,123.3661824,41.6321424
1421922030,6,primary,123.3662975,41.6316971
1421922030,7,primary,123.3663233,41.6315974
1421922030,8,primary,123.3663343,41.6314367
1421922031,0,primary,123.3664456,41.6314401
1421922031,1,primary,123.3664259,41.6316004
1421922031,2,primary,123.3664015,41.6316993
1421922031,3,primary,123.3662839,41.6321384
1421922031,4,primary,123.366179,41.6324447
1421922031,5,primary,123.3657163,41.6342729
1421922031,6,primary,123.3653635,41.635594
1421922031,7,primary,123.3635487,41.6425636
1421922031,8,primary,123.3634064,41.6430923
1421922032,0,primary,123.3634064,41.6430923
1421922032,1,primary,123.3633104,41.6434491
1421922033,0,primary,123.3631567,41.6435016
1421922033,1,primary,123.3632498,41.6431418
1421922034,0,primary,123.3633104,41.6434491
1421922034,1,primary,123.363099,41.6442345
1421922035,0,primary,123.3629527,41.6442896
1421922035,1,primary,123.3631567,41.6435016
1421922036,0,primary,123.3628826,41.6445606
1421922036,1,primary,123.3629527,41.6442896
1421922037,0,primary,123.363099,41.6442345
1421922037,1,primary,123.363022,41.6445205
1429031952,0,primary,123.304738,41.6875901
1429031952,1,primary,123.3050245,41.6875896
1429031953,0,primary,123.2995301,41.6876031
1429031953,1,primary,123.2998146,41.6875992
1429031953,2,primary,123.304738,41.6875901
1429031954,0,primary,123.3047983,41.6877271
1429031954,1,primary,123.2998223,41.687744
1429031954,2,primary,123.2995326,41.6877424
1429031955,0,primary,123.3050619,41.687726
1429031955,1,primary,123.3047983,41.6877271
1437135736,0,primary,123.4461744,41.8117458
1437135736,1,primary,123.4460352,41.8114568
1437135736,2,primary,123.4459995,41.8105254
1437135736,3,primary,123.445997,41.8104585
1437135737,0,primary,123.4367111,41.7749801
1437135737,1,primary,123.436706,41.7749343
1437135737,2,primary,123.4365807,41.7721196
1437135737,3,primary,123.4364174,41.7688868
1437135739,0,primary,123.4332555,41.7688865
1437135739,1,primary,123.4329445,41.7689721
1437135740,0,primary,123.4296638,41.7687399
1437135740,1,primary,123.4296957,41.7687781
1437135740,2,primary,123.4297334,41.7688662
1437135740,3,primary,123.4297405,41.7689586
1437135740,4,primary,123.4297292,41.7690187
1437135740,5,primary,123.4297111,41.7690617
1437135740,6,primary,123.4296822,41.7691037
1437135740,7,primary,123.4296549,41.769142
1437135742,0,primary,123.4287906,41.7687922
1437135742,1,primary,123.4288346,41.7687304
1437135742,2,primary,123.4288935,41.7686759
1437135742,3,primary,123.4289651,41.7686307
1437135743,0,primary,123.4290008,41.7657659
1437135743,1,primary,123.4289177,41.7652435
1437155161,0,primary,123.4338204,41.7201725
1437155161,1,primary,123.4338003,41.7200812
1437155161,2,primary,123.4337802,41.7199858
1437155161,3,primary,123.4337699,41.7197886
1437155161,4,primary,123.433858,41.7192552
1437155162,0,primary,123.4339901,41.7192917
1437155162,1,primary,123.4339187,41.7197958
1437155162,2,primary,123.4339312,41.7199769
1437155162,3,primary,123.4339421,41.7200694
1437155162,4,primary,123.433961,41.7201559
1437155163,0,primary,123.4341614,41.7174359
1437155163,1,primary,123.4341882,41.7177159
1437155163,2,primary,123.4341884,41.7179256
1437155164,0,primary,123.4340589,41.7178743
1437155164,1,primary,123.434057,41.7177079
1437155164,2,primary,123.4340285,41.7174426
1441496765,0,primary,123.4137732,41.6644742
1441496765,1,primary,123.4137426,41.6641943
1441496765,2,primary,123.4137287,41.6640722
1441496765,3,primary,123.4136841,41.6636639
1441496765,4,primary,123.4132185,41.659399
1441496765,5,primary,123.413046,41.6579616
1441496765,6,primary,123.4129097,41.6568573
1441496767,0,primary,123.4130598,41.656134
1441496767,1,primary,123.4130773,41.6562507
1441496767,2,primary,123.4130839,41.656307
1441496767,3,primary,123.4130973,41.6563875
1441496767,4,primary,123.4130998,41.6564028
1441496767,5,primary,123.4131093,41.6565432
1441496767,6,primary,123.4131777,41.6570887
1441496767,7,primary,123.4132902,41.6580336
1441496767,8,primary,123.4133776,41.6589445
1441496767,9,primary,123.4134198,41.6593847
1441496767,10,primary,123.4138766,41.6634282
1441496767,11,primary,123.4139025,41.6636559
1441496767,12,primary,123.4139498,41.6640708
1441496789,0,primary,123.3755875,41.6699639
1441496789,1,primary,123.3755457,41.6699069
1441496789,2,primary,123.3754359,41.6697573
1441496789,3,primary,123.3751328,41.6693654
1441496789,4,primary,123.3742093,41.6680773
1441496789,5,primary,123.3739933,41.6677912
1441496789,6,primary,123.3737801,41.6675048
1441496789,7,primary,123.3736624,41.6673508
1441496789,8,primary,123.3735201,41.6671783
1441496789,9,primary,123.3733759,41.6670285
1441496789,10,primary,123.3731721,41.6668354
1441496789,11,primary,123.3730303,41.6666988
1441496789,12,primary,123.3729188,41.666605
1441496789,13,primary,123.372794,41.6665164
1441496789,14,primary,123.3726691,41.6664279
1441496791,0,primary,123.3733406,41.6667317
1441496791,1,primary,123.3735218,41.6669238
1441496791,2,primary,123.3736096,41.6670297
1441496791,3,primary,123.3737197,41.6671593
1441496791,4,primary,123.3752396,41.6691797
1441496791,5,primary,123.3754825,41.6695061
1441496791,6,primary,123.375614,41.6696811
1441496791,7,primary,123.3757671,41.6698848
1441496791,8,primary,123.3759223,41.6700848
1441496791,9,primary,123.3759932,41.6701805
1441496791,10,primary,123.3760836,41.6703012
1441496791,11,primary,123.376394,41.6707214
1441496791,12,primary,123.3769544,41.6714743
1441496804,0,primary,123.3251783,41.6425119
1441496804,1,primary,123.3250532,41.6429698
1441496804,2,primary,123.3250266,41.643078
1441496804,3,primary,123.3241579,41.6462026
1441496804,4,primary,123.3241294,41.646302
1441496804,5,primary,123.3236612,41.6480688
1441496805,0,primary,123.3234362,41.648419
1441496805,1,primary,123.3235049,41.6481382
1441496805,2,primary,123.3239722,41.646283
1441496805,3,primary,123.3249487,41.6426479
1441496805,4,primary,123.3249952,41.6424713
1441496829,0,primary,123.339054,41.6635205
1441496829,1,primary,123.3402133,41.6636998
1441496829,2,primary,123.3417485,41.6639219
1441496829,3,primary,123.3429732,41.6641062
1441496829,4,primary,123.3433041,41.6641539
1441496830,0,primary,123.3432773,41.6642551
1441496830,1,primary,123.3429982,41.6642133
1441496830,2,primary,123.3417216,41.6640222
1441496830,3,primary,123.3401879,41.6637897
1441496830,4,primary,123.3390273,41.6636187
1441496830,5,primary,123.3389676,41.6636099
1441496835,0,primary,123.4290886,41.7648883
1441496835,1,primary,123.4290799,41.7651957
1441496835,2,primary,123.4291037,41.7657571
1441496836,0,primary,123.4289651,41.7686307
1441496836,1,primary,123.429104,41.7685805
1441496836,2,primary,123.429257,41.7685647
1441496836,3,primary,123.429409,41.7685849
1441496836,4,primary,123.4295452,41.7686391
1441496837,0,primary,123.4295452,41.7686391
1441496837,1,primary,123.4296319,41.7687017
1441496837,2,primary,123.4296638,41.7687399
1441496838,0,primary,123.4326265,41.7686698
1441496838,1,primary,123.4328288,41.7686979
1441496838,2,primary,123.4332021,41.7687662
1441496839,0,primary,123.4366366,41.768627
1441496839,1,primary,123.4366363,41.7686932
1441496839,2,primary,123.4366426,41.7687961
1441496839,3,primary,123.4366471,41.7688814
1441496839,4,primary,123.4367805,41.7718078
1441496839,5,primary,123.4368505,41.7734264
1441496839,6,primary,123.4369386,41.7749318
1441496839,7,primary,123.4369424,41.7749785
1441496842,0,primary,123.4462391,41.8083006
1441496842,1,primary,123.4458316,41.8083104
1441496842,2,primary,123.4445202,41.8083557
1441496842,3,primary,123.4427573,41.8083882
1441496842,4,primary,123.4409975,41.8084385
1441496842,5,primary,123.4404796,41.8084533
1441496842,6,primary,123.4391055,41.8084792
1441496842,7,primary,123.438795,41.8084652
1441496842,8,primary,123.4384824,41.8084156
1441496842,9,primary,123.4378764,41.8083106
1441496842,10,primary,123.4364785,41.8080597
1441496843,0,primary,123.4462391,41.8083006
1441496843,1,primary,123.44635,41.8105029
1441496843,2,primary,123.4463728,41.8111396
1441496843,3,primary,123.4463697,41.8113909
1441496843,4,primary,123.4463361,41.8116422
1441496844,0,primary,123.4364785,41.8080597
1441496844,1,primary,123.4363383,41.8080298
1441837614,0,primary,123.3509914,41.6647591
1441837614,1,primary,123.3502923,41.6649099
1441837614,2,primary,123.3498254,41.6650065
1441837614,3,primary,123.3496736,41.6650336
1441837614,4,primary,123.3495702,41.6650461
1441837614,5,primary,123.3494577,41.6650559
1441837614,6,primary,123.3492963,41.6650663
1441837614,7,primary,123.3491072,41.6650666
1441837614,8,primary,123.3489262,41.6650562
1441837614,9,primary,123.3485055,41.6650085
1441837615,0,primary,123.3485291,41.6649348
1441837615,1,primary,123.3488328,41.6649767
1441837615,2,primary,123.3489964,41.6649914
1441837615,3,primary,123.3491845,41.6649989
1441837615,4,primary,123.3494372,41.6649898
1441837615,5,primary,123.3495955,41.6649758
1441837615,6,primary,123.3497594,41.6649529
1441837615,7,primary,123.3498804,41.6649295
1441837615,8,primary,123.3500084,41.6649041
1441837615,9,primary,123.3502907,41.664843
1441837615,10,primary,123.3509174,41.6647
1441837618,0,primary,123.3389676,41.6636099
1441837618,1,primary,123.3380046,41.663467
1441837618,2,primary,123.3369947,41.663315
1441837618,3,primary,123.3365792,41.6632524
1441837618,4,primary,123.3351698,41.6630405
1441837618,5,primary,123.334153,41.6628877
1441837618,6,primary,123.3340393,41.6628706
1441837620,0,primary,123.3336459,41.6628157
1441837620,1,primary,123.3333067,41.6627675
1441837621,0,primary,123.3340393,41.6628706
1441837621,1,primary,123.3336459,41.6628157
1441837622,0,primary,123.33418,41.6627919
1441837622,1,primary,123.336605,41.663155
1441837622,2,primary,123.3367578,41.6631778
1441837622,3,primary,123.3387827,41.6634797
1441837622,4,primary,123.3389942,41.6635113
1441837622,5,primary,123.339054,41.6635205
1441837623,0,primary,123.3333404,41.6626655
1441837623,1,primary,123.3336456,41.6627141
1442456004,0,primary,123.3336456,41.6627141
1442456004,1,primary,123.3340663,41.6627749
1442456004,2,primary,123.33418,41.6627919
1443534387,0,trunk,123.540071,41.7984331
1443534387,1,trunk,123.5407038,41.798754
1446041984,0,trunk,123.387399,41.7591696
1446041984,1,trunk,123.3869808,41.758951
1446041984,2,trunk,123.3861011,41.7586227
1446041987,0,primary,123.3010248,41.7250623
1446041987,1,primary,123.3001263,41.7246039
1446041987,2,primary,123.2997078,41.7244097
1446041987,3,primary,123.2994504,41.7242956
1446041987,4,primary,123.2992653,41.7242215
1446041987,5,primary,123.2990668,41.7241494
1446041987,6,primary,123.2988603,41.7240834
1446041987,7,primary,123.2986591,41.7240213
1446041987,8,primary,123.2983211,41.7239372
1446041987,9,primary,123.2980636,41.7238832
1446041987,10,primary,123.2978732,41.7238471
1446041987,11,primary,123.2976452,41.7238151
1446041987,12,primary,123.2972813,41.7237723
1446041987,13,primary,123.2969638,41.7237479
1446041987,14,primary,123.2966649,41.723741
1446041987,15,primary,123.2963691,41.7237437
1446041988,0,primary,123.3394219,41.7434159
1446041988,1,primary,123.3382334,41.7430591
1446041988,2,primary,123.3377132,41.7429007
1446041988,3,primary,123.3367859,41.7426393
1446041988,4,primary,123.336347,41.7425099
1446041988,5,primary,123.3360285,41.7424122
1446041988,6,primary,123.33571,41.7423039
1446041988,7,primary,123.3354339,41.7422062
1446041988,8,primary,123.3352322,41.7421349
1446041988,9,primary,123.3347969,41.7419606
1446041988,10,primary,123.334581,41.7418708
1446041988,11,primary,123.3343191,41.7417573
1446041989,0,primary,123.3335865,41.7414007
1446041989,1,primary,123.3333423,41.7412819
1446041989,2,primary,123.3325955,41.7409069
1446041989,3,primary,123.329842,41.7395231
1446041989,4,primary,123.328962,41.7391341
1446041989,5,primary,123.3282979,41.7388406
1446041990,0,primary,123.3343191,41.7417573
1446041990,1,primary,123.3335865,41.7414007
1446041991,0,primary,123.3336631,41.7413368
1446041991,1,primary,123.3343684,41.7416811
1446041992,0,primary,123.3343684,41.7416811
1446041992,1,primary,123.3345717,41.7417736
1446041992,2,primary,123.334777,41.7418631
1446041992,3,primary,123.3349193,41.7419223
1446041992,4,primary,123.3351206,41.7420027
1446041992,5,primary,123.3354458,41.7421255
1446041992,6,primary,123.3357365,41.7422317
1446041992,7,primary,123.3359987,41.7423182
1446041992,8,primary,123.3365374,41.742485
1446041992,9,primary,123.3370781,41.7426382
1446041992,10,primary,123.3378851,41.7428672
1446041992,11,primary,123.3383445,41.7429885
1446041992,12,primary,123.3394846,41.7432924
1446041993,0,primary,123.3281058,41.7385173
1446041993,1,primary,123.3290128,41.7389863
1446041993,2,primary,123.3297289,41.7393726
1446041993,3,primary,123.3310405,41.740029
1446041993,4,primary,123.3326043,41.7408196
1446041993,5,primary,123.3331595,41.7410978
1446041993,6,primary,123.3336631,41.7413368
1446041997,0,primary,123.3135332,41.757859
1446041997,1,primary,123.3174038,41.7547163
1446041997,2,primary,123.3187575,41.753617
1446041997,3,primary,123.3213432,41.75154
1446041997,4,primary,123.3238564,41.7495409
1446041997,5,primary,123.325683,41.748079
1446041997,6,primary,123.3270146,41.7470133
1446041997,7,primary,123.3282038,41.7460654
1446041997,8,primary,123.3304304,41.744287
1446041997,9,primary,123.3317404,41.7432338
1446041997,10,primary,123.3335967,41.7417416
1446041997,11,primary,123.334554,41.7409976
1446041998,0,primary,123.3346516,41.7410664
1446041998,1,primary,123.332377,41.7428986
1446041998,2,primary,123.3320886,41.7431304
1446041998,3,primary,123.3309256,41.744065
1446041998,4,primary,123.3288543,41.7457045
1446041998,5,primary,123.3274923,41.7467889
1446041998,6,primary,123.3271386,41.7470664
1446041998,7,primary,123.3258026,41.748136
1446041998,8,primary,123.3239746,41.7495994
1446041998,9,primary,123.3224825,41.7507857
1446041998,10,primary,123.321336,41.751702
1446041998,11,primary,123.3203737,41.7524692
1446041998,12,primary,123.3167975,41.7553396
1446041998,13,primary,123.3139552,41.7576707
1446041998,14,primary,123.3136387,41.7579268
1446041999,0,primary,123.334554,41.7409976
1446041999,1,primary,123.3348688,41.7407407
1446041999,2,primary,123.3351326,41.7405386
1446041999,3,primary,123.3353725,41.7403454
1446042000,0,primary,123.3355052,41.7404693
1446042000,1,primary,123.3351863,41.7406797
1446042000,2,primary,123.3349622,41.7408365
1446042000,3,primary,123.3346516,41.7410664
1446042004,0,primary,123.3136387,41.7579268
1446042004,1,primary,123.3121423,41.7591236
1446042004,2,primary,123.3117503,41.7594458
1446042005,0,primary,123.3115092,41.7594401
1446042005,1,primary,123.3123163,41.7588335
1446042005,2,primary,123.3135332,41.757859
1447939163,0,trunk,123.5718463,41.8197652
1447939163,1,trunk,123.5734758,41.8202787
1447939193,0,trunk,123.5767176,41.8216572
1447939193,1,trunk,123.5761768,41.8213106
1447939193,2,trunk,123.5756394,41.8210664
1447939193,3,trunk,123.5734166,41.8203841
1447939193,4,trunk,123.5716748,41.8198655
1447939194,0,trunk,123.5734758,41.8202787
1447939194,1,trunk,123.5744255,41.8205667
1447939194,2,trunk,123.5756796,41.8209645
1447939194,3,trunk,123.5760766,41.8211324
1447939194,4,trunk,123.5768257,41.8215879
1447939210,0,trunk,123.5716613,41.8197085
1447939210,1,trunk,123.5718463,41.8197652
1448503873,0,motorway,123.5667494,41.8595229
1448503873,1,motorway,123.559898,41.8588914
1448503873,2,motorway,123.5554334,41.8584401
1448503873,3,motorway,123.5527977,41.858223
1448503874,0,motorway,123.5669601,41.8595423
1448503874,1,motorway,123.5667494,41.8595229
1448503875,0,motorway,123.55281,41.858042
1448503875,1,motorway,123.5554098,41.8582751
1448503875,2,motorway,123.560874,41.8588216
1448503875,3,motorway,123.5667716,41.8593878
1448503876,0,motorway,123.5667716,41.8593878
1448503876,1,motorway,123.5669714,41.859407
1448715299,0,primary,123.3249952,41.6424713
1448715299,1,primary,123.3254103,41.6408933
1448715299,2,primary,123.3254358,41.640802
1448715299,3,primary,123.3254562,41.6407293
1448715299,4,primary,123.3258218,41.639422
1448715300,0,primary,123.3259665,41.6394748
1448715300,1,primary,123.3256549,41.6407514
1448715300,2,primary,123.3256378,41.6408214
1448715300,3,primary,123.3256187,41.6408998
1448715300,4,primary,123.3251783,41.6425119
1448715303,0,primary,123.3236612,41.6480688
1448715303,1,primary,123.3235604,41.6484378
1448715303,2,primary,123.3235216,41.6485755
1448715304,0,primary,123.3233997,41.6485597
1448715304,1,primary,123.3234362,41.648419
1449341640,0,primary,123.4125528,41.6461159
1449341640,1,primary,123.4125284,41.6482736
1449341640,2,primary,123.4125248,41.6493603
1449341640,3,primary,123.4125204,41.650485
1449341640,4,primary,123.4125427,41.651367
1449341640,5,primary,123.4125728,41.6517224
1449341640,6,primary,123.4125862,41.651864
1449341640,7,primary,123.4125907,41.6519329
1449341640,8,primary,123.4125996,41.6520369
1449341640,9,primary,123.4126693,41.6526979
1449341640,10,primary,123.4128515,41.6543755
1449341641,0,primary,123.4128794,41.6561419
1449341641,1,primary,123.412806,41.6554149
1449341641,2,primary,123.4127001,41.654339
1449341641,3,primary,123.4124447,41.6520524
1449341641,4,primary,123.4124337,41.6519341
1449341641,5,primary,123.4124261,41.6518662
1449341641,6,primary,123.4124148,41.6517309
1449341641,7,primary,123.4123851,41.6514116
1449341641,8,primary,123.4123599,41.6505698
1449341641,9,primary,123.4123536,41.6485864
1449341641,10,primary,123.4124042,41.6458516
1449341641,11,primary,123.4124031,41.645747
1449341650,0,primary,123.4000717,41.6566301
1449341650,1,primary,123.4016129,41.6565698
1449341650,2,primary,123.4017398,41.6565657
1449341650,3,primary,123.4072696,41.6563559
1449341650,4,primary,123.4107897,41.6562224
1449341650,5,primary,123.4118689,41.6561815
1449341650,6,primary,123.4128794,41.6561419
1449341650,7,primary,123.4130598,41.656134
1449341650,8,primary,123.4139882,41.6560673
1449341650,9,primary,123.4149875,41.655995
1449341650,10,primary,123.4151565,41.6559828
1449341651,0,primary,123.4128515,41.6543755
1449341651,1,primary,123.4129852,41.6556713
1449341651,2,primary,123.4130598,41.656134
1449341653,0,primary,123.4151565,41.6559828
1449341653,1,primary,123.4201132,41.6555952
1449341653,2,primary,123.4207975,41.655538
1449341653,3,primary,123.4236699,41.6554428
1449341653,4,primary,123.4237867,41.6554405
1449341655,0,primary,123.4123649,41.6564239
1449341655,1,primary,123.4120197,41.6564354
1449341655,2,primary,123.4107537,41.6564879
1449341655,3,primary,123.4072811,41.6565959
1449341655,4,primary,123.4018362,41.6567653
1449341655,5,primary,123.40168,41.6567702
1449341655,6,primary,123.4011291,41.6567417
1449341655,7,primary,123.4000721,41.656782
1449341656,0,primary,123.4129097,41.6568573
1449341656,1,primary,123.4128948,41.6565437
1449341656,2,primary,123.4128877,41.6564244
1449341656,3,primary,123.4128841,41.656403
1449341656,4,primary,123.412881,41.6563124
1449341656,5,primary,123.41288,41.6562561
1449341656,6,primary,123.4128794,41.6561419
1449341657,0,primary,123.4236667,41.6556456
1449341657,1,primary,123.420698,41.6557604
1449341657,2,primary,123.418648,41.6559263
1449341657,3,primary,123.4184881,41.6559376
1449341657,4,primary,123.4181943,41.6559618
1449341657,5,primary,123.4152826,41.6562011
1449341657,6,primary,123.4138789,41.6563237
1449341657,7,primary,123.4132767,41.6563704
1449341657,8,primary,123.4131254,41.6563848
1449341657,9,primary,123.4130973,41.6563875
1449341657,10,primary,123.4128841,41.656403
1449341657,11,primary,123.4128509,41.6564044
1449341657,12,primary,123.4127307,41.6564136
1449341657,13,primary,123.4123649,41.6564239
1449341665,0,primary,123.3769544,41.6714743
1449341665,1,primary,123.379473,41.674863
1449341667,0,primary,123.3797721,41.6755715
1449341667,1,primary,123.3797673,41.6755648
1449341667,2,primary,123.3797164,41.6754941
1449341667,3,primary,123.3796778,41.6754441
1449341667,4,primary,123.3795953,41.6753467
1449341667,5,primary,123.379327,41.6750051
1449341667,6,primary,123.3792786,41.6749384
1449341667,7,primary,123.3791098,41.6747059
1449341667,8,primary,123.3786679,41.6740779
1449341667,9,primary,123.3767052,41.6714424
1449341676,0,primary,123.3993937,41.7339017
1449341676,1,primary,123.3988279,41.7352888
1449341676,2,primary,123.3987673,41.7354366
1449341676,3,primary,123.3978791,41.7376154
1449341676,4,primary,123.3969176,41.7401467
1449341676,5,primary,123.3960175,41.7423815
1449341676,6,primary,123.3958871,41.7427285
1449341677,0,primary,123.3958871,41.7427285
1449341677,1,primary,123.3954245,41.7438903
1449341678,0,primary,123.3917031,41.7528294
1449341678,1,primary,123.3917852,41.7526152
1449341678,2,primary,123.3920441,41.7519559
1449341678,3,primary,123.3926741,41.7503517
1449341678,4,primary,123.3928743,41.7498419
1449341678,5,primary,123.3943483,41.7461016
1449341680,0,primary,123.3954245,41.7438903
1449341680,1,primary,123.3950775,41.7447412
1449341680,2,primary,123.3948349,41.7453479
1449341683,0,primary,123.3948349,41.7453479
1449341683,1,primary,123.3945703,41.7460095
1449341687,0,primary,123.3943483,41.7461016
1449341687,1,primary,123.3944006,41.7459657
1449341687,2,primary,123.3944579,41.745819
1455275912,0,trunk,123.5012963,41.8521652
1455275912,1,trunk,123.5012917,41.8522678
1455275912,2,trunk,123.5012966,41.8524438
1455275912,3,trunk,123.501332,41.85271
1455275912,4,trunk,123.5014291,41.8531931
1455275912,5,trunk,123.5014891,41.8534134
1455275912,6,trunk,123.5015569,41.8536188
1455275912,7,trunk,123.5016833,41.8540101
1455275912,8,trunk,123.5019344,41.8547445
1455275912,9,trunk,123.5021885,41.8555063
1455275912,10,trunk,123.5023701,41.8560574
1455275912,11,trunk,123.5024121,41.8561846
1455275912,12,trunk,123.5025763,41.8566483
1455275912,13,trunk,123.5026133,41.8567551
1455275915,0,trunk,123.5293007,41.8932064
1455275915,1,trunk,123.5288562,41.8928325
1455275915,2,trunk,123.5286274,41.8926326
1455275915,3,trunk,123.5284616,41.8924901
1455275915,4,trunk,123.5282771,41.8923058
1455275915,5,trunk,123.528046,41.8920747
1455275915,6,trunk,123.5277424,41.8917479
1455275915,7,trunk,123.5274295,41.8913884
1455275915,8,trunk,123.5269391,41.8908409
1455275915,9,trunk,123.5264301,41.8902635
1455275915,10,trunk,123.5257241,41.8894583
1455275915,11,trunk,123.5251724,41.8888256
1455275916,0,trunk,123.5248302,41.8884517
1455275916,1,trunk,123.5246337,41.8882328
1455275916,2,trunk,123.5244974,41.8880807
1455275916,3,trunk,123.5243479,41.8879268
1455275916,4,trunk,123.5242077,41.8877876
1455275916,5,trunk,123.5240715,41.8876665
1455275916,6,trunk,123.5239577,41.8875591
1455275916,7,trunk,123.5238377,41.8874607
1455275916,8,trunk,123.5236284,41.8872912
1455275916,9,trunk,123.5231669,41.886919
1455275916,10,trunk,123.5230721,41.8868391
1455275917,0,trunk,123.5251724,41.8888256
1455275917,1,trunk,123.5248302,41.8884517
1455805858,0,trunk,123.197352,41.867546
1455805858,1,trunk,123.1984986,41.8671578
1455805858,2,trunk,123.2015209,41.866328
1455805858,3,trunk,123.2028827,41.865949
1455805858,4,trunk,123.2041348,41.8655845
1455805858,5,trunk,123.2076527,41.8645969
1455805858,6,trunk,123.2082939,41.8644253
1455971798,0,primary,123.3028974,41.7149402
1455971798,1,primary,123.3026032,41.715529
1455971798,2,primary,123.3023502,41.716088
1455971798,3,primary,123.3019201,41.7169928
1455971798,4,primary,123.3013343,41.7185206
1455971798,5,primary,123.3011999,41.7189608
1455971798,6,primary,123.3012521,41.7196418
1455971798,7,primary,123.3014029,41.7218433
1455971799,0,primary,123.298252,41.7261287
1455971799,1,primary,123.2985378,41.7257951
1455971799,2,primary,123.2986583,41.7256653
1455971799,3,primary,123.2988169,41.7255022
1455971799,4,primary,123.29903,41.7252985
1455971799,5,primary,123.2993893,41.724978
1455971799,6,primary,123.3002042,41.724251
1455971799,7,primary,123.3004486,41.7240113
1455971799,8,primary,123.300591,41.723868
1455971799,9,primary,123.3007273,41.7237307
1455971799,10,primary,123.3008155,41.7236416
1455971799,11,primary,123.3009138,41.7235249
1455971799,12,primary,123.3010098,41.7233944
1455971799,13,primary,123.3010694,41.72331
1455971799,14,primary,123.3011456,41.7231846
1455971799,15,primary,123.3012083,41.7230706
1455971799,16,primary,123.3012693,41.7229392
1455971799,17,primary,123.3013116,41.7228202
1455971799,18,primary,123.3013457,41.7227041
1455971799,19,primary,123.3013756,41.722559
1455971799,20,primary,123.3013861,41.7223617
1455971799,21,primary,123.3014029,41.7218433
1455971800,0,primary,123.3014029,41.7218433
1455971800,1,primary,123.3014582,41.7223998
1455971800,2,primary,123.3014582,41.7225464
1455971800,3,primary,123.3014529,41.7226336
1455971800,4,primary,123.3014369,41.7227273
1455971800,5,primary,123.3014033,41.7228357
1455971800,6,primary,123.3013608,41.7229519
1455971800,7,primary,123.3012918,41.7230998
1455971800,8,primary,123.301221,41.723224
1455971800,9,primary,123.3011715,41.7233085
1455971800,10,primary,123.3011331,41.7233658
1455971800,11,primary,123.3011202,41.7233851
1455971800,12,primary,123.3010618,41.723463
1455971800,13,primary,123.3007933,41.7237636
1455971800,14,primary,123.3007185,41.7238474
1455971800,15,primary,123.300621,41.7239439
1455971800,16,primary,123.3004212,41.7241419
1455971800,17,primary,123.2998231,41.7246926
1455971800,18,primary,123.2997942,41.7247187
1455971800,19,primary,123.2994659,41.7250153
1455971800,20,primary,123.2992224,41.7252353
1455971800,21,primary,123.2990745,41.7253689
1455971800,22,primary,123.2986162,41.725777
1455971800,23,primary,123.298252,41.7261287
1455971807,0,primary,123.3028974,41.7149402
1455971807,1,primary,123.3032308,41.7141843
1455971808,0,primary,123.3047653,41.7111596
1455971808,1,primary,123.3033357,41.714185
1455971809,0,primary,123.3033357,41.714185
1455971809,1,primary,123.3032856,41.71428
1455971809,2,primary,123.3032116,41.7144019
1455971809,3,primary,123.3028974,41.7149402
1455995776,0,primary,123.3118838,41.6992199
1455995776,1,primary,123.3118467,41.6983793
1455995776,2,primary,123.3118608,41.6977556
1455995776,3,primary,123.3118915,41.6974484
1455995776,4,primary,123.3119318,41.6972058
1455995776,5,primary,123.3120359,41.6967606
1455995776,6,primary,123.3121006,41.6965251
1455995776,7,primary,123.3122267,41.6961423
1455995776,8,primary,123.3123438,41.6958583
1455995776,9,primary,123.3126593,41.6951507
1455995776,10,primary,123.3132748,41.6939113
1456234484,0,primary,123.2687368,41.8490627
1456234484,1,primary,123.2688166,41.849099
1456234484,2,primary,123.2689073,41.8491424
1456234484,3,primary,123.2690671,41.8492055
1456234484,4,primary,123.2693475,41.8493019
1456234484,5,primary,123.2697511,41.8494236
1456234484,6,primary,123.271726,41.8499721
1456234484,7,primary,123.2730971,41.8503508
1456234484,8,primary,123.2753262,41.8509739
1456234484,9,primary,123.2774721,41.8515636
1456234484,10,primary,123.2785233,41.8518596
1456234484,11,primary,123.2797383,41.8521892
1456234484,12,primary,123.2806932,41.852427
1456234484,13,primary,123.2819994,41.8527367
1456234484,14,primary,123.2826619,41.8528805
1456234484,15,primary,123.2835229,41.8530563
1456234484,16,primary,123.2843088,41.8532062
1456234484,17,primary,123.2854353,41.853402
1456234484,18,primary,123.2864063,41.8535758
1456234484,19,primary,123.2871734,41.8537209
1456234484,20,primary,123.2875373,41.8537966
1456234484,21,primary,123.2879947,41.8539056
1456234484,22,primary,123.2883768,41.8539995
1456234484,23,primary,123.2887081,41.8540888
1456234484,24,primary,123.2889948,41.8541706
1456234484,25,primary,123.2892834,41.8542569
1456234484,26,primary,123.2896635,41.8543795
1456234484,27,primary,123.2899176,41.8544628
1456234485,0,primary,123.2898798,41.8545382
1456234485,1,primary,123.2893745,41.8543799
1456234485,2,primary,123.2889986,41.8542651
1456234485,3,primary,123.2886874,41.8541802
1456234485,4,primary,123.2883639,41.854093
1456234485,5,primary,123.2879695,41.853992
1456234485,6,primary,123.2875258,41.8538865
1456234485,7,primary,123.2872516,41.8538268
1456234485,8,primary,123.2868942,41.8537557
1456234485,9,primary,123.2865276,41.8536868
1456234485,10,primary,123.2860993,41.8536088
1456234485,11,primary,123.2849039,41.8534022
1456234485,12,primary,123.283921,41.8532232
1456234485,13,primary,123.2832185,41.8530855
1456234485,14,primary,123.2827533,41.8529892
1456234485,15,primary,123.2823065,41.8528905
1456234485,16,primary,123.2815702,41.8527275
1456234485,17,primary,123.2808708,41.85256
1456234485,18,primary,123.280233,41.8524016
1456234485,19,primary,123.2796877,41.8522617
1456234485,20,primary,123.2791516,41.8521194
1456234485,21,primary,123.2787294,41.8520046
1456234485,22,primary,123.2776511,41.851704
1456234485,23,primary,123.275228,41.8510356
1456234485,24,primary,123.2730262,41.8504265
1456234485,25,primary,123.2695354,41.8494511
1456234485,26,primary,123.2692832,41.8493738
1456234485,27,primary,123.2690894,41.8493112
1456234485,28,primary,123.2689703,41.8492659
1456234485,29,primary,123.2687417,41.8491734
1456234485,30,primary,123.2686533,41.8491373
1456234486,0,primary,123.2899176,41.8544628
1456234486,1,primary,123.2902824,41.8545911
1456234486,2,primary,123.2905814,41.8546979
1456234486,3,primary,123.2908557,41.8548034
1456234486,4,primary,123.2913229,41.8549866
1456234486,5,primary,123.2916042,41.8551078
1456234486,6,primary,123.2919263,41.8552489
1456234486,7,primary,123.292236,41.8553912
1456234486,8,primary,123.2926218,41.8555771
1456234486,9,primary,123.2929686,41.855751
1456234486,10,primary,123.2933225,41.8559382
1456234486,11,primary,123.2935614,41.85607
1456234486,12,primary,123.2938906,41.8562611
1456234486,13,primary,123.2941454,41.8564127
1456234486,14,primary,123.2945931,41.8566855
1456234486,15,primary,123.2949028,41.8568924
1456234486,16,primary,123.2952302,41.8571205
1456234486,17,primary,123.2956796,41.857446
1456234486,18,primary,123.2960512,41.8577281
1456234486,19,primary,123.296368,41.8579838
1456234486,20,primary,123.296575,41.8581617
1456234486,21,primary,123.2968246,41.8583805
1456234486,22,primary,123.2970971,41.8586243
1456234486,23,primary,123.2972864,41.8587996
1456234486,24,primary,123.2974793,41.858992
1456234486,25,primary,123.2976687,41.8591818
1456234486,26,primary,123.2978633,41.8593848
1456234486,27,primary,123.2980208,41.8595548
1456234486,28,primary,123.2982632,41.8598289
1456234486,29,primary,123.2985145,41.8601281
1456234486,30,primary,123.2987552,41.860426
1456234486,31,primary,123.2989215,41.8606434
1456234486,32,primary,123.2991587,41.860969
1456234486,33,primary,123.2993215,41.8612049
1456234486,34,primary,123.2994984,41.861479
1456234486,35,primary,123.2996081,41.861649
1456234486,36,primary,123.2997851,41.8619508
1456234486,37,primary,123.2999727,41.862279
1456234486,38,primary,123.3002631,41.8628515
1456234486,39,primary,123.3004639,41.8632967
1456234486,40,primary,123.3008702,41.8642114
1456234486,41,primary,123.3013628,41.865326
1456234487,0,primary,123.3012512,41.865355
1456234487,1,primary,123.300814,41.8643674
1456234487,2,primary,123.3003994,41.8634258
1456234487,3,primary,123.3002001,41.8629837
1456234487,4,primary,123.3000436,41.8626567
1456234487,5,primary,123.2998993,41.8623751
1456234487,6,primary,123.2996676,41.8619724
1456234487,7,primary,123.2993931,41.8615198
1456234487,8,primary,123.2991614,41.8611671
1456234487,9,primary,123.2988931,41.8607871
1456234487,10,primary,123.2986736,41.8604934
1456234487,11,primary,123.2984439,41.8602072
1456234487,12,primary,123.2982142,41.8599302
1456234487,13,primary,123.2979499,41.8596304
1456234487,14,primary,123.2977202,41.8593882
1456234487,15,primary,123.2974519,41.8591066
1456234487,16,primary,123.2971388,41.8587993
1456234487,17,primary,123.2967831,41.8584753
1456234487,18,primary,123.296466,41.8582012
1456234487,19,primary,123.2960981,41.8578939
1456234487,20,primary,123.2958562,41.8577016
1456234487,21,primary,123.2955472,41.8574654
1456234487,22,primary,123.2950065,41.8570839
1456234487,23,primary,123.2947484,41.8569053
1456234487,24,primary,123.2944292,41.8566963
1456234487,25,primary,123.2939922,41.8564268
1456234487,26,primary,123.2936588,41.8562361
1456234487,27,primary,123.2933214,41.8560438
1456234487,28,primary,123.293051,41.8558969
1456234487,29,primary,123.2927055,41.8557228
1456234487,30,primary,123.2924615,41.8556002
1456234487,31,primary,123.2921668,41.8554609
1456234487,32,primary,123.2918883,41.8553322
1456234487,33,primary,123.2915509,41.8551853
1456234487,34,primary,123.2912563,41.8550607
1456234487,35,primary,123.2908964,41.854918
1456234487,36,primary,123.2905602,41.8547849
1456234487,37,primary,123.2901691,41.8546412
1456234487,38,primary,123.2898798,41.8545382
1456234488,0,primary,123.30273,41.8684388
1456234488,1,primary,123.3027822,41.86855
1456234488,2,primary,123.3032409,41.8695846
1456234488,3,primary,123.3035842,41.8703616
1456234488,4,primary,123.3039168,41.8711166
1456234488,5,primary,123.3043754,41.8721651
1456234488,6,primary,123.3052215,41.8740729
1456234488,7,primary,123.3065156,41.8770117
1456234488,8,primary,123.3076094,41.8794892
1456234488,9,primary,123.3086353,41.8818153
1456234488,10,primary,123.3088427,41.8822944
1456234488,11,primary,123.3090259,41.8827459
1456234488,12,primary,123.3091742,41.8831636
1456234488,13,primary,123.3092982,41.8835692
1456234488,14,primary,123.3093653,41.8838144
1456234488,15,primary,123.3094344,41.8841034
1456234488,16,primary,123.3095157,41.8844863
1456234488,17,primary,123.3095828,41.8848662
1456234488,18,primary,123.3096214,41.8851522
1456234488,19,primary,123.309656,41.8854821
1456234488,20,primary,123.3096824,41.8858377
1456234488,21,primary,123.3096987,41.8862221
1456234488,22,primary,123.3097007,41.8866367
1456234488,23,primary,123.3096885,41.8869515
1456234488,24,primary,123.3096682,41.8873041
1456234488,25,primary,123.3096133,41.8881985
1456234488,26,primary,123.3095088,41.8898355
1456234488,27,primary,123.3094595,41.8906658
1456234488,28,primary,123.3094414,41.8910361
1456234488,29,primary,123.3094374,41.8912161
1456234488,30,primary,123.3094333,41.8913629
1456234488,31,primary,123.3094414,41.8915914
1456234488,32,primary,123.3094577,41.8917745
1456234488,33,primary,123.3094841,41.8919576
1456234488,34,primary,123.309539,41.8921906
1456234488,35,primary,123.3095736,41.8923177
1456234488,36,primary,123.3095839,41.8923515
1456234488,37,primary,123.3096163,41.892457
1456234488,38,primary,123.3096874,41.8926279
1456234488,39,primary,123.3098012,41.8928882
1456234488,40,primary,123.3098805,41.8930425
1456234488,41,primary,123.310037,41.8933195
1456234488,42,primary,123.3101895,41.8935706
1456234488,43,primary,123.3104334,41.8939504
1456234488,44,primary,123.3110819,41.8950278
1456234488,45,primary,123.3116409,41.8959719
1456234488,46,primary,123.3120987,41.8967287
1456234489,0,primary,123.3120162,41.8967885
1456234489,1,primary,123.3114217,41.8958093
1456234489,2,primary,123.3108155,41.894825
1456234489,3,primary,123.3100189,41.8934973
1456234489,4,primary,123.3097936,41.8931039
1456234489,5,primary,123.3096353,41.8928044
1456234489,6,primary,123.3095602,41.8926128
1456234489,7,primary,123.3094798,41.8923891
1456234489,8,primary,123.3094695,41.8923529
1456234489,9,primary,123.3094315,41.8922194
1456234489,10,primary,123.3093886,41.8920477
1456234489,11,primary,123.3093591,41.891878
1456234489,12,primary,123.3093403,41.8916983
1456234489,13,primary,123.3093242,41.8914986
1456234489,14,primary,123.3093188,41.891255
1456234489,15,primary,123.3093269,41.8911133
1456234489,16,primary,123.3093322,41.8909436
1456234489,17,primary,123.309351,41.8906361
1456234489,18,primary,123.3093886,41.8900371
1456234489,19,primary,123.3095093,41.8879505
1456234489,20,primary,123.309571,41.887018
1456234489,21,primary,123.3095844,41.8866366
1456234489,22,primary,123.3095817,41.8862791
1456234489,23,primary,123.309571,41.8859557
1456234489,24,primary,123.3095629,41.885716
1456234489,25,primary,123.309528,41.8853067
1456234489,26,primary,123.3094771,41.8849293
1456234489,27,primary,123.3094315,41.8846517
1456234489,28,primary,123.3093805,41.8843761
1456234489,29,primary,123.3093135,41.8840946
1456234489,30,primary,123.3092491,41.883825
1456234489,31,primary,123.3091525,41.8834636
1456234489,32,primary,123.3090721,41.8832
1456234489,33,primary,123.3089675,41.8829064
1456234489,34,primary,123.3088736,41.8826588
1456234489,35,primary,123.3087481,41.882357
1456234489,36,primary,123.308659,41.8821416
1456234489,37,primary,123.3085464,41.88188
1456234489,38,primary,123.3082889,41.8812989
1456234489,39,primary,123.3079069,41.8804336
1456234489,40,primary,123.3072531,41.8789628
1456234489,41,primary,123.3066927,41.8776711
1456234489,42,primary,123.3061953,41.8765462
1456234489,43,primary,123.3056373,41.8752944
1456234489,44,primary,123.3052357,41.8743746
1456234489,45,primary,123.3047616,41.8733088
1456234489,46,primary,123.3043227,41.8723073
1456234489,47,primary,123.3038884,41.871325
1456234489,48,primary,123.3032906,41.8699739
1456234489,49,primary,123.3027909,41.868842
1456234489,50,primary,123.3026291,41.8684701
1456234490,0,primary,123.3013628,41.865326
1456234490,1,primary,123.3016252,41.8659226
1456234490,2,primary,123.3022243,41.8672816
1456234490,3,primary,123.3025937,41.8681277
1456234491,0,primary,123.3025937,41.8681277
1456234491,1,primary,123.30273,41.8684388
1456234492,0,primary,123.3122451,41.8969723
1456234492,1,primary,123.3123112,41.8970797
1456234492,2,primary,123.3124275,41.8972686
1456234492,3,primary,123.3130089,41.8982249
1456234492,4,primary,123.3136904,41.8993516
1456234492,5,primary,123.3137521,41.8994536
1456234492,6,primary,123.3138922,41.8997021
1456234492,7,primary,123.3139553,41.899829
1456234492,8,primary,123.314002,41.8999628
1456234492,9,primary,123.3140305,41.9000751
1456234492,10,primary,123.314049,41.9001841
1456234492,11,primary,123.3140551,41.9002655
1456234492,12,primary,123.3140582,41.9003939
1456234492,13,primary,123.3140536,41.9005074
1456234492,14,primary,123.3140444,41.9005636
1456234492,15,primary,123.3140305,41.9006026
1456234492,16,primary,123.3140098,41.9006322
1456234492,17,primary,123.3139351,41.9007127
1456234493,0,primary,123.3120987,41.8967287
1456234493,1,primary,123.3122451,41.8969723
1456234494,0,primary,123.3024951,41.8681781
1456234494,1,primary,123.3019545,41.8669427
1456234494,2,primary,123.3015236,41.8659665
1456234494,3,primary,123.3012512,41.865355
1456234495,0,primary,123.3026291,41.8684701
1456234495,1,primary,123.3024951,41.8681781
1456234496,0,primary,123.3138153,41.9006563
1456234496,1,primary,123.3138902,41.9005761
1456234496,2,primary,123.3139135,41.9005469
1456234496,3,primary,123.3139296,41.900509
1456234496,4,primary,123.3139456,41.900463
1456234496,5,primary,123.3139456,41.9003333
1456234496,6,primary,123.3139403,41.9002135
1456234496,7,primary,123.3139269,41.9000977
1456234496,8,primary,123.3138866,41.8999619
1456234496,9,primary,123.3138357,41.8998322
1456234496,10,primary,123.3137659,41.8996984
1456234496,11,primary,123.3136485,41.8994932
1456234496,12,primary,123.3136426,41.8994828
1456234496,13,primary,123.3128915,41.898241
1456234496,14,primary,123.3124758,41.8975542
1456234496,15,primary,123.3121582,41.8970293
1456234497,0,primary,123.3121582,41.8970293
1456234497,1,primary,123.3120162,41.8967885
1456805596,0,primary,123.326415,41.8657624
1456805596,1,primary,123.3282557,41.8661533
1456805596,2,primary,123.3285951,41.8662222
1456805596,3,primary,123.3288526,41.8662676
1456805596,4,primary,123.3290719,41.8662976
1456805596,5,primary,123.3293468,41.8663202
1456805596,6,primary,123.3296419,41.8663298
1456805596,7,primary,123.3299304,41.8663291
1456805596,8,primary,123.330149,41.8663196
1456805596,9,primary,123.3303934,41.8663015
1456805596,10,primary,123.3305893,41.8662779
1456805596,11,primary,123.3308285,41.866241
1456805596,12,primary,123.3310604,41.8661981
1456805596,13,primary,123.3312666,41.8661533
1456805596,14,primary,123.3314156,41.8661161
1456805596,15,primary,123.3316956,41.8660302
1456805596,16,primary,123.3319282,41.865946
1456805596,17,primary,123.3322016,41.8658332
1456805596,18,primary,123.3326089,41.8656394
1456805596,19,primary,123.3343679,41.8647269
1456805596,20,primary,123.3368502,41.8634608
1456806671,0,trunk,123.3411061,41.8613437
1456806671,1,trunk,123.3409792,41.8614238
1456806671,2,trunk,123.3405389,41.8616518
1456806671,3,trunk,123.3397442,41.8620631
1456806671,4,trunk,123.3389787,41.8624586
1456806671,5,trunk,123.3379579,41.862975
1456806671,6,trunk,123.3368227,41.8635686
1456806671,7,trunk,123.3366784,41.863644
1456806672,0,trunk,123.3368502,41.8634608
1456806672,1,trunk,123.338347,41.8626834
1456806672,2,trunk,123.3404519,41.8616019
1456806672,3,trunk,123.3407311,41.8614566
1456806672,4,trunk,123.3409388,41.8613457
1456806672,5,trunk,123.3410692,41.861262
1458126641,0,trunk,123.5000589,41.7283688
1458126641,1,trunk,123.5002252,41.7278603
1458126642,0,trunk,123.5071524,41.7190668
1458126642,1,trunk,123.5070216,41.7191661
1458126642,2,trunk,123.5068815,41.7192759
1458126642,3,trunk,123.5067204,41.7194153
1458126642,4,trunk,123.5066223,41.7195112
1458126642,5,trunk,123.5065126,41.719621
1458126642,6,trunk,123.5064005,41.7197534
1458126642,7,trunk,123.506258,41.7199312
1458126642,8,trunk,123.5054058,41.7210066
1458126642,9,trunk,123.5050466,41.7214604
1458126642,10,trunk,123.5047216,41.721871
1458126642,11,trunk,123.5035471,41.7233297
1458126642,12,trunk,123.5031701,41.7237897
1458126642,13,trunk,123.5027118,41.7243487
1458126642,14,trunk,123.5020933,41.725125
1458126642,15,trunk,123.5016024,41.7257315
1458126642,16,trunk,123.5014151,41.7259583
1458126642,17,trunk,123.501404,41.7259718
1458126642,18,trunk,123.5013128,41.7260899
1458126642,19,trunk,123.5011706,41.726286
1458126642,20,trunk,123.5010928,41.7264022
1458126642,21,trunk,123.501007,41.7265443
1458126642,22,trunk,123.5009104,41.7267224
1458126642,23,trunk,123.5008166,41.7269166
1458126647,0,trunk,123.500237,41.7283693
1458126647,1,trunk,123.5002077,41.72846
1458126647,2,trunk,123.5001031,41.7288403
1458126647,3,trunk,123.4998805,41.729623
1458126647,4,trunk,123.499363,41.731212
1458126647,5,trunk,123.4992085,41.7316865
1458126648,0,trunk,123.5003969,41.7279013
1458126648,1,trunk,123.500237,41.7283693
1458128277,0,trunk,123.5006018,41.7273974
1458128277,1,trunk,123.5005537,41.7275051
1458128277,2,trunk,123.5004464,41.7277694
1458128277,3,trunk,123.5003969,41.7279013
1458128278,0,trunk,123.5008166,41.7269166
1458128278,1,trunk,123.5006018,41.7273974
1458536131,0,primary,123.4453009,41.727012
1458536131,1,primary,123.4446909,41.7285157
1458536131,2,primary,123.4441185,41.7299753
1458536131,3,primary,123.4439614,41.7303552
1458536131,4,primary,123.4438534,41.7305522
1458536131,5,primary,123.4437593,41.7306708
1458536131,6,primary,123.4436605,41.7307685
1458536131,7,primary,123.4435799,41.7308288
1458536131,8,primary,123.4434847,41.7308916
1458536131,9,primary,123.4433614,41.7309535
1458536131,10,primary,123.4432316,41.7310107
1458536131,11,primary,123.4429483,41.731133
1458536131,12,primary,123.4423732,41.7313777
1458536131,13,primary,123.4422268,41.7314384
1458536160,0,trunk,123.4646157,41.6378147
1458536160,1,trunk,123.4575858,41.6332434
1458536160,2,trunk,123.4561967,41.6323047
1458536160,3,trunk,123.4546292,41.6312906
1458536161,0,trunk,123.4547716,41.6311974
1458536161,1,trunk,123.4577038,41.6331392
1458536161,2,trunk,123.4647316,41.6377091
1458536162,0,trunk,123.4647316,41.6377091
1458536162,1,trunk,123.4675371,41.6395288
1458536162,2,trunk,123.4685627,41.6401927
1458536163,0,trunk,123.4684054,41.6403207
1458536163,1,trunk,123.4673334,41.6396114
1458536163,2,trunk,123.4646157,41.6378147
1458968753,0,trunk,123.4409166,41.6222328
1458968753,1,trunk,123.437861,41.6202038
1458968754,0,trunk,123.4379997,41.620089
1458968754,1,trunk,123.4411023,41.6221441
1483883568,0,primary,123.2623439,41.7162392
1483883568,1,primary,123.2637775,41.7183617
1483883568,2,primary,123.2642483,41.7190485
1483883568,3,primary,123.2645102,41.7194342
1483883568,4,primary,123.2647367,41.7197353
1483883568,5,primary,123.2649201,41.7199657
1483883568,6,primary,123.2649715,41.7200232
1483883569,0,primary,123.2648378,41.7200792
1483883569,1,primary,123.2646622,41.7198539
1483883569,2,primary,123.2644496,41.719571
1483883569,3,primary,123.264237,41.7192812
1483883569,4,primary,123.2640552,41.7190099
1483883569,5,primary,123.2636239,41.7183797
1483883569,6,primary,123.26306,41.7175518
1483883569,7,primary,123.2622127,41.7162869
1483883570,0,primary,123.2622127,41.7162869
1483883570,1,primary,123.2612361,41.7148495
1483883570,2,primary,123.2604955,41.7137803
1483883571,0,primary,123.2606321,41.7136741
1483883571,1,primary,123.261424,41.7148886
1483883571,2,primary,123.2623439,41.7162392
1483883572,0,primary,123.2649715,41.7200232
1483883572,1,primary,123.2650808,41.7201463
1483883572,2,primary,123.2652963,41.7203784
1483883572,3,primary,123.2655117,41.7205969
1483883572,4,primary,123.2657435,41.7208199
1483883572,5,primary,123.2660138,41.7210642
1483883572,6,primary,123.2665118,41.7215057
1483883572,7,primary,123.2670634,41.7219929
1483883573,0,primary,123.2668862,41.722046
1483883573,1,primary,123.2662151,41.7214223
1483883573,2,primary,123.2658898,41.7211279
1483883573,3,primary,123.2656195,41.7208821
1483883573,4,primary,123.2654162,41.7206879
1483883573,5,primary,123.2651906,41.7204603
1483883573,6,primary,123.2650625,41.7203177
1483883573,7,primary,123.2648378,41.7200792
1526444079,0,motorway,123.2735372,41.8248124
1526444079,1,motorway,123.2736184,41.8250088
1526444079,2,motorway,123.2744974,41.826525
1526444079,3,motorway,123.2756145,41.8281042
1526444080,0,motorway,123.2753353,41.8281193
1526444080,1,motorway,123.2742536,41.8266193
1526444080,2,motorway,123.2733435,41.8250587
1526444080,3,motorway,123.2732437,41.8248291
1526444081,0,motorway,123.2732437,41.8248291
1526444081,1,motorway,123.2730473,41.824377
1526444082,0,motorway,123.2733438,41.8243451
1526444082,1,motorway,123.2735372,41.8248124
1533426992,0,primary,123.3767052,41.6714424
1533426992,1,primary,123.3762628,41.6708686
1533426992,2,primary,123.3759005,41.6703804
1533426992,3,primary,123.3757426,41.6701638
1533426992,4,primary,123.3755875,41.6699639
